experiment,instance,algorithm,seed,max_evaluations,n,m,instance_sha256,attempts,feasible_evaluations,rejected_evaluations,rejection_rate,post_search_validations,independent_front_revalidations,elapsed_seconds,ms_per_attempt,front_size,cmax_min,tec_min_exact,tec_min,allocations,orders,modes,waits,hv,igd_plus,reference_type,reference_source,result_file
A,data/input/set2/250_10_1439_5_S_1-9.dat,vns_vnd,101,8000,250,10,9b1e592319e4dcdc8df7c50abe2b11aba12ca2ab27fd528ac1d0a262c02ca62c,8000,5089,2911,0.363875,0,5,18.660024436999265,2.332503054624908,5,1425,405384241273/60000000,6756.4040212166665,2,2,5,2,0.05398531626260588,0.8650492635789623,empirical,empirical_reference_fronts/A__250_10_1439_5_S_1-9.json,runs/A__250_10_1439_5_S_1-9__vns_vnd__b8000__s101.json
A,data/input/set2/250_10_1439_5_S_1-9.dat,spea2,101,8000,250,10,9b1e592319e4dcdc8df7c50abe2b11aba12ca2ab27fd528ac1d0a262c02ca62c,8000,8000,0,0.0,50,22,37.300179010999955,4.662522376374994,22,361,25563195763/15000000,1704.2130508666667,10,22,21,4,0.9374321424107019,0.0037833034863781717,empirical,empirical_reference_fronts/A__250_10_1439_5_S_1-9.json,runs/A__250_10_1439_5_S_1-9__spea2__b8000__s101.json
A,data/input/set2/250_10_1439_5_S_1-9.dat,moead,101,8000,250,10,9b1e592319e4dcdc8df7c50abe2b11aba12ca2ab27fd528ac1d0a262c02ca62c,8000,8000,0,0.0,50,7,32.352388915000006,4.044048614375001,7,371,53882418853/30000000,1796.0806284333332,5,6,7,2,0.9267736634762097,0.00878345422083123,empirical,empirical_reference_fronts/A__250_10_1439_5_S_1-9.json,runs/A__250_10_1439_5_S_1-9__moead__b8000__s101.json
A,data/input/set2/250_10_1439_5_S_1-9.dat,spea2,211,8000,250,10,9b1e592319e4dcdc8df7c50abe2b11aba12ca2ab27fd528ac1d0a262c02ca62c,8000,8000,0,0.0,50,12,41.32890232700004,5.166112790875005,12,359,25500213581/15000000,1700.0142387333333,6,12,11,2,0.9392440279221301,0.0017907371125879291,empirical,empirical_reference_fronts/A__250_10_1439_5_S_1-9.json,runs/A__250_10_1439_5_S_1-9__spea2__b8000__s211.json
A,data/input/set2/250_10_1439_5_S_1-9.dat,moead,211,8000,250,10,9b1e592319e4dcdc8df7c50abe2b11aba12ca2ab27fd528ac1d0a262c02ca62c,8000,8000,0,0.0,50,12,38.775711441,4.846963930125,12,372,60860657383/30000000,2028.6885794333334,7,11,12,3,0.9196155958077116,0.014435337978089774,empirical,empirical_reference_fronts/A__250_10_1439_5_S_1-9.json,runs/A__250_10_1439_5_S_1-9__moead__b8000__s211.json
A,data/input/set2/250_10_1439_5_S_1-9.dat,vns_vnd,211,8000,250,10,9b1e592319e4dcdc8df7c50abe2b11aba12ca2ab27fd528ac1d0a262c02ca62c,8000,4004,3996,0.4995,0,2,16.549102925000057,2.068637865625007,2,1436,216294190423/30000000,7209.806347433333,2,2,2,2,0.04560423152429075,0.8753549942850583,empirical,empirical_reference_fronts/A__250_10_1439_5_S_1-9.json,runs/A__250_10_1439_5_S_1-9__vns_vnd__b8000__s211.json
A,data/input/set2/250_10_1439_5_S_1-9.dat,moead,307,8000,250,10,9b1e592319e4dcdc8df7c50abe2b11aba12ca2ab27fd528ac1d0a262c02ca62c,8000,8000,0,0.0,50,9,33.26760681799999,4.158450852249999,9,374,38432867011/20000000,1921.64335055,5,8,9,2,0.9209205414079367,0.01199574947309427,empirical,empirical_reference_fronts/A__250_10_1439_5_S_1-9.json,runs/A__250_10_1439_5_S_1-9__moead__b8000__s307.json
A,data/input/set2/250_10_1439_5_S_1-9.dat,vns_vnd,307,8000,250,10,9b1e592319e4dcdc8df7c50abe2b11aba12ca2ab27fd528ac1d0a262c02ca62c,8000,4114,3886,0.48575,0,2,17.051403212999958,2.1314254016249947,2,1437,223324125563/30000000,7444.137518766666,2,2,2,2,0.04461054477457772,0.8759159703560312,empirical,empirical_reference_fronts/A__250_10_1439_5_S_1-9.json,runs/A__250_10_1439_5_S_1-9__vns_vnd__b8000__s307.json
A,data/input/set2/250_10_1439_5_S_1-9.dat,spea2,307,8000,250,10,9b1e592319e4dcdc8df7c50abe2b11aba12ca2ab27fd528ac1d0a262c02ca62c,8000,8000,0,0.0,50,10,38.17456051399995,4.771820064249995,10,366,108660937603/60000000,1811.0156267166667,4,9,9,3,0.9304756472216609,0.006347012074735228,empirical,empirical_reference_fronts/A__250_10_1439_5_S_1-9.json,runs/A__250_10_1439_5_S_1-9__spea2__b8000__s307.json
A,data/input/set2/250_10_1439_5_S_1-9.dat,vns_vnd,401,8000,250,10,9b1e592319e4dcdc8df7c50abe2b11aba12ca2ab27fd528ac1d0a262c02ca62c,8000,4250,3750,0.46875,0,3,17.043743957999936,2.130467994749992,3,1437,136297128621/20000000,6814.85643105,2,2,3,2,0.04561367963060193,0.8724364678356857,empirical,empirical_reference_fronts/A__250_10_1439_5_S_1-9.json,runs/A__250_10_1439_5_S_1-9__vns_vnd__b8000__s401.json
A,data/input/set2/250_10_1439_5_S_1-9.dat,spea2,401,8000,250,10,9b1e592319e4dcdc8df7c50abe2b11aba12ca2ab27fd528ac1d0a262c02ca62c,8000,8000,0,0.0,50,18,38.22580102100005,4.7782251276250065,18,358,54331300063/30000000,1811.0433354333334,15,18,18,5,0.9369044228395473,0.006478753792626464,empirical,empirical_reference_fronts/A__250_10_1439_5_S_1-9.json,runs/A__250_10_1439_5_S_1-9__spea2__b8000__s401.json
A,data/input/set2/250_10_1439_5_S_1-9.dat,moead,401,8000,250,10,9b1e592319e4dcdc8df7c50abe2b11aba12ca2ab27fd528ac1d0a262c02ca62c,8000,8000,0,0.0,50,19,32.51087057699988,4.063858822124985,19,355,104067531823/60000000,1734.4588637166667,10,18,16,2,0.9415233034174675,0.002489979929800214,empirical,empirical_reference_fronts/A__250_10_1439_5_S_1-9.json,runs/A__250_10_1439_5_S_1-9__moead__b8000__s401.json
A,data/input/set2/250_10_1439_5_S_1-9.dat,spea2,503,8000,250,10,9b1e592319e4dcdc8df7c50abe2b11aba12ca2ab27fd528ac1d0a262c02ca62c,8000,8000,0,0.0,50,15,38.38324518099989,4.797905647624986,15,368,33973689787/20000000,1698.68448935,10,15,14,7,0.9318461334339216,0.005988415154364214,empirical,empirical_reference_fronts/A__250_10_1439_5_S_1-9.json,runs/A__250_10_1439_5_S_1-9__spea2__b8000__s503.json
A,data/input/set2/250_10_1439_5_S_1-9.dat,moead,503,8000,250,10,9b1e592319e4dcdc8df7c50abe2b11aba12ca2ab27fd528ac1d0a262c02ca62c,8000,8000,0,0.0,50,12,32.17007166600001,4.021258958250002,12,371,118297389/62500,1892.758224,4,11,12,5,0.9240782189472203,0.012804579538750296,empirical,empirical_reference_fronts/A__250_10_1439_5_S_1-9.json,runs/A__250_10_1439_5_S_1-9__moead__b8000__s503.json
A,data/input/set2/250_10_1439_5_S_1-9.dat,vns_vnd,503,8000,250,10,9b1e592319e4dcdc8df7c50abe2b11aba12ca2ab27fd528ac1d0a262c02ca62c,8000,4471,3529,0.441125,0,2,17.15889716999982,2.1448621462499773,2,1436,102755336911/15000000,6850.355794066667,1,1,2,1,0.04627461116077773,0.8710509404181048,empirical,empirical_reference_fronts/A__250_10_1439_5_S_1-9.json,runs/A__250_10_1439_5_S_1-9__vns_vnd__b8000__s503.json
A,data/input/set2/250_10_1439_5_S_1-9.dat,moead,601,8000,250,10,9b1e592319e4dcdc8df7c50abe2b11aba12ca2ab27fd528ac1d0a262c02ca62c,8000,8000,0,0.0,50,15,31.700100607999957,3.9625125759999946,15,376,5647945733/3000000,1882.6485776666666,6,15,13,1,0.9203091831103847,0.012637089505709204,empirical,empirical_reference_fronts/A__250_10_1439_5_S_1-9.json,runs/A__250_10_1439_5_S_1-9__moead__b8000__s601.json
A,data/input/set2/250_10_1439_5_S_1-9.dat,vns_vnd,601,8000,250,10,9b1e592319e4dcdc8df7c50abe2b11aba12ca2ab27fd528ac1d0a262c02ca62c,8000,4193,3807,0.475875,0,2,16.537510440000005,2.0671888050000007,2,1437,404564486017/60000000,6742.741433616667,2,2,2,2,0.0457223154109814,0.8720425237396602,empirical,empirical_reference_fronts/A__250_10_1439_5_S_1-9.json,runs/A__250_10_1439_5_S_1-9__vns_vnd__b8000__s601.json
A,data/input/set2/250_10_1439_5_S_1-9.dat,spea2,601,8000,250,10,9b1e592319e4dcdc8df7c50abe2b11aba12ca2ab27fd528ac1d0a262c02ca62c,8000,8000,0,0.0,50,25,37.85183834400004,4.731479793000006,25,351,16637868403/10000000,1663.7868403,15,25,21,7,0.9467481042837267,0.0007317393537933131,empirical,empirical_reference_fronts/A__250_10_1439_5_S_1-9.json,runs/A__250_10_1439_5_S_1-9__spea2__b8000__s601.json
A,data/input/set2/250_10_1439_5_S_1-9.dat,vns_vnd,701,8000,250,10,9b1e592319e4dcdc8df7c50abe2b11aba12ca2ab27fd528ac1d0a262c02ca62c,8000,4973,3027,0.378375,0,4,18.616745075999916,2.3270931344999894,4,1429,209217376993/30000000,6973.912566433333,2,3,3,3,0.05088770562883655,0.8677515128002207,empirical,empirical_reference_fronts/A__250_10_1439_5_S_1-9.json,runs/A__250_10_1439_5_S_1-9__vns_vnd__b8000__s701.json
A,data/input/set2/250_10_1439_5_S_1-9.dat,spea2,701,8000,250,10,9b1e592319e4dcdc8df7c50abe2b11aba12ca2ab27fd528ac1d0a262c02ca62c,8000,8000,0,0.0,50,10,38.78255359599984,4.84781919949998,10,360,104707005961/60000000,1745.1167660166666,8,10,10,2,0.9371591130180281,0.0040376608266875225,empirical,empirical_reference_fronts/A__250_10_1439_5_S_1-9.json,runs/A__250_10_1439_5_S_1-9__spea2__b8000__s701.json
A,data/input/set2/250_10_1439_5_S_1-9.dat,moead,701,8000,250,10,9b1e592319e4dcdc8df7c50abe2b11aba12ca2ab27fd528ac1d0a262c02ca62c,8000,8000,0,0.0,50,5,33.11991328599993,4.139989160749991,5,373,36644541057/20000000,1832.22705285,4,5,5,2,0.9241597833772737,0.009955792057046926,empirical,empirical_reference_fronts/A__250_10_1439_5_S_1-9.json,runs/A__250_10_1439_5_S_1-9__moead__b8000__s701.json
A,data/input/set2/250_10_1439_5_S_1-9.dat,spea2,809,8000,250,10,9b1e592319e4dcdc8df7c50abe2b11aba12ca2ab27fd528ac1d0a262c02ca62c,8000,8000,0,0.0,50,10,38.94331899400004,4.867914874250005,10,357,24918976171/15000000,1661.2650780666668,4,8,10,5,0.9419450474035085,0.0008836437272309312,empirical,empirical_reference_fronts/A__250_10_1439_5_S_1-9.json,runs/A__250_10_1439_5_S_1-9__spea2__b8000__s809.json
A,data/input/set2/250_10_1439_5_S_1-9.dat,moead,809,8000,250,10,9b1e592319e4dcdc8df7c50abe2b11aba12ca2ab27fd528ac1d0a262c02ca62c,8000,8000,0,0.0,50,14,32.96701221000012,4.120876526250014,14,374,53399415569/30000000,1779.9805189666668,9,13,13,2,0.9247112380372029,0.011795187124183598,empirical,empirical_reference_fronts/A__250_10_1439_5_S_1-9.json,runs/A__250_10_1439_5_S_1-9__moead__b8000__s809.json
A,data/input/set2/250_10_1439_5_S_1-9.dat,vns_vnd,809,8000,250,10,9b1e592319e4dcdc8df7c50abe2b11aba12ca2ab27fd528ac1d0a262c02ca62c,8000,3728,4272,0.534,0,3,15.89019319099998,1.9862741488749975,3,1433,423569757829/60000000,7059.4959638166665,3,3,3,2,0.04779219892178256,0.8753078820069772,empirical,empirical_reference_fronts/A__250_10_1439_5_S_1-9.json,runs/A__250_10_1439_5_S_1-9__vns_vnd__b8000__s809.json
A,data/input/set2/250_10_1439_5_S_1-9.dat,moead,907,8000,250,10,9b1e592319e4dcdc8df7c50abe2b11aba12ca2ab27fd528ac1d0a262c02ca62c,8000,8000,0,0.0,50,8,32.29932389700002,4.037415487125003,8,376,121904628103/60000000,2031.7438017166667,5,6,7,3,0.9162254292859052,0.019224333258320164,empirical,empirical_reference_fronts/A__250_10_1439_5_S_1-9.json,runs/A__250_10_1439_5_S_1-9__moead__b8000__s907.json
A,data/input/set2/250_10_1439_5_S_1-9.dat,vns_vnd,907,8000,250,10,9b1e592319e4dcdc8df7c50abe2b11aba12ca2ab27fd528ac1d0a262c02ca62c,8000,4383,3617,0.452125,0,3,17.368260503999863,2.171032562999983,3,1436,85131244933/12000000,7094.270411083334,2,2,2,3,0.04588072170832168,0.8731346178654795,empirical,empirical_reference_fronts/A__250_10_1439_5_S_1-9.json,runs/A__250_10_1439_5_S_1-9__vns_vnd__b8000__s907.json
A,data/input/set2/250_10_1439_5_S_1-9.dat,spea2,907,8000,250,10,9b1e592319e4dcdc8df7c50abe2b11aba12ca2ab27fd528ac1d0a262c02ca62c,8000,8000,0,0.0,50,16,37.87995730099988,4.734994662624985,16,357,3279802777/1875000,1749.2281477333333,8,16,16,4,0.9395294932493744,0.0025562937642254944,empirical,empirical_reference_fronts/A__250_10_1439_5_S_1-9.json,runs/A__250_10_1439_5_S_1-9__spea2__b8000__s907.json
A,data/input/set2/250_10_1439_5_S_1-9.dat,vns_vnd,1009,8000,250,10,9b1e592319e4dcdc8df7c50abe2b11aba12ca2ab27fd528ac1d0a262c02ca62c,8000,4165,3835,0.479375,0,3,16.727823710999928,2.090977963874991,3,1434,104878951181/15000000,6991.930078733333,2,2,3,2,0.04731316684734053,0.8733624086704742,empirical,empirical_reference_fronts/A__250_10_1439_5_S_1-9.json,runs/A__250_10_1439_5_S_1-9__vns_vnd__b8000__s1009.json
A,data/input/set2/250_10_1439_5_S_1-9.dat,spea2,1009,8000,250,10,9b1e592319e4dcdc8df7c50abe2b11aba12ca2ab27fd528ac1d0a262c02ca62c,8000,8000,0,0.0,50,35,40.17301387500015,5.021626734375019,35,363,103213253257/60000000,1720.2208876166667,21,33,35,8,0.9352621784467954,0.00649741022573236,empirical,empirical_reference_fronts/A__250_10_1439_5_S_1-9.json,runs/A__250_10_1439_5_S_1-9__spea2__b8000__s1009.json
A,data/input/set2/250_10_1439_5_S_1-9.dat,moead,1009,8000,250,10,9b1e592319e4dcdc8df7c50abe2b11aba12ca2ab27fd528ac1d0a262c02ca62c,8000,8000,0,0.0,50,9,33.621238318999985,4.202654789874997,9,381,31059690493/15000000,2070.6460328666667,3,8,9,2,0.9110938953754237,0.022716526434606223,empirical,empirical_reference_fronts/A__250_10_1439_5_S_1-9.json,runs/A__250_10_1439_5_S_1-9__moead__b8000__s1009.json
A,data/input/set1/6_2_1439_3_S_1-9.dat,spea2,101,8000,6,2,c27aafe109609de23235d989af5593c4ebdf9faaa365649ab21ec4a8c3f07cc4,8000,8000,0,0.0,50,40,8.036364936999917,1.0045456171249896,40,94,33524857/250000,134.099428,5,7,30,5,1.082992717382514,0.000689724395899994,exact,data/baselines/6_2_1439_3_S_1-9_custom_exact_dp.json,runs/A__6_2_1439_3_S_1-9__spea2__b8000__s101.json
A,data/input/set1/6_2_1439_3_S_1-9.dat,moead,101,8000,6,2,c27aafe109609de23235d989af5593c4ebdf9faaa365649ab21ec4a8c3f07cc4,8000,8000,0,0.0,50,28,2.920079714999929,0.3650099643749911,28,98,33524857/250000,134.099428,4,7,19,1,1.0804764140137786,0.000765736363195421,exact,data/baselines/6_2_1439_3_S_1-9_custom_exact_dp.json,runs/A__6_2_1439_3_S_1-9__moead__b8000__s101.json
A,data/input/set1/6_2_1439_3_S_1-9.dat,vns_vnd,101,8000,6,2,c27aafe109609de23235d989af5593c4ebdf9faaa365649ab21ec4a8c3f07cc4,8000,6946,1054,0.13175,0,22,0.7812223309999808,0.0976527913749976,22,109,33524857/250000,134.099428,5,6,14,1,1.0730787680266678,0.002489181340876345,exact,data/baselines/6_2_1439_3_S_1-9_custom_exact_dp.json,runs/A__6_2_1439_3_S_1-9__vns_vnd__b8000__s101.json
A,data/input/set1/6_2_1439_3_S_1-9.dat,moead,211,8000,6,2,c27aafe109609de23235d989af5593c4ebdf9faaa365649ab21ec4a8c3f07cc4,8000,8000,0,0.0,50,29,2.8994741760000124,0.36243427200000156,29,96,33524857/250000,134.099428,5,9,20,1,1.08175804653095,0.0007277560825464211,exact,data/baselines/6_2_1439_3_S_1-9_custom_exact_dp.json,runs/A__6_2_1439_3_S_1-9__moead__b8000__s211.json
A,data/input/set1/6_2_1439_3_S_1-9.dat,vns_vnd,211,8000,6,2,c27aafe109609de23235d989af5593c4ebdf9faaa365649ab21ec4a8c3f07cc4,8000,7039,961,0.120125,0,22,0.7877920569999333,0.09847400712499166,22,101,33524857/250000,134.099428,5,6,16,1,1.0782750638451795,0.0023440122308808153,exact,data/baselines/6_2_1439_3_S_1-9_custom_exact_dp.json,runs/A__6_2_1439_3_S_1-9__vns_vnd__b8000__s211.json
A,data/input/set1/6_2_1439_3_S_1-9.dat,spea2,211,8000,6,2,c27aafe109609de23235d989af5593c4ebdf9faaa365649ab21ec4a8c3f07cc4,8000,8000,0,0.0,50,39,7.670054322999931,0.9587567903749914,39,94,33524857/250000,134.099428,5,9,29,3,1.082973143360029,0.000778049517707586,exact,data/baselines/6_2_1439_3_S_1-9_custom_exact_dp.json,runs/A__6_2_1439_3_S_1-9__spea2__b8000__s211.json
A,data/input/set1/6_2_1439_3_S_1-9.dat,vns_vnd,307,8000,6,2,c27aafe109609de23235d989af5593c4ebdf9faaa365649ab21ec4a8c3f07cc4,8000,6988,1012,0.1265,0,13,0.7842155939999884,0.09802694924999855,13,119,33524857/250000,134.099428,5,7,8,1,1.066014324709448,0.005775179360383605,exact,data/baselines/6_2_1439_3_S_1-9_custom_exact_dp.json,runs/A__6_2_1439_3_S_1-9__vns_vnd__b8000__s307.json
A,data/input/set1/6_2_1439_3_S_1-9.dat,spea2,307,8000,6,2,c27aafe109609de23235d989af5593c4ebdf9faaa365649ab21ec4a8c3f07cc4,8000,8000,0,0.0,50,39,7.740446150000025,0.9675557687500032,39,94,33524857/250000,134.099428,4,6,29,3,1.08306377047079,0.00048522498090593485,exact,data/baselines/6_2_1439_3_S_1-9_custom_exact_dp.json,runs/A__6_2_1439_3_S_1-9__spea2__b8000__s307.json
A,data/input/set1/6_2_1439_3_S_1-9.dat,moead,307,8000,6,2,c27aafe109609de23235d989af5593c4ebdf9faaa365649ab21ec4a8c3f07cc4,8000,8000,0,0.0,50,29,2.908902227999988,0.3636127784999985,29,94,33524857/250000,134.099428,5,8,20,3,1.0828323996396423,0.0012828688926582728,exact,data/baselines/6_2_1439_3_S_1-9_custom_exact_dp.json,runs/A__6_2_1439_3_S_1-9__moead__b8000__s307.json
A,data/input/set1/6_2_1439_3_S_1-9.dat,spea2,401,8000,6,2,c27aafe109609de23235d989af5593c4ebdf9faaa365649ab21ec4a8c3f07cc4,8000,8000,0,0.0,50,39,7.704293008999912,0.963036626124989,39,94,33524857/250000,134.099428,4,6,29,1,1.0830694249739936,0.0004511754729213252,exact,data/baselines/6_2_1439_3_S_1-9_custom_exact_dp.json,runs/A__6_2_1439_3_S_1-9__spea2__b8000__s401.json
A,data/input/set1/6_2_1439_3_S_1-9.dat,moead,401,8000,6,2,c27aafe109609de23235d989af5593c4ebdf9faaa365649ab21ec4a8c3f07cc4,8000,8000,0,0.0,50,29,2.9506193370000346,0.36882741712500433,29,94,33524857/250000,134.099428,5,9,20,1,1.0828779878226313,0.001022000579230908,exact,data/baselines/6_2_1439_3_S_1-9_custom_exact_dp.json,runs/A__6_2_1439_3_S_1-9__moead__b8000__s401.json
A,data/input/set1/6_2_1439_3_S_1-9.dat,vns_vnd,401,8000,6,2,c27aafe109609de23235d989af5593c4ebdf9faaa365649ab21ec4a8c3f07cc4,8000,6860,1140,0.1425,0,18,0.7962941279999995,0.09953676599999994,18,119,33524857/250000,134.099428,4,8,11,1,1.066085748562224,0.005366644212511765,exact,data/baselines/6_2_1439_3_S_1-9_custom_exact_dp.json,runs/A__6_2_1439_3_S_1-9__vns_vnd__b8000__s401.json
A,data/input/set1/6_2_1439_3_S_1-9.dat,moead,503,8000,6,2,c27aafe109609de23235d989af5593c4ebdf9faaa365649ab21ec4a8c3f07cc4,8000,8000,0,0.0,50,26,2.9044322960000954,0.36305403700001193,26,96,33524857/250000,134.099428,5,8,18,1,1.0813151566199393,0.0021919012217671862,exact,data/baselines/6_2_1439_3_S_1-9_custom_exact_dp.json,runs/A__6_2_1439_3_S_1-9__moead__b8000__s503.json
A,data/input/set1/6_2_1439_3_S_1-9.dat,vns_vnd,503,8000,6,2,c27aafe109609de23235d989af5593c4ebdf9faaa365649ab21ec4a8c3f07cc4,8000,7030,970,0.12125,0,24,0.8237522179999814,0.10296902724999768,24,100,33524857/250000,134.099428,4,9,15,1,1.0790477768180726,0.0014894824907529557,exact,data/baselines/6_2_1439_3_S_1-9_custom_exact_dp.json,runs/A__6_2_1439_3_S_1-9__vns_vnd__b8000__s503.json
A,data/input/set1/6_2_1439_3_S_1-9.dat,spea2,503,8000,6,2,c27aafe109609de23235d989af5593c4ebdf9faaa365649ab21ec4a8c3f07cc4,8000,8000,0,0.0,50,39,7.80807908099996,0.976009885124995,39,94,33524857/250000,134.099428,5,7,29,2,1.0829753844867096,0.0007200253667684958,exact,data/baselines/6_2_1439_3_S_1-9_custom_exact_dp.json,runs/A__6_2_1439_3_S_1-9__spea2__b8000__s503.json
A,data/input/set1/6_2_1439_3_S_1-9.dat,vns_vnd,601,8000,6,2,c27aafe109609de23235d989af5593c4ebdf9faaa365649ab21ec4a8c3f07cc4,8000,7097,903,0.112875,0,22,0.8138094670000555,0.10172618337500694,22,103,33524857/250000,134.099428,5,9,16,1,1.0771128464414905,0.0015116319439976962,exact,data/baselines/6_2_1439_3_S_1-9_custom_exact_dp.json,runs/A__6_2_1439_3_S_1-9__vns_vnd__b8000__s601.json
A,data/input/set1/6_2_1439_3_S_1-9.dat,spea2,601,8000,6,2,c27aafe109609de23235d989af5593c4ebdf9faaa365649ab21ec4a8c3f07cc4,8000,8000,0,0.0,50,40,7.795814278999842,0.9744767848749802,40,94,33524857/250000,134.099428,5,6,30,1,1.0829995813498399,0.0006605039976907169,exact,data/baselines/6_2_1439_3_S_1-9_custom_exact_dp.json,runs/A__6_2_1439_3_S_1-9__spea2__b8000__s601.json
A,data/input/set1/6_2_1439_3_S_1-9.dat,moead,601,8000,6,2,c27aafe109609de23235d989af5593c4ebdf9faaa365649ab21ec4a8c3f07cc4,8000,8000,0,0.0,50,26,2.9733628430001318,0.37167035537501647,26,94,33524857/250000,134.099428,5,12,18,3,1.0827905425328688,0.0014168397684867565,exact,data/baselines/6_2_1439_3_S_1-9_custom_exact_dp.json,runs/A__6_2_1439_3_S_1-9__moead__b8000__s601.json
A,data/input/set1/6_2_1439_3_S_1-9.dat,spea2,701,8000,6,2,c27aafe109609de23235d989af5593c4ebdf9faaa365649ab21ec4a8c3f07cc4,8000,8000,0,0.0,50,40,7.838981656999977,0.9798727071249971,40,94,33524857/250000,134.099428,5,9,30,6,1.0829959267696463,0.0005958663897306684,exact,data/baselines/6_2_1439_3_S_1-9_custom_exact_dp.json,runs/A__6_2_1439_3_S_1-9__spea2__b8000__s701.json
A,data/input/set1/6_2_1439_3_S_1-9.dat,moead,701,8000,6,2,c27aafe109609de23235d989af5593c4ebdf9faaa365649ab21ec4a8c3f07cc4,8000,8000,0,0.0,50,29,2.973708154000178,0.3717135192500223,29,94,33524857/250000,134.099428,5,9,20,2,1.082791337126676,0.0012619953508386387,exact,data/baselines/6_2_1439_3_S_1-9_custom_exact_dp.json,runs/A__6_2_1439_3_S_1-9__moead__b8000__s701.json
A,data/input/set1/6_2_1439_3_S_1-9.dat,vns_vnd,701,8000,6,2,c27aafe109609de23235d989af5593c4ebdf9faaa365649ab21ec4a8c3f07cc4,8000,7103,897,0.112125,0,18,0.7873584589999609,0.09841980737499512,18,99,33524857/250000,134.099428,5,8,15,1,1.079718920303378,0.001402136406790928,exact,data/baselines/6_2_1439_3_S_1-9_custom_exact_dp.json,runs/A__6_2_1439_3_S_1-9__vns_vnd__b8000__s701.json
A,data/input/set1/6_2_1439_3_S_1-9.dat,moead,809,8000,6,2,c27aafe109609de23235d989af5593c4ebdf9faaa365649ab21ec4a8c3f07cc4,8000,8000,0,0.0,50,27,2.984684514000037,0.3730855642500046,27,94,33524857/250000,134.099428,4,6,18,2,1.0829138348230747,0.0008907984735705923,exact,data/baselines/6_2_1439_3_S_1-9_custom_exact_dp.json,runs/A__6_2_1439_3_S_1-9__moead__b8000__s809.json
A,data/input/set1/6_2_1439_3_S_1-9.dat,vns_vnd,809,8000,6,2,c27aafe109609de23235d989af5593c4ebdf9faaa365649ab21ec4a8c3f07cc4,8000,7072,928,0.116,0,27,0.7885335920000216,0.0985666990000027,27,99,33524857/250000,134.099428,4,7,19,1,1.0797258752389451,0.0014058643858618407,exact,data/baselines/6_2_1439_3_S_1-9_custom_exact_dp.json,runs/A__6_2_1439_3_S_1-9__vns_vnd__b8000__s809.json
A,data/input/set1/6_2_1439_3_S_1-9.dat,spea2,809,8000,6,2,c27aafe109609de23235d989af5593c4ebdf9faaa365649ab21ec4a8c3f07cc4,8000,8000,0,0.0,50,40,7.92774966900015,0.9909687086250187,40,94,33524857/250000,134.099428,5,9,30,4,1.0830908679803535,0.00032206008830697495,exact,data/baselines/6_2_1439_3_S_1-9_custom_exact_dp.json,runs/A__6_2_1439_3_S_1-9__spea2__b8000__s809.json
A,data/input/set1/6_2_1439_3_S_1-9.dat,vns_vnd,907,8000,6,2,c27aafe109609de23235d989af5593c4ebdf9faaa365649ab21ec4a8c3f07cc4,8000,7199,801,0.100125,0,17,0.800872365000032,0.100109045625004,17,106,33524857/250000,134.099428,4,5,14,1,1.0750650720285797,0.002175416758626307,exact,data/baselines/6_2_1439_3_S_1-9_custom_exact_dp.json,runs/A__6_2_1439_3_S_1-9__vns_vnd__b8000__s907.json
A,data/input/set1/6_2_1439_3_S_1-9.dat,spea2,907,8000,6,2,c27aafe109609de23235d989af5593c4ebdf9faaa365649ab21ec4a8c3f07cc4,8000,8000,0,0.0,50,41,7.952066095999953,0.9940082619999941,41,94,33524857/250000,134.099428,5,6,31,5,1.0829873240684287,0.000765657504006784,exact,data/baselines/6_2_1439_3_S_1-9_custom_exact_dp.json,runs/A__6_2_1439_3_S_1-9__spea2__b8000__s907.json
A,data/input/set1/6_2_1439_3_S_1-9.dat,moead,907,8000,6,2,c27aafe109609de23235d989af5593c4ebdf9faaa365649ab21ec4a8c3f07cc4,8000,8000,0,0.0,50,30,2.935500119999915,0.3669375149999894,30,95,33524857/250000,134.099428,4,9,20,1,1.0822818166406805,0.000990928987666887,exact,data/baselines/6_2_1439_3_S_1-9_custom_exact_dp.json,runs/A__6_2_1439_3_S_1-9__moead__b8000__s907.json
A,data/input/set1/6_2_1439_3_S_1-9.dat,spea2,1009,8000,6,2,c27aafe109609de23235d989af5593c4ebdf9faaa365649ab21ec4a8c3f07cc4,8000,8000,0,0.0,50,36,7.83135310800003,0.9789191385000038,36,94,33524857/250000,134.099428,5,6,26,3,1.0828919156117531,0.0010564125140127996,exact,data/baselines/6_2_1439_3_S_1-9_custom_exact_dp.json,runs/A__6_2_1439_3_S_1-9__spea2__b8000__s1009.json
A,data/input/set1/6_2_1439_3_S_1-9.dat,moead,1009,8000,6,2,c27aafe109609de23235d989af5593c4ebdf9faaa365649ab21ec4a8c3f07cc4,8000,8000,0,0.0,50,26,2.9603197660001115,0.37003997075001394,26,96,33524857/250000,134.099428,5,13,19,2,1.0814605679759373,0.0017671047848161212,exact,data/baselines/6_2_1439_3_S_1-9_custom_exact_dp.json,runs/A__6_2_1439_3_S_1-9__moead__b8000__s1009.json
A,data/input/set1/6_2_1439_3_S_1-9.dat,vns_vnd,1009,8000,6,2,c27aafe109609de23235d989af5593c4ebdf9faaa365649ab21ec4a8c3f07cc4,8000,6889,1111,0.138875,0,13,0.8330861970000569,0.10413577462500712,13,107,729137393/5000000,145.8274786,3,6,13,1,1.0545989949204937,0.005680674092077192,exact,data/baselines/6_2_1439_3_S_1-9_custom_exact_dp.json,runs/A__6_2_1439_3_S_1-9__vns_vnd__b8000__s1009.json
A,data/input/set1/7_2_1439_3_S_1-9.dat,moead,101,8000,7,2,e3f61bc246a2052d69408afd7a18030ae4ce485f577859aeea52c948f2ae3305,8000,8000,0,0.0,50,27,2.9915796830000545,0.3739474603750068,27,124,367482147/2500000,146.9928588,3,4,25,1,1.0818730134721108,0.0006318752505297601,exact,data/baselines/7_2_1439_3_S_1-9_custom_exact_dp.json,runs/A__7_2_1439_3_S_1-9__moead__b8000__s101.json
A,data/input/set1/7_2_1439_3_S_1-9.dat,vns_vnd,101,8000,7,2,e3f61bc246a2052d69408afd7a18030ae4ce485f577859aeea52c948f2ae3305,8000,6960,1040,0.13,0,21,0.8735483220000333,0.10919354025000416,21,139,367482147/2500000,146.9928588,3,5,19,1,1.0715476619481774,0.002542842739404225,exact,data/baselines/7_2_1439_3_S_1-9_custom_exact_dp.json,runs/A__7_2_1439_3_S_1-9__vns_vnd__b8000__s101.json
A,data/input/set1/7_2_1439_3_S_1-9.dat,spea2,101,8000,7,2,e3f61bc246a2052d69408afd7a18030ae4ce485f577859aeea52c948f2ae3305,8000,8000,0,0.0,50,41,7.845765412999981,0.9807206766249976,41,124,367482147/2500000,146.9928588,3,8,38,3,1.081976217538326,0.0,exact,data/baselines/7_2_1439_3_S_1-9_custom_exact_dp.json,runs/A__7_2_1439_3_S_1-9__spea2__b8000__s101.json
A,data/input/set1/7_2_1439_3_S_1-9.dat,vns_vnd,211,8000,7,2,e3f61bc246a2052d69408afd7a18030ae4ce485f577859aeea52c948f2ae3305,8000,7209,791,0.098875,0,29,0.8364088050000191,0.10455110062500239,29,128,75243763/500000,150.487526,3,6,27,2,1.073939407998277,0.0015473217268000214,exact,data/baselines/7_2_1439_3_S_1-9_custom_exact_dp.json,runs/A__7_2_1439_3_S_1-9__vns_vnd__b8000__s211.json
A,data/input/set1/7_2_1439_3_S_1-9.dat,spea2,211,8000,7,2,e3f61bc246a2052d69408afd7a18030ae4ce485f577859aeea52c948f2ae3305,8000,8000,0,0.0,50,38,7.95527280500005,0.9944091006250062,38,124,367482147/2500000,146.9928588,3,11,36,4,1.0819502038879532,0.00021242535629132324,exact,data/baselines/7_2_1439_3_S_1-9_custom_exact_dp.json,runs/A__7_2_1439_3_S_1-9__spea2__b8000__s211.json
A,data/input/set1/7_2_1439_3_S_1-9.dat,moead,211,8000,7,2,e3f61bc246a2052d69408afd7a18030ae4ce485f577859aeea52c948f2ae3305,8000,8000,0,0.0,50,28,2.911321093999959,0.36391513674999487,28,124,367482147/2500000,146.9928588,3,6,26,2,1.0817614911323148,0.0008325932042639168,exact,data/baselines/7_2_1439_3_S_1-9_custom_exact_dp.json,runs/A__7_2_1439_3_S_1-9__moead__b8000__s211.json
A,data/input/set1/7_2_1439_3_S_1-9.dat,spea2,307,8000,7,2,e3f61bc246a2052d69408afd7a18030ae4ce485f577859aeea52c948f2ae3305,8000,8000,0,0.0,50,39,7.97237407700004,0.996546759625005,39,124,367482147/2500000,146.9928588,3,5,36,2,1.081971363122698,7.302468234263171e-05,exact,data/baselines/7_2_1439_3_S_1-9_custom_exact_dp.json,runs/A__7_2_1439_3_S_1-9__spea2__b8000__s307.json
A,data/input/set1/7_2_1439_3_S_1-9.dat,moead,307,8000,7,2,e3f61bc246a2052d69408afd7a18030ae4ce485f577859aeea52c948f2ae3305,8000,8000,0,0.0,50,27,2.981656052000062,0.37270700650000776,27,124,367482147/2500000,146.9928588,3,6,25,1,1.0818455764769883,0.0005839205689439087,exact,data/baselines/7_2_1439_3_S_1-9_custom_exact_dp.json,runs/A__7_2_1439_3_S_1-9__moead__b8000__s307.json
A,data/input/set1/7_2_1439_3_S_1-9.dat,vns_vnd,307,8000,7,2,e3f61bc246a2052d69408afd7a18030ae4ce485f577859aeea52c948f2ae3305,8000,7090,910,0.11375,0,31,0.8490252419999251,0.10612815524999064,31,126,367482147/2500000,146.9928588,4,7,29,1,1.0803169856269021,0.0019483165572246736,exact,data/baselines/7_2_1439_3_S_1-9_custom_exact_dp.json,runs/A__7_2_1439_3_S_1-9__vns_vnd__b8000__s307.json
A,data/input/set1/7_2_1439_3_S_1-9.dat,moead,401,8000,7,2,e3f61bc246a2052d69408afd7a18030ae4ce485f577859aeea52c948f2ae3305,8000,8000,0,0.0,50,24,3.0329204069998923,0.37911505087498654,24,126,367482147/2500000,146.9928588,3,9,22,2,1.080348904807927,0.001151528149763115,exact,data/baselines/7_2_1439_3_S_1-9_custom_exact_dp.json,runs/A__7_2_1439_3_S_1-9__moead__b8000__s401.json
A,data/input/set1/7_2_1439_3_S_1-9.dat,vns_vnd,401,8000,7,2,e3f61bc246a2052d69408afd7a18030ae4ce485f577859aeea52c948f2ae3305,8000,6795,1205,0.150625,0,25,0.8378957369998261,0.10473696712497826,25,124,188413893/1250000,150.7311144,2,7,24,1,1.076441833093711,0.0014700628197603786,exact,data/baselines/7_2_1439_3_S_1-9_custom_exact_dp.json,runs/A__7_2_1439_3_S_1-9__vns_vnd__b8000__s401.json
A,data/input/set1/7_2_1439_3_S_1-9.dat,spea2,401,8000,7,2,e3f61bc246a2052d69408afd7a18030ae4ce485f577859aeea52c948f2ae3305,8000,8000,0,0.0,50,40,7.868449423999891,0.9835561779999864,40,125,367482147/2500000,146.9928588,3,13,37,6,1.0812605289507324,0.0004210297288090046,exact,data/baselines/7_2_1439_3_S_1-9_custom_exact_dp.json,runs/A__7_2_1439_3_S_1-9__spea2__b8000__s401.json
A,data/input/set1/7_2_1439_3_S_1-9.dat,vns_vnd,503,8000,7,2,e3f61bc246a2052d69408afd7a18030ae4ce485f577859aeea52c948f2ae3305,8000,6986,1014,0.12675,0,22,0.8537496779999856,0.1067187097499982,22,146,367482147/2500000,146.9928588,3,6,19,2,1.0666700373894062,0.003718698558648963,exact,data/baselines/7_2_1439_3_S_1-9_custom_exact_dp.json,runs/A__7_2_1439_3_S_1-9__vns_vnd__b8000__s503.json
A,data/input/set1/7_2_1439_3_S_1-9.dat,spea2,503,8000,7,2,e3f61bc246a2052d69408afd7a18030ae4ce485f577859aeea52c948f2ae3305,8000,8000,0,0.0,50,40,7.972297370999968,0.996537171374996,40,124,367482147/2500000,146.9928588,3,8,37,4,1.0819608712589652,0.00011805316891412775,exact,data/baselines/7_2_1439_3_S_1-9_custom_exact_dp.json,runs/A__7_2_1439_3_S_1-9__spea2__b8000__s503.json
A,data/input/set1/7_2_1439_3_S_1-9.dat,moead,503,8000,7,2,e3f61bc246a2052d69408afd7a18030ae4ce485f577859aeea52c948f2ae3305,8000,8000,0,0.0,50,27,2.9142602500000976,0.3642825312500122,27,125,367482147/2500000,146.9928588,3,6,25,2,1.0811634579960374,0.0008901154807087145,exact,data/baselines/7_2_1439_3_S_1-9_custom_exact_dp.json,runs/A__7_2_1439_3_S_1-9__moead__b8000__s503.json
A,data/input/set1/7_2_1439_3_S_1-9.dat,spea2,601,8000,7,2,e3f61bc246a2052d69408afd7a18030ae4ce485f577859aeea52c948f2ae3305,8000,8000,0,0.0,50,41,7.730853587999945,0.9663566984999932,41,124,367482147/2500000,146.9928588,3,9,38,4,1.0819579011357763,0.00012779319409960565,exact,data/baselines/7_2_1439_3_S_1-9_custom_exact_dp.json,runs/A__7_2_1439_3_S_1-9__spea2__b8000__s601.json
A,data/input/set1/7_2_1439_3_S_1-9.dat,moead,601,8000,7,2,e3f61bc246a2052d69408afd7a18030ae4ce485f577859aeea52c948f2ae3305,8000,8000,0,0.0,50,26,3.128655068999933,0.39108188362499163,26,125,367482147/2500000,146.9928588,3,5,24,2,1.0811342813573332,0.0006848441181276217,exact,data/baselines/7_2_1439_3_S_1-9_custom_exact_dp.json,runs/A__7_2_1439_3_S_1-9__moead__b8000__s601.json
A,data/input/set1/7_2_1439_3_S_1-9.dat,vns_vnd,601,8000,7,2,e3f61bc246a2052d69408afd7a18030ae4ce485f577859aeea52c948f2ae3305,8000,6938,1062,0.13275,0,17,0.8542548990001251,0.10678186237501563,17,145,750217539/5000000,150.0435078,3,7,15,1,1.06294468592289,0.004305636159056313,exact,data/baselines/7_2_1439_3_S_1-9_custom_exact_dp.json,runs/A__7_2_1439_3_S_1-9__vns_vnd__b8000__s601.json
A,data/input/set1/7_2_1439_3_S_1-9.dat,moead,701,8000,7,2,e3f61bc246a2052d69408afd7a18030ae4ce485f577859aeea52c948f2ae3305,8000,8000,0,0.0,50,26,2.987151937000135,0.3733939921250169,26,125,367482147/2500000,146.9928588,3,7,24,3,1.081194524713135,0.0005974687130697764,exact,data/baselines/7_2_1439_3_S_1-9_custom_exact_dp.json,runs/A__7_2_1439_3_S_1-9__moead__b8000__s701.json
A,data/input/set1/7_2_1439_3_S_1-9.dat,vns_vnd,701,8000,7,2,e3f61bc246a2052d69408afd7a18030ae4ce485f577859aeea52c948f2ae3305,8000,6546,1454,0.18175,0,16,0.8182300549999582,0.10227875687499477,16,145,367482147/2500000,146.9928588,3,4,14,1,1.0672854573182478,0.003956599962071743,exact,data/baselines/7_2_1439_3_S_1-9_custom_exact_dp.json,runs/A__7_2_1439_3_S_1-9__vns_vnd__b8000__s701.json
A,data/input/set1/7_2_1439_3_S_1-9.dat,spea2,701,8000,7,2,e3f61bc246a2052d69408afd7a18030ae4ce485f577859aeea52c948f2ae3305,8000,8000,0,0.0,50,38,7.840459385000031,0.9800574231250039,38,124,367482147/2500000,146.9928588,3,9,35,2,1.0819606436780973,0.0001277931940996054,exact,data/baselines/7_2_1439_3_S_1-9_custom_exact_dp.json,runs/A__7_2_1439_3_S_1-9__spea2__b8000__s701.json
A,data/input/set1/7_2_1439_3_S_1-9.dat,vns_vnd,809,8000,7,2,e3f61bc246a2052d69408afd7a18030ae4ce485f577859aeea52c948f2ae3305,8000,7071,929,0.116125,0,29,0.8405940840000312,0.1050742605000039,29,127,367482147/2500000,146.9928588,3,6,27,1,1.0798367352329352,0.0007336429780408434,exact,data/baselines/7_2_1439_3_S_1-9_custom_exact_dp.json,runs/A__7_2_1439_3_S_1-9__vns_vnd__b8000__s809.json
A,data/input/set1/7_2_1439_3_S_1-9.dat,spea2,809,8000,7,2,e3f61bc246a2052d69408afd7a18030ae4ce485f577859aeea52c948f2ae3305,8000,8000,0,0.0,50,40,8.646065402999966,1.0807581753749957,40,124,367482147/2500000,146.9928588,3,5,37,3,1.0819732088421086,5.47793257079989e-05,exact,data/baselines/7_2_1439_3_S_1-9_custom_exact_dp.json,runs/A__7_2_1439_3_S_1-9__spea2__b8000__s809.json
A,data/input/set1/7_2_1439_3_S_1-9.dat,moead,809,8000,7,2,e3f61bc246a2052d69408afd7a18030ae4ce485f577859aeea52c948f2ae3305,8000,8000,0,0.0,50,27,2.975447380000105,0.37193092250001314,27,126,367482147/2500000,146.9928588,3,10,25,1,1.0804209495817765,0.0009556338642768341,exact,data/baselines/7_2_1439_3_S_1-9_custom_exact_dp.json,runs/A__7_2_1439_3_S_1-9__moead__b8000__s809.json
A,data/input/set1/7_2_1439_3_S_1-9.dat,spea2,907,8000,7,2,e3f61bc246a2052d69408afd7a18030ae4ce485f577859aeea52c948f2ae3305,8000,8000,0,0.0,50,40,7.863345245000119,0.9829181556250148,40,124,367482147/2500000,146.9928588,3,6,37,2,1.0819556330417044,0.00019490111325977624,exact,data/baselines/7_2_1439_3_S_1-9_custom_exact_dp.json,runs/A__7_2_1439_3_S_1-9__spea2__b8000__s907.json
A,data/input/set1/7_2_1439_3_S_1-9.dat,moead,907,8000,7,2,e3f61bc246a2052d69408afd7a18030ae4ce485f577859aeea52c948f2ae3305,8000,8000,0,0.0,50,26,3.0228249729998424,0.3778531216249803,26,125,367482147/2500000,146.9928588,3,8,23,3,1.0810232469663468,0.0008142731619618081,exact,data/baselines/7_2_1439_3_S_1-9_custom_exact_dp.json,runs/A__7_2_1439_3_S_1-9__moead__b8000__s907.json
A,data/input/set1/7_2_1439_3_S_1-9.dat,vns_vnd,907,8000,7,2,e3f61bc246a2052d69408afd7a18030ae4ce485f577859aeea52c948f2ae3305,8000,7076,924,0.1155,0,16,0.854287210999928,0.106785901374991,16,145,367482147/2500000,146.9928588,4,4,14,1,1.0673065259063763,0.0039806068673292295,exact,data/baselines/7_2_1439_3_S_1-9_custom_exact_dp.json,runs/A__7_2_1439_3_S_1-9__vns_vnd__b8000__s907.json
A,data/input/set1/7_2_1439_3_S_1-9.dat,moead,1009,8000,7,2,e3f61bc246a2052d69408afd7a18030ae4ce485f577859aeea52c948f2ae3305,8000,8000,0,0.0,50,27,2.970624305000001,0.37132803812500015,27,124,367482147/2500000,146.9928588,3,4,25,2,1.0817283954739219,0.001135960861049748,exact,data/baselines/7_2_1439_3_S_1-9_custom_exact_dp.json,runs/A__7_2_1439_3_S_1-9__moead__b8000__s1009.json
A,data/input/set1/7_2_1439_3_S_1-9.dat,vns_vnd,1009,8000,7,2,e3f61bc246a2052d69408afd7a18030ae4ce485f577859aeea52c948f2ae3305,8000,6994,1006,0.12575,0,16,0.8414581219999491,0.10518226524999363,16,145,367482147/2500000,146.9928588,3,5,14,2,1.067164798956668,0.004647865636992401,exact,data/baselines/7_2_1439_3_S_1-9_custom_exact_dp.json,runs/A__7_2_1439_3_S_1-9__vns_vnd__b8000__s1009.json
A,data/input/set1/7_2_1439_3_S_1-9.dat,spea2,1009,8000,7,2,e3f61bc246a2052d69408afd7a18030ae4ce485f577859aeea52c948f2ae3305,8000,8000,0,0.0,50,40,8.167099019000034,1.0208873773750042,40,124,367482147/2500000,146.9928588,3,10,37,4,1.0819437949792792,0.0002920987293705271,exact,data/baselines/7_2_1439_3_S_1-9_custom_exact_dp.json,runs/A__7_2_1439_3_S_1-9__spea2__b8000__s1009.json
A,data/input/set1/8_2_1439_3_S_1-9.dat,vns_vnd,101,8000,8,2,ed3975883e3979a98cac26779402dc2f7bf2de48d251ff47f6c3d42dd4a55c85,8000,6910,1090,0.13625,0,19,0.8925259469999673,0.11156574337499592,19,156,238386429/1250000,190.7091432,4,5,16,1,1.0603590326667174,0.009410324898644476,exact,data/baselines/8_2_1439_3_S_1-9_custom_exact_dp.json,runs/A__8_2_1439_3_S_1-9__vns_vnd__b8000__s101.json
A,data/input/set1/8_2_1439_3_S_1-9.dat,spea2,101,8000,8,2,ed3975883e3979a98cac26779402dc2f7bf2de48d251ff47f6c3d42dd4a55c85,8000,8000,0,0.0,50,49,8.038427956000078,1.0048034945000097,49,133,238386429/1250000,190.7091432,5,21,43,6,1.0770824512418589,0.0024369289649958815,exact,data/baselines/8_2_1439_3_S_1-9_custom_exact_dp.json,runs/A__8_2_1439_3_S_1-9__spea2__b8000__s101.json
A,data/input/set1/8_2_1439_3_S_1-9.dat,moead,101,8000,8,2,ed3975883e3979a98cac26779402dc2f7bf2de48d251ff47f6c3d42dd4a55c85,8000,8000,0,0.0,50,34,3.1027717270001176,0.3878464658750147,34,138,238386429/1250000,190.7091432,2,7,27,2,1.0739330608537971,0.0014882809177223727,exact,data/baselines/8_2_1439_3_S_1-9_custom_exact_dp.json,runs/A__8_2_1439_3_S_1-9__moead__b8000__s101.json
A,data/input/set1/8_2_1439_3_S_1-9.dat,spea2,211,8000,8,2,ed3975883e3979a98cac26779402dc2f7bf2de48d251ff47f6c3d42dd4a55c85,8000,8000,0,0.0,50,43,8.247379064000143,1.0309223830000178,43,137,238386429/1250000,190.7091432,2,14,39,4,1.0745861869080338,0.001708139984155071,exact,data/baselines/8_2_1439_3_S_1-9_custom_exact_dp.json,runs/A__8_2_1439_3_S_1-9__spea2__b8000__s211.json
A,data/input/set1/8_2_1439_3_S_1-9.dat,moead,211,8000,8,2,ed3975883e3979a98cac26779402dc2f7bf2de48d251ff47f6c3d42dd4a55c85,8000,8000,0,0.0,50,32,3.1518104120000316,0.39397630150000396,32,137,238386429/1250000,190.7091432,5,7,28,1,1.0739260926500085,0.003202970937760685,exact,data/baselines/8_2_1439_3_S_1-9_custom_exact_dp.json,runs/A__8_2_1439_3_S_1-9__moead__b8000__s211.json
A,data/input/set1/8_2_1439_3_S_1-9.dat,vns_vnd,211,8000,8,2,ed3975883e3979a98cac26779402dc2f7bf2de48d251ff47f6c3d42dd4a55c85,8000,6819,1181,0.147625,0,19,0.9136273440001332,0.11420341800001665,19,151,238386429/1250000,190.7091432,4,6,16,1,1.0647167392540886,0.0033522840905051226,exact,data/baselines/8_2_1439_3_S_1-9_custom_exact_dp.json,runs/A__8_2_1439_3_S_1-9__vns_vnd__b8000__s211.json
A,data/input/set1/8_2_1439_3_S_1-9.dat,moead,307,8000,8,2,ed3975883e3979a98cac26779402dc2f7bf2de48d251ff47f6c3d42dd4a55c85,8000,8000,0,0.0,50,33,3.202490943000157,0.40031136787501964,33,141,238386429/1250000,190.7091432,5,9,30,3,1.071870182325959,0.0014005211524960167,exact,data/baselines/8_2_1439_3_S_1-9_custom_exact_dp.json,runs/A__8_2_1439_3_S_1-9__moead__b8000__s307.json
A,data/input/set1/8_2_1439_3_S_1-9.dat,vns_vnd,307,8000,8,2,ed3975883e3979a98cac26779402dc2f7bf2de48d251ff47f6c3d42dd4a55c85,8000,7050,950,0.11875,0,21,0.9253756989999147,0.11567196237498933,21,143,238386429/1250000,190.7091432,5,8,18,1,1.0702801730303468,0.002782692968221685,exact,data/baselines/8_2_1439_3_S_1-9_custom_exact_dp.json,runs/A__8_2_1439_3_S_1-9__vns_vnd__b8000__s307.json
A,data/input/set1/8_2_1439_3_S_1-9.dat,spea2,307,8000,8,2,ed3975883e3979a98cac26779402dc2f7bf2de48d251ff47f6c3d42dd4a55c85,8000,8000,0,0.0,50,50,8.013772716999938,1.0017215896249922,50,135,238386429/1250000,190.7091432,5,13,42,5,1.0755327018287324,0.0032182103392485065,exact,data/baselines/8_2_1439_3_S_1-9_custom_exact_dp.json,runs/A__8_2_1439_3_S_1-9__spea2__b8000__s307.json
A,data/input/set1/8_2_1439_3_S_1-9.dat,vns_vnd,401,8000,8,2,ed3975883e3979a98cac26779402dc2f7bf2de48d251ff47f6c3d42dd4a55c85,8000,7047,953,0.119125,0,25,0.9632708459998867,0.12040885574998583,25,154,238386429/1250000,190.7091432,6,11,18,2,1.0617484125565009,0.00961540950234931,exact,data/baselines/8_2_1439_3_S_1-9_custom_exact_dp.json,runs/A__8_2_1439_3_S_1-9__vns_vnd__b8000__s401.json
A,data/input/set1/8_2_1439_3_S_1-9.dat,spea2,401,8000,8,2,ed3975883e3979a98cac26779402dc2f7bf2de48d251ff47f6c3d42dd4a55c85,8000,8000,0,0.0,50,50,8.07409999100014,1.0092624988750174,50,133,238386429/1250000,190.7091432,4,11,44,7,1.0774236818454996,0.0007101656811168424,exact,data/baselines/8_2_1439_3_S_1-9_custom_exact_dp.json,runs/A__8_2_1439_3_S_1-9__spea2__b8000__s401.json
A,data/input/set1/8_2_1439_3_S_1-9.dat,moead,401,8000,8,2,ed3975883e3979a98cac26779402dc2f7bf2de48d251ff47f6c3d42dd4a55c85,8000,8000,0,0.0,50,34,3.0630684489999567,0.3828835561249946,34,138,238386429/1250000,190.7091432,3,8,30,4,1.0739954779171172,0.0011349062834407645,exact,data/baselines/8_2_1439_3_S_1-9_custom_exact_dp.json,runs/A__8_2_1439_3_S_1-9__moead__b8000__s401.json
A,data/input/set1/8_2_1439_3_S_1-9.dat,spea2,503,8000,8,2,ed3975883e3979a98cac26779402dc2f7bf2de48d251ff47f6c3d42dd4a55c85,8000,8000,0,0.0,50,42,8.093545898999992,1.011693237374999,42,137,238386429/1250000,190.7091432,3,20,40,15,1.0740953131483715,0.005168291112389402,exact,data/baselines/8_2_1439_3_S_1-9_custom_exact_dp.json,runs/A__8_2_1439_3_S_1-9__spea2__b8000__s503.json
A,data/input/set1/8_2_1439_3_S_1-9.dat,moead,503,8000,8,2,ed3975883e3979a98cac26779402dc2f7bf2de48d251ff47f6c3d42dd4a55c85,8000,8000,0,0.0,50,31,3.0436341939998783,0.3804542742499848,31,139,238386429/1250000,190.7091432,4,8,29,3,1.0727286884359668,0.003077475409943681,exact,data/baselines/8_2_1439_3_S_1-9_custom_exact_dp.json,runs/A__8_2_1439_3_S_1-9__moead__b8000__s503.json
A,data/input/set1/8_2_1439_3_S_1-9.dat,vns_vnd,503,8000,8,2,ed3975883e3979a98cac26779402dc2f7bf2de48d251ff47f6c3d42dd4a55c85,8000,6871,1129,0.141125,0,20,0.8597094169999764,0.10746367712499705,20,149,482276939/2500000,192.9107756,3,7,17,1,1.0630489870493647,0.0053825125308051315,exact,data/baselines/8_2_1439_3_S_1-9_custom_exact_dp.json,runs/A__8_2_1439_3_S_1-9__vns_vnd__b8000__s503.json
A,data/input/set1/8_2_1439_3_S_1-9.dat,moead,601,8000,8,2,ed3975883e3979a98cac26779402dc2f7bf2de48d251ff47f6c3d42dd4a55c85,8000,8000,0,0.0,50,33,3.108774700999902,0.38859683762498776,33,140,238386429/1250000,190.7091432,3,10,29,1,1.072181329498157,0.002120325657475967,exact,data/baselines/8_2_1439_3_S_1-9_custom_exact_dp.json,runs/A__8_2_1439_3_S_1-9__moead__b8000__s601.json
A,data/input/set1/8_2_1439_3_S_1-9.dat,vns_vnd,601,8000,8,2,ed3975883e3979a98cac26779402dc2f7bf2de48d251ff47f6c3d42dd4a55c85,8000,7020,980,0.1225,0,21,0.9151007959999333,0.11438759949999167,21,148,238386429/1250000,190.7091432,5,8,18,1,1.066384949455738,0.004658949825352764,exact,data/baselines/8_2_1439_3_S_1-9_custom_exact_dp.json,runs/A__8_2_1439_3_S_1-9__vns_vnd__b8000__s601.json
A,data/input/set1/8_2_1439_3_S_1-9.dat,spea2,601,8000,8,2,ed3975883e3979a98cac26779402dc2f7bf2de48d251ff47f6c3d42dd4a55c85,8000,8000,0,0.0,50,50,7.9092647090001265,0.9886580886250158,50,133,238386429/1250000,190.7091432,5,14,44,5,1.0770844549999103,0.0016927587364946692,exact,data/baselines/8_2_1439_3_S_1-9_custom_exact_dp.json,runs/A__8_2_1439_3_S_1-9__spea2__b8000__s601.json
A,data/input/set1/8_2_1439_3_S_1-9.dat,vns_vnd,701,8000,8,2,ed3975883e3979a98cac26779402dc2f7bf2de48d251ff47f6c3d42dd4a55c85,8000,6753,1247,0.155875,0,14,0.8976154469999074,0.11220193087498842,14,171,238386429/1250000,190.7091432,4,7,10,1,1.0490299025103975,0.016234262755869998,exact,data/baselines/8_2_1439_3_S_1-9_custom_exact_dp.json,runs/A__8_2_1439_3_S_1-9__vns_vnd__b8000__s701.json
A,data/input/set1/8_2_1439_3_S_1-9.dat,spea2,701,8000,8,2,ed3975883e3979a98cac26779402dc2f7bf2de48d251ff47f6c3d42dd4a55c85,8000,8000,0,0.0,50,50,7.931668103999982,0.9914585129999978,50,133,238386429/1250000,190.7091432,3,10,43,2,1.0774625641443238,0.0005104928298859782,exact,data/baselines/8_2_1439_3_S_1-9_custom_exact_dp.json,runs/A__8_2_1439_3_S_1-9__spea2__b8000__s701.json
A,data/input/set1/8_2_1439_3_S_1-9.dat,moead,701,8000,8,2,ed3975883e3979a98cac26779402dc2f7bf2de48d251ff47f6c3d42dd4a55c85,8000,8000,0,0.0,50,33,3.0751710219999495,0.3843963777499937,33,134,238386429/1250000,190.7091432,3,7,30,2,1.0766308938550382,0.0009528759388819134,exact,data/baselines/8_2_1439_3_S_1-9_custom_exact_dp.json,runs/A__8_2_1439_3_S_1-9__moead__b8000__s701.json
A,data/input/set1/8_2_1439_3_S_1-9.dat,spea2,809,8000,8,2,ed3975883e3979a98cac26779402dc2f7bf2de48d251ff47f6c3d42dd4a55c85,8000,8000,0,0.0,50,44,7.893147789000068,0.9866434736250085,44,133,238386429/1250000,190.7091432,5,20,41,6,1.0770968125515223,0.0025842276529360244,exact,data/baselines/8_2_1439_3_S_1-9_custom_exact_dp.json,runs/A__8_2_1439_3_S_1-9__spea2__b8000__s809.json
A,data/input/set1/8_2_1439_3_S_1-9.dat,moead,809,8000,8,2,ed3975883e3979a98cac26779402dc2f7bf2de48d251ff47f6c3d42dd4a55c85,8000,8000,0,0.0,50,32,3.08569053899987,0.38571131737498376,32,139,238386429/1250000,190.7091432,4,11,30,2,1.0729584975684279,0.0025363601246141364,exact,data/baselines/8_2_1439_3_S_1-9_custom_exact_dp.json,runs/A__8_2_1439_3_S_1-9__moead__b8000__s809.json
A,data/input/set1/8_2_1439_3_S_1-9.dat,vns_vnd,809,8000,8,2,ed3975883e3979a98cac26779402dc2f7bf2de48d251ff47f6c3d42dd4a55c85,8000,6892,1108,0.1385,0,13,0.9581968109998797,0.11977460137498497,13,155,238386429/1250000,190.7091432,3,4,11,1,1.061685712597519,0.0052265016840927665,exact,data/baselines/8_2_1439_3_S_1-9_custom_exact_dp.json,runs/A__8_2_1439_3_S_1-9__vns_vnd__b8000__s809.json
A,data/input/set1/8_2_1439_3_S_1-9.dat,moead,907,8000,8,2,ed3975883e3979a98cac26779402dc2f7bf2de48d251ff47f6c3d42dd4a55c85,8000,8000,0,0.0,50,31,3.0886644790000446,0.3860830598750056,31,140,238386429/1250000,190.7091432,4,9,30,5,1.071710411916344,0.005698892638980298,exact,data/baselines/8_2_1439_3_S_1-9_custom_exact_dp.json,runs/A__8_2_1439_3_S_1-9__moead__b8000__s907.json
A,data/input/set1/8_2_1439_3_S_1-9.dat,vns_vnd,907,8000,8,2,ed3975883e3979a98cac26779402dc2f7bf2de48d251ff47f6c3d42dd4a55c85,8000,7108,892,0.1115,0,20,0.8730654179998965,0.10913317724998706,20,147,491283617/2500000,196.5134468,4,6,18,1,1.0600957723948934,0.004322192474205913,exact,data/baselines/8_2_1439_3_S_1-9_custom_exact_dp.json,runs/A__8_2_1439_3_S_1-9__vns_vnd__b8000__s907.json
A,data/input/set1/8_2_1439_3_S_1-9.dat,spea2,907,8000,8,2,ed3975883e3979a98cac26779402dc2f7bf2de48d251ff47f6c3d42dd4a55c85,8000,8000,0,0.0,50,47,7.698788994999859,0.9623486243749824,47,132,238386429/1250000,190.7091432,4,11,41,4,1.0778943344203809,0.0008581586828130169,exact,data/baselines/8_2_1439_3_S_1-9_custom_exact_dp.json,runs/A__8_2_1439_3_S_1-9__spea2__b8000__s907.json
A,data/input/set1/8_2_1439_3_S_1-9.dat,vns_vnd,1009,8000,8,2,ed3975883e3979a98cac26779402dc2f7bf2de48d251ff47f6c3d42dd4a55c85,8000,6973,1027,0.128375,0,19,0.8739047789999859,0.10923809737499823,19,153,238386429/1250000,190.7091432,5,8,15,1,1.0630722026924864,0.005020892310406229,exact,data/baselines/8_2_1439_3_S_1-9_custom_exact_dp.json,runs/A__8_2_1439_3_S_1-9__vns_vnd__b8000__s1009.json
A,data/input/set1/8_2_1439_3_S_1-9.dat,spea2,1009,8000,8,2,ed3975883e3979a98cac26779402dc2f7bf2de48d251ff47f6c3d42dd4a55c85,8000,8000,0,0.0,50,50,8.055319272999895,1.006914909124987,50,134,238386429/1250000,190.7091432,2,9,45,2,1.0768823780140524,0.00030474687531299136,exact,data/baselines/8_2_1439_3_S_1-9_custom_exact_dp.json,runs/A__8_2_1439_3_S_1-9__spea2__b8000__s1009.json
A,data/input/set1/8_2_1439_3_S_1-9.dat,moead,1009,8000,8,2,ed3975883e3979a98cac26779402dc2f7bf2de48d251ff47f6c3d42dd4a55c85,8000,8000,0,0.0,50,31,3.033505944000126,0.37918824300001575,31,137,238386429/1250000,190.7091432,3,6,30,3,1.0736330399040308,0.005510205875351213,exact,data/baselines/8_2_1439_3_S_1-9_custom_exact_dp.json,runs/A__8_2_1439_3_S_1-9__moead__b8000__s1009.json
A,data/input/set1/9_2_1439_3_S_1-9.dat,spea2,101,8000,9,2,e376a7011fe3fcc500fe007d7c91514d4f9b7673ccc9b9734ff640c4148ac60f,8000,8000,0,0.0,50,50,7.789556793999964,0.9736945992499955,50,152,971639777/5000000,194.3279554,3,12,43,8,1.0793537898767045,0.0011680932007027628,exact,data/baselines/9_2_1439_3_S_1-9_custom_exact_dp.json,runs/A__9_2_1439_3_S_1-9__spea2__b8000__s101.json
A,data/input/set1/9_2_1439_3_S_1-9.dat,moead,101,8000,9,2,e376a7011fe3fcc500fe007d7c91514d4f9b7673ccc9b9734ff640c4148ac60f,8000,8000,0,0.0,50,34,3.1462695200000326,0.39328369000000407,34,153,971639777/5000000,194.3279554,3,14,30,2,1.0784005294443484,0.0018880160533087716,exact,data/baselines/9_2_1439_3_S_1-9_custom_exact_dp.json,runs/A__9_2_1439_3_S_1-9__moead__b8000__s101.json
A,data/input/set1/9_2_1439_3_S_1-9.dat,vns_vnd,101,8000,9,2,e376a7011fe3fcc500fe007d7c91514d4f9b7673ccc9b9734ff640c4148ac60f,8000,7122,878,0.10975,0,13,0.9169380060000094,0.11461725075000118,13,180,971639777/5000000,194.3279554,4,8,11,1,1.0590226231534767,0.006148519724614893,exact,data/baselines/9_2_1439_3_S_1-9_custom_exact_dp.json,runs/A__9_2_1439_3_S_1-9__vns_vnd__b8000__s101.json
A,data/input/set1/9_2_1439_3_S_1-9.dat,moead,211,8000,9,2,e376a7011fe3fcc500fe007d7c91514d4f9b7673ccc9b9734ff640c4148ac60f,8000,8000,0,0.0,50,39,3.1685937009999634,0.3960742126249954,39,152,971639777/5000000,194.3279554,3,16,35,3,1.07913334248818,0.0017014604542389719,exact,data/baselines/9_2_1439_3_S_1-9_custom_exact_dp.json,runs/A__9_2_1439_3_S_1-9__moead__b8000__s211.json
A,data/input/set1/9_2_1439_3_S_1-9.dat,vns_vnd,211,8000,9,2,e376a7011fe3fcc500fe007d7c91514d4f9b7673ccc9b9734ff640c4148ac60f,8000,7072,928,0.116,0,26,0.9570072320000236,0.11962590400000295,26,164,993333281/5000000,198.6666562,3,8,25,2,1.060638315279356,0.004102535560060964,exact,data/baselines/9_2_1439_3_S_1-9_custom_exact_dp.json,runs/A__9_2_1439_3_S_1-9__vns_vnd__b8000__s211.json
A,data/input/set1/9_2_1439_3_S_1-9.dat,spea2,211,8000,9,2,e376a7011fe3fcc500fe007d7c91514d4f9b7673ccc9b9734ff640c4148ac60f,8000,8000,0,0.0,50,50,8.160147129000052,1.0200183911250065,50,152,971639777/5000000,194.3279554,3,11,45,5,1.0793130294939248,0.001369058521822134,exact,data/baselines/9_2_1439_3_S_1-9_custom_exact_dp.json,runs/A__9_2_1439_3_S_1-9__spea2__b8000__s211.json
A,data/input/set1/9_2_1439_3_S_1-9.dat,vns_vnd,307,8000,9,2,e376a7011fe3fcc500fe007d7c91514d4f9b7673ccc9b9734ff640c4148ac60f,8000,6913,1087,0.135875,0,17,0.9408975900000769,0.11761219875000961,17,165,971639777/5000000,194.3279554,5,6,15,1,1.0693463638777545,0.0054322237243643245,exact,data/baselines/9_2_1439_3_S_1-9_custom_exact_dp.json,runs/A__9_2_1439_3_S_1-9__vns_vnd__b8000__s307.json
A,data/input/set1/9_2_1439_3_S_1-9.dat,spea2,307,8000,9,2,e376a7011fe3fcc500fe007d7c91514d4f9b7673ccc9b9734ff640c4148ac60f,8000,8000,0,0.0,50,50,7.8385311080000974,0.9798163885000122,50,152,971639777/5000000,194.3279554,3,26,46,6,1.0792620993376425,0.0015346083021866464,exact,data/baselines/9_2_1439_3_S_1-9_custom_exact_dp.json,runs/A__9_2_1439_3_S_1-9__spea2__b8000__s307.json
A,data/input/set1/9_2_1439_3_S_1-9.dat,moead,307,8000,9,2,e376a7011fe3fcc500fe007d7c91514d4f9b7673ccc9b9734ff640c4148ac60f,8000,8000,0,0.0,50,26,3.046742251000069,0.3808427813750086,26,152,971639777/5000000,194.3279554,3,7,22,2,1.0791421358326851,0.002187580437229866,exact,data/baselines/9_2_1439_3_S_1-9_custom_exact_dp.json,runs/A__9_2_1439_3_S_1-9__moead__b8000__s307.json
A,data/input/set1/9_2_1439_3_S_1-9.dat,spea2,401,8000,9,2,e376a7011fe3fcc500fe007d7c91514d4f9b7673ccc9b9734ff640c4148ac60f,8000,8000,0,0.0,50,50,7.683499301999973,0.9604374127499966,50,153,971639777/5000000,194.3279554,3,17,41,3,1.0786861640352263,0.0011076197415375909,exact,data/baselines/9_2_1439_3_S_1-9_custom_exact_dp.json,runs/A__9_2_1439_3_S_1-9__spea2__b8000__s401.json
A,data/input/set1/9_2_1439_3_S_1-9.dat,moead,401,8000,9,2,e376a7011fe3fcc500fe007d7c91514d4f9b7673ccc9b9734ff640c4148ac60f,8000,8000,0,0.0,50,40,3.045572939999829,0.38069661749997863,40,152,971639777/5000000,194.3279554,3,13,37,1,1.0791479013987382,0.0018177810765640254,exact,data/baselines/9_2_1439_3_S_1-9_custom_exact_dp.json,runs/A__9_2_1439_3_S_1-9__moead__b8000__s401.json
A,data/input/set1/9_2_1439_3_S_1-9.dat,vns_vnd,401,8000,9,2,e376a7011fe3fcc500fe007d7c91514d4f9b7673ccc9b9734ff640c4148ac60f,8000,7131,869,0.108625,0,23,0.9301683170001525,0.11627103962501906,23,181,392984927/2000000,196.4924635,3,5,19,1,1.0563872105310512,0.005421616799372309,exact,data/baselines/9_2_1439_3_S_1-9_custom_exact_dp.json,runs/A__9_2_1439_3_S_1-9__vns_vnd__b8000__s401.json
A,data/input/set1/9_2_1439_3_S_1-9.dat,moead,503,8000,9,2,e376a7011fe3fcc500fe007d7c91514d4f9b7673ccc9b9734ff640c4148ac60f,8000,8000,0,0.0,50,39,3.08845204499994,0.3860565056249925,39,153,971639777/5000000,194.3279554,3,12,32,4,1.078339244103094,0.0021142000405047863,exact,data/baselines/9_2_1439_3_S_1-9_custom_exact_dp.json,runs/A__9_2_1439_3_S_1-9__moead__b8000__s503.json
A,data/input/set1/9_2_1439_3_S_1-9.dat,vns_vnd,503,8000,9,2,e376a7011fe3fcc500fe007d7c91514d4f9b7673ccc9b9734ff640c4148ac60f,8000,7000,1000,0.125,0,15,0.9601943539998956,0.12002429424998695,15,187,204684021/1000000,204.684021,3,7,13,1,1.0439006108226105,0.007726231612281883,exact,data/baselines/9_2_1439_3_S_1-9_custom_exact_dp.json,runs/A__9_2_1439_3_S_1-9__vns_vnd__b8000__s503.json
A,data/input/set1/9_2_1439_3_S_1-9.dat,spea2,503,8000,9,2,e376a7011fe3fcc500fe007d7c91514d4f9b7673ccc9b9734ff640c4148ac60f,8000,8000,0,0.0,50,47,7.728138608000108,0.9660173260000136,47,153,365868047/1875000,195.12962506666668,3,14,42,5,1.0777759709051813,0.0017803250825820173,exact,data/baselines/9_2_1439_3_S_1-9_custom_exact_dp.json,runs/A__9_2_1439_3_S_1-9__spea2__b8000__s503.json
A,data/input/set1/9_2_1439_3_S_1-9.dat,vns_vnd,601,8000,9,2,e376a7011fe3fcc500fe007d7c91514d4f9b7673ccc9b9734ff640c4148ac60f,8000,6783,1217,0.152125,0,15,0.9379349920000095,0.11724187400000119,15,179,204684021/1000000,204.684021,3,5,13,1,1.049611281902554,0.006668762762713292,exact,data/baselines/9_2_1439_3_S_1-9_custom_exact_dp.json,runs/A__9_2_1439_3_S_1-9__vns_vnd__b8000__s601.json
A,data/input/set1/9_2_1439_3_S_1-9.dat,spea2,601,8000,9,2,e376a7011fe3fcc500fe007d7c91514d4f9b7673ccc9b9734ff640c4148ac60f,8000,8000,0,0.0,50,50,7.620580797999992,0.952572599749999,50,152,971639777/5000000,194.3279554,3,22,46,6,1.07934211443419,0.001162663564001851,exact,data/baselines/9_2_1439_3_S_1-9_custom_exact_dp.json,runs/A__9_2_1439_3_S_1-9__spea2__b8000__s601.json
A,data/input/set1/9_2_1439_3_S_1-9.dat,moead,601,8000,9,2,e376a7011fe3fcc500fe007d7c91514d4f9b7673ccc9b9734ff640c4148ac60f,8000,8000,0,0.0,50,32,3.0759137800000644,0.38448922250000805,32,153,971639777/5000000,194.3279554,3,17,30,2,1.0782725626486895,0.002790263209662235,exact,data/baselines/9_2_1439_3_S_1-9_custom_exact_dp.json,runs/A__9_2_1439_3_S_1-9__moead__b8000__s601.json
A,data/input/set1/9_2_1439_3_S_1-9.dat,spea2,701,8000,9,2,e376a7011fe3fcc500fe007d7c91514d4f9b7673ccc9b9734ff640c4148ac60f,8000,8000,0,0.0,50,50,7.677940820999993,0.9597426026249991,50,152,971639777/5000000,194.3279554,3,9,40,7,1.0793943607379084,0.001015115794865887,exact,data/baselines/9_2_1439_3_S_1-9_custom_exact_dp.json,runs/A__9_2_1439_3_S_1-9__spea2__b8000__s701.json
A,data/input/set1/9_2_1439_3_S_1-9.dat,moead,701,8000,9,2,e376a7011fe3fcc500fe007d7c91514d4f9b7673ccc9b9734ff640c4148ac60f,8000,8000,0,0.0,50,32,3.069705388000102,0.38371317350001277,32,156,971639777/5000000,194.3279554,3,17,28,3,1.0761803592664612,0.002946888089529445,exact,data/baselines/9_2_1439_3_S_1-9_custom_exact_dp.json,runs/A__9_2_1439_3_S_1-9__moead__b8000__s701.json
A,data/input/set1/9_2_1439_3_S_1-9.dat,vns_vnd,701,8000,9,2,e376a7011fe3fcc500fe007d7c91514d4f9b7673ccc9b9734ff640c4148ac60f,8000,7004,996,0.1245,0,9,0.9122937669999374,0.11403672087499217,9,196,195289959/1000000,195.289959,3,3,7,1,1.046366884033327,0.00962311102793687,exact,data/baselines/9_2_1439_3_S_1-9_custom_exact_dp.json,runs/A__9_2_1439_3_S_1-9__vns_vnd__b8000__s701.json
A,data/input/set1/9_2_1439_3_S_1-9.dat,moead,809,8000,9,2,e376a7011fe3fcc500fe007d7c91514d4f9b7673ccc9b9734ff640c4148ac60f,8000,8000,0,0.0,50,39,3.0912080660000356,0.38640100825000445,39,152,971639777/5000000,194.3279554,3,17,33,2,1.0791868866721925,0.0017187567029734745,exact,data/baselines/9_2_1439_3_S_1-9_custom_exact_dp.json,runs/A__9_2_1439_3_S_1-9__moead__b8000__s809.json
A,data/input/set1/9_2_1439_3_S_1-9.dat,vns_vnd,809,8000,9,2,e376a7011fe3fcc500fe007d7c91514d4f9b7673ccc9b9734ff640c4148ac60f,8000,6679,1321,0.165125,0,14,0.9100410940000074,0.11375513675000093,14,176,204684021/1000000,204.684021,3,4,13,1,1.051696478009889,0.006373911754857551,exact,data/baselines/9_2_1439_3_S_1-9_custom_exact_dp.json,runs/A__9_2_1439_3_S_1-9__vns_vnd__b8000__s809.json
A,data/input/set1/9_2_1439_3_S_1-9.dat,spea2,809,8000,9,2,e376a7011fe3fcc500fe007d7c91514d4f9b7673ccc9b9734ff640c4148ac60f,8000,8000,0,0.0,50,50,7.678356047000079,0.9597945058750099,50,151,971639777/5000000,194.3279554,3,11,44,6,1.08009014720237,0.0010240719473688384,exact,data/baselines/9_2_1439_3_S_1-9_custom_exact_dp.json,runs/A__9_2_1439_3_S_1-9__spea2__b8000__s809.json
A,data/input/set1/9_2_1439_3_S_1-9.dat,vns_vnd,907,8000,9,2,e376a7011fe3fcc500fe007d7c91514d4f9b7673ccc9b9734ff640c4148ac60f,8000,6850,1150,0.14375,0,24,0.9222450709999066,0.11528063387498833,24,192,971639777/5000000,194.3279554,6,9,20,1,1.0496251650520707,0.011690800021693338,exact,data/baselines/9_2_1439_3_S_1-9_custom_exact_dp.json,runs/A__9_2_1439_3_S_1-9__vns_vnd__b8000__s907.json
A,data/input/set1/9_2_1439_3_S_1-9.dat,spea2,907,8000,9,2,e376a7011fe3fcc500fe007d7c91514d4f9b7673ccc9b9734ff640c4148ac60f,8000,8000,0,0.0,50,50,8.074395003999825,1.0092993754999782,50,152,971639777/5000000,194.3279554,3,8,39,3,1.079428041233913,0.0008936202147895741,exact,data/baselines/9_2_1439_3_S_1-9_custom_exact_dp.json,runs/A__9_2_1439_3_S_1-9__spea2__b8000__s907.json
A,data/input/set1/9_2_1439_3_S_1-9.dat,moead,907,8000,9,2,e376a7011fe3fcc500fe007d7c91514d4f9b7673ccc9b9734ff640c4148ac60f,8000,8000,0,0.0,50,35,3.248623070999656,0.406077883874957,35,153,971639777/5000000,194.3279554,3,14,30,1,1.0784719233641866,0.0017713694475232661,exact,data/baselines/9_2_1439_3_S_1-9_custom_exact_dp.json,runs/A__9_2_1439_3_S_1-9__moead__b8000__s907.json
A,data/input/set1/9_2_1439_3_S_1-9.dat,spea2,1009,8000,9,2,e376a7011fe3fcc500fe007d7c91514d4f9b7673ccc9b9734ff640c4148ac60f,8000,8000,0,0.0,50,50,7.9937002360002225,0.9992125295000278,50,151,365868047/1875000,195.12962506666668,3,11,41,2,1.0792127202979755,0.0014150169069059074,exact,data/baselines/9_2_1439_3_S_1-9_custom_exact_dp.json,runs/A__9_2_1439_3_S_1-9__spea2__b8000__s1009.json
A,data/input/set1/9_2_1439_3_S_1-9.dat,moead,1009,8000,9,2,e376a7011fe3fcc500fe007d7c91514d4f9b7673ccc9b9734ff640c4148ac60f,8000,8000,0,0.0,50,40,3.1994682019999345,0.3999335252499918,40,151,971639777/5000000,194.3279554,3,9,35,1,1.0799176346158506,0.001382252630080702,exact,data/baselines/9_2_1439_3_S_1-9_custom_exact_dp.json,runs/A__9_2_1439_3_S_1-9__moead__b8000__s1009.json
A,data/input/set1/9_2_1439_3_S_1-9.dat,vns_vnd,1009,8000,9,2,e376a7011fe3fcc500fe007d7c91514d4f9b7673ccc9b9734ff640c4148ac60f,8000,6814,1186,0.14825,0,10,0.9377325139998902,0.11721656424998628,10,199,971639777/5000000,194.3279554,3,3,7,1,1.0450199411443544,0.010643981304088342,exact,data/baselines/9_2_1439_3_S_1-9_custom_exact_dp.json,runs/A__9_2_1439_3_S_1-9__vns_vnd__b8000__s1009.json
A,data/input/set1/10_2_1439_3_S_1-9.dat,moead,101,8000,10,2,d2b758d6fe2f6844905ffd376128f805c98bbcf357374dcc15006ef66f4a80a4,8000,8000,0,0.0,50,43,3.269046109000101,0.4086307636250126,43,175,112066963/600000,186.77827166666665,4,13,37,3,1.0733310521209787,0.0039083123940726605,exact,data/baselines/10_2_1439_3_S_1-9_custom_exact_dp.json,runs/A__10_2_1439_3_S_1-9__moead__b8000__s101.json
A,data/input/set1/10_2_1439_3_S_1-9.dat,vns_vnd,101,8000,10,2,d2b758d6fe2f6844905ffd376128f805c98bbcf357374dcc15006ef66f4a80a4,8000,6973,1027,0.128375,0,10,1.001680137999756,0.1252100172499695,10,215,488797903/2500000,195.5191612,2,2,9,1,1.0333667893991998,0.012254464470675599,exact,data/baselines/10_2_1439_3_S_1-9_custom_exact_dp.json,runs/A__10_2_1439_3_S_1-9__vns_vnd__b8000__s101.json
A,data/input/set1/10_2_1439_3_S_1-9.dat,spea2,101,8000,10,2,d2b758d6fe2f6844905ffd376128f805c98bbcf357374dcc15006ef66f4a80a4,8000,8000,0,0.0,50,50,8.051291794000008,1.006411474250001,50,172,92988301/500000,185.976602,5,22,47,4,1.0770804824219944,0.001463010056704021,exact,data/baselines/10_2_1439_3_S_1-9_custom_exact_dp.json,runs/A__10_2_1439_3_S_1-9__spea2__b8000__s101.json
A,data/input/set1/10_2_1439_3_S_1-9.dat,vns_vnd,211,8000,10,2,d2b758d6fe2f6844905ffd376128f805c98bbcf357374dcc15006ef66f4a80a4,8000,6962,1038,0.12975,0,17,0.99207099799969,0.12400887474996125,17,215,939777443/5000000,187.9554886,5,7,11,1,1.0435438717044099,0.01024925197234089,exact,data/baselines/10_2_1439_3_S_1-9_custom_exact_dp.json,runs/A__10_2_1439_3_S_1-9__vns_vnd__b8000__s211.json
A,data/input/set1/10_2_1439_3_S_1-9.dat,spea2,211,8000,10,2,d2b758d6fe2f6844905ffd376128f805c98bbcf357374dcc15006ef66f4a80a4,8000,8000,0,0.0,50,50,7.960405054999683,0.9950506318749603,50,172,92988301/500000,185.976602,4,21,46,6,1.0769748972825097,0.0018556420776614409,exact,data/baselines/10_2_1439_3_S_1-9_custom_exact_dp.json,runs/A__10_2_1439_3_S_1-9__spea2__b8000__s211.json
A,data/input/set1/10_2_1439_3_S_1-9.dat,moead,211,8000,10,2,d2b758d6fe2f6844905ffd376128f805c98bbcf357374dcc15006ef66f4a80a4,8000,8000,0,0.0,50,36,3.2516158819998964,0.40645198524998705,36,175,939777443/5000000,187.9554886,4,14,34,3,1.0725060816090692,0.002275590656091286,exact,data/baselines/10_2_1439_3_S_1-9_custom_exact_dp.json,runs/A__10_2_1439_3_S_1-9__moead__b8000__s211.json
A,data/input/set1/10_2_1439_3_S_1-9.dat,spea2,307,8000,10,2,d2b758d6fe2f6844905ffd376128f805c98bbcf357374dcc15006ef66f4a80a4,8000,8000,0,0.0,50,50,7.956190563000291,0.9945238203750364,50,171,939777443/5000000,187.9554886,5,16,48,7,1.0753423425743862,0.0018203474745023382,exact,data/baselines/10_2_1439_3_S_1-9_custom_exact_dp.json,runs/A__10_2_1439_3_S_1-9__spea2__b8000__s307.json
A,data/input/set1/10_2_1439_3_S_1-9.dat,moead,307,8000,10,2,d2b758d6fe2f6844905ffd376128f805c98bbcf357374dcc15006ef66f4a80a4,8000,8000,0,0.0,50,43,3.1623351030002596,0.39529188787503244,43,182,233447283/1250000,186.7578264,4,17,39,2,1.0693407040575644,0.001998043145490903,exact,data/baselines/10_2_1439_3_S_1-9_custom_exact_dp.json,runs/A__10_2_1439_3_S_1-9__moead__b8000__s307.json
A,data/input/set1/10_2_1439_3_S_1-9.dat,vns_vnd,307,8000,10,2,d2b758d6fe2f6844905ffd376128f805c98bbcf357374dcc15006ef66f4a80a4,8000,6934,1066,0.13325,0,16,0.9929643139998916,0.12412053924998645,16,207,939777443/5000000,187.9554886,3,6,14,2,1.0496525876776428,0.00730999871290012,exact,data/baselines/10_2_1439_3_S_1-9_custom_exact_dp.json,runs/A__10_2_1439_3_S_1-9__vns_vnd__b8000__s307.json
A,data/input/set1/10_2_1439_3_S_1-9.dat,moead,401,8000,10,2,d2b758d6fe2f6844905ffd376128f805c98bbcf357374dcc15006ef66f4a80a4,8000,8000,0,0.0,50,42,3.1815871120002157,0.39769838900002696,42,174,92988301/500000,185.976602,5,17,39,2,1.0755084912290045,0.0018931932710687192,exact,data/baselines/10_2_1439_3_S_1-9_custom_exact_dp.json,runs/A__10_2_1439_3_S_1-9__moead__b8000__s401.json
A,data/input/set1/10_2_1439_3_S_1-9.dat,vns_vnd,401,8000,10,2,d2b758d6fe2f6844905ffd376128f805c98bbcf357374dcc15006ef66f4a80a4,8000,6911,1089,0.136125,0,16,0.962560628999654,0.12032007862495675,16,196,3101315599/15000000,206.75437326666668,3,6,16,1,1.0317683961826345,0.012591693615696667,exact,data/baselines/10_2_1439_3_S_1-9_custom_exact_dp.json,runs/A__10_2_1439_3_S_1-9__vns_vnd__b8000__s401.json
A,data/input/set1/10_2_1439_3_S_1-9.dat,spea2,401,8000,10,2,d2b758d6fe2f6844905ffd376128f805c98bbcf357374dcc15006ef66f4a80a4,8000,8000,0,0.0,50,50,7.989728313999876,0.9987160392499845,50,170,92988301/500000,185.976602,6,28,46,4,1.0783392975407697,0.0018290836823845887,exact,data/baselines/10_2_1439_3_S_1-9_custom_exact_dp.json,runs/A__10_2_1439_3_S_1-9__spea2__b8000__s401.json
A,data/input/set1/10_2_1439_3_S_1-9.dat,vns_vnd,503,8000,10,2,d2b758d6fe2f6844905ffd376128f805c98bbcf357374dcc15006ef66f4a80a4,8000,6857,1143,0.142875,0,25,0.9970687899999575,0.12463359874999469,25,202,939777443/5000000,187.9554886,4,4,22,1,1.0532632631884284,0.006716671225958684,exact,data/baselines/10_2_1439_3_S_1-9_custom_exact_dp.json,runs/A__10_2_1439_3_S_1-9__vns_vnd__b8000__s503.json
A,data/input/set1/10_2_1439_3_S_1-9.dat,spea2,503,8000,10,2,d2b758d6fe2f6844905ffd376128f805c98bbcf357374dcc15006ef66f4a80a4,8000,8000,0,0.0,50,50,8.16341249900006,1.0204265623750075,50,172,92988301/500000,185.976602,5,23,44,3,1.0770442517944756,0.0016079180373413705,exact,data/baselines/10_2_1439_3_S_1-9_custom_exact_dp.json,runs/A__10_2_1439_3_S_1-9__spea2__b8000__s503.json
A,data/input/set1/10_2_1439_3_S_1-9.dat,moead,503,8000,10,2,d2b758d6fe2f6844905ffd376128f805c98bbcf357374dcc15006ef66f4a80a4,8000,8000,0,0.0,50,39,3.253288246000011,0.4066610307500014,39,177,92988301/500000,185.976602,5,17,36,4,1.0730238746137903,0.003755822724004197,exact,data/baselines/10_2_1439_3_S_1-9_custom_exact_dp.json,runs/A__10_2_1439_3_S_1-9__moead__b8000__s503.json
A,data/input/set1/10_2_1439_3_S_1-9.dat,spea2,601,8000,10,2,d2b758d6fe2f6844905ffd376128f805c98bbcf357374dcc15006ef66f4a80a4,8000,8000,0,0.0,50,50,8.213064893000137,1.0266331116250171,50,170,92988301/500000,185.976602,6,21,46,8,1.0783270435846388,0.0020650945550957684,exact,data/baselines/10_2_1439_3_S_1-9_custom_exact_dp.json,runs/A__10_2_1439_3_S_1-9__spea2__b8000__s601.json
A,data/input/set1/10_2_1439_3_S_1-9.dat,moead,601,8000,10,2,d2b758d6fe2f6844905ffd376128f805c98bbcf357374dcc15006ef66f4a80a4,8000,8000,0,0.0,50,40,3.3201009270001123,0.41501261587501403,40,177,92988301/500000,185.976602,5,9,36,1,1.0733159485232404,0.0023248210904493923,exact,data/baselines/10_2_1439_3_S_1-9_custom_exact_dp.json,runs/A__10_2_1439_3_S_1-9__moead__b8000__s601.json
A,data/input/set1/10_2_1439_3_S_1-9.dat,vns_vnd,601,8000,10,2,d2b758d6fe2f6844905ffd376128f805c98bbcf357374dcc15006ef66f4a80a4,8000,6953,1047,0.130875,0,11,1.0169355660000292,0.12711694575000365,11,223,939777443/5000000,187.9554886,3,6,9,2,1.0376140660452826,0.01254403371269597,exact,data/baselines/10_2_1439_3_S_1-9_custom_exact_dp.json,runs/A__10_2_1439_3_S_1-9__vns_vnd__b8000__s601.json
A,data/input/set1/10_2_1439_3_S_1-9.dat,moead,701,8000,10,2,d2b758d6fe2f6844905ffd376128f805c98bbcf357374dcc15006ef66f4a80a4,8000,8000,0,0.0,50,40,3.3845535940004083,0.42306919925005104,40,172,92988301/500000,185.976602,5,17,37,1,1.076829848784162,0.0017595309220992978,exact,data/baselines/10_2_1439_3_S_1-9_custom_exact_dp.json,runs/A__10_2_1439_3_S_1-9__moead__b8000__s701.json
A,data/input/set1/10_2_1439_3_S_1-9.dat,vns_vnd,701,8000,10,2,d2b758d6fe2f6844905ffd376128f805c98bbcf357374dcc15006ef66f4a80a4,8000,6977,1023,0.127875,0,19,1.0019762510000874,0.12524703137501092,19,206,1496577379/7500000,199.54365053333333,4,7,18,1,1.0351236295436517,0.00831296728866263,exact,data/baselines/10_2_1439_3_S_1-9_custom_exact_dp.json,runs/A__10_2_1439_3_S_1-9__vns_vnd__b8000__s701.json
A,data/input/set1/10_2_1439_3_S_1-9.dat,spea2,701,8000,10,2,d2b758d6fe2f6844905ffd376128f805c98bbcf357374dcc15006ef66f4a80a4,8000,8000,0,0.0,50,50,8.264796490000208,1.033099561250026,50,170,1415678687/7500000,188.75715826666666,4,21,46,10,1.0748387140848454,0.0023563832160742263,exact,data/baselines/10_2_1439_3_S_1-9_custom_exact_dp.json,runs/A__10_2_1439_3_S_1-9__spea2__b8000__s701.json
A,data/input/set1/10_2_1439_3_S_1-9.dat,vns_vnd,809,8000,10,2,d2b758d6fe2f6844905ffd376128f805c98bbcf357374dcc15006ef66f4a80a4,8000,6823,1177,0.147125,0,18,0.9969435040002281,0.12461793800002852,18,219,939777443/5000000,187.9554886,4,6,13,1,1.040149640612508,0.012948589160985305,exact,data/baselines/10_2_1439_3_S_1-9_custom_exact_dp.json,runs/A__10_2_1439_3_S_1-9__vns_vnd__b8000__s809.json
A,data/input/set1/10_2_1439_3_S_1-9.dat,spea2,809,8000,10,2,d2b758d6fe2f6844905ffd376128f805c98bbcf357374dcc15006ef66f4a80a4,8000,8000,0,0.0,50,50,8.191240593999737,1.0239050742499671,50,172,939777443/5000000,187.9554886,3,21,50,8,1.0740542610687493,0.005394957655637062,exact,data/baselines/10_2_1439_3_S_1-9_custom_exact_dp.json,runs/A__10_2_1439_3_S_1-9__spea2__b8000__s809.json
A,data/input/set1/10_2_1439_3_S_1-9.dat,moead,809,8000,10,2,d2b758d6fe2f6844905ffd376128f805c98bbcf357374dcc15006ef66f4a80a4,8000,8000,0,0.0,50,37,3.3456615139998576,0.4182076892499822,37,184,939777443/5000000,187.9554886,3,23,35,6,1.0664214978554445,0.002659714232223709,exact,data/baselines/10_2_1439_3_S_1-9_custom_exact_dp.json,runs/A__10_2_1439_3_S_1-9__moead__b8000__s809.json
A,data/input/set1/10_2_1439_3_S_1-9.dat,spea2,907,8000,10,2,d2b758d6fe2f6844905ffd376128f805c98bbcf357374dcc15006ef66f4a80a4,8000,8000,0,0.0,50,50,8.18780442599973,1.0234755532499662,50,170,967701373/5000000,193.5402746,3,13,47,6,1.0685502115065235,0.0025114963204456767,exact,data/baselines/10_2_1439_3_S_1-9_custom_exact_dp.json,runs/A__10_2_1439_3_S_1-9__spea2__b8000__s907.json
A,data/input/set1/10_2_1439_3_S_1-9.dat,moead,907,8000,10,2,d2b758d6fe2f6844905ffd376128f805c98bbcf357374dcc15006ef66f4a80a4,8000,8000,0,0.0,50,38,3.2944394699998156,0.41180493374997695,38,182,92988301/500000,185.976602,6,19,33,2,1.0702100255765998,0.0021339648533799816,exact,data/baselines/10_2_1439_3_S_1-9_custom_exact_dp.json,runs/A__10_2_1439_3_S_1-9__moead__b8000__s907.json
A,data/input/set1/10_2_1439_3_S_1-9.dat,vns_vnd,907,8000,10,2,d2b758d6fe2f6844905ffd376128f805c98bbcf357374dcc15006ef66f4a80a4,8000,7047,953,0.119125,0,21,1.0253441929999099,0.12816802412498873,21,184,1009280589/5000000,201.8561178,2,9,21,1,1.0473755304409158,0.007069113772355156,exact,data/baselines/10_2_1439_3_S_1-9_custom_exact_dp.json,runs/A__10_2_1439_3_S_1-9__vns_vnd__b8000__s907.json
A,data/input/set1/10_2_1439_3_S_1-9.dat,moead,1009,8000,10,2,d2b758d6fe2f6844905ffd376128f805c98bbcf357374dcc15006ef66f4a80a4,8000,8000,0,0.0,50,40,3.3054369399997086,0.41317961749996357,40,177,92988301/500000,185.976602,5,23,37,2,1.0734519833444858,0.0018350767319308392,exact,data/baselines/10_2_1439_3_S_1-9_custom_exact_dp.json,runs/A__10_2_1439_3_S_1-9__moead__b8000__s1009.json
A,data/input/set1/10_2_1439_3_S_1-9.dat,vns_vnd,1009,8000,10,2,d2b758d6fe2f6844905ffd376128f805c98bbcf357374dcc15006ef66f4a80a4,8000,6942,1058,0.13225,0,19,0.9942897749997428,0.12428622187496785,19,205,967701373/5000000,193.5402746,2,8,18,1,1.0430749461783713,0.009441436104787987,exact,data/baselines/10_2_1439_3_S_1-9_custom_exact_dp.json,runs/A__10_2_1439_3_S_1-9__vns_vnd__b8000__s1009.json
A,data/input/set1/10_2_1439_3_S_1-9.dat,spea2,1009,8000,10,2,d2b758d6fe2f6844905ffd376128f805c98bbcf357374dcc15006ef66f4a80a4,8000,8000,0,0.0,50,50,8.09892304999994,1.0123653812499924,50,170,92988301/500000,185.976602,6,34,46,4,1.0782582057987684,0.0020542425469281624,exact,data/baselines/10_2_1439_3_S_1-9_custom_exact_dp.json,runs/A__10_2_1439_3_S_1-9__spea2__b8000__s1009.json
A,data/input/set2/50_10_1439_5_S_1-124.dat,vns_vnd,101,8000,50,10,c3484f15ac54207f619d75b430f1bb4aaaba0896a4c453f26e4e199d95add1f3,8000,6620,1380,0.1725,0,5,5.695502838999801,0.7119378548749751,5,478,2347821437/5000000,469.5642874,3,3,3,1,0.7358819091582397,0.09449138807967537,empirical,empirical_reference_fronts/A__50_10_1439_5_S_1-124.json,runs/A__50_10_1439_5_S_1-124__vns_vnd__b8000__s101.json
A,data/input/set2/50_10_1439_5_S_1-124.dat,spea2,101,8000,50,10,c3484f15ac54207f619d75b430f1bb4aaaba0896a4c453f26e4e199d95add1f3,8000,8000,0,0.0,50,19,14.447315855999932,1.8059144819999915,19,294,7041527391/20000000,352.07636955,13,17,16,5,0.8809704586310763,0.012461623545877425,empirical,empirical_reference_fronts/A__50_10_1439_5_S_1-124.json,runs/A__50_10_1439_5_S_1-124__spea2__b8000__s101.json
A,data/input/set2/50_10_1439_5_S_1-124.dat,moead,101,8000,50,10,c3484f15ac54207f619d75b430f1bb4aaaba0896a4c453f26e4e199d95add1f3,8000,8000,0,0.0,50,12,9.535843741000008,1.191980467625001,12,294,1322803373/3750000,352.74756613333335,9,11,12,1,0.8804110889379715,0.01327915844114081,empirical,empirical_reference_fronts/A__50_10_1439_5_S_1-124.json,runs/A__50_10_1439_5_S_1-124__moead__b8000__s101.json
A,data/input/set2/50_10_1439_5_S_1-124.dat,spea2,211,8000,50,10,c3484f15ac54207f619d75b430f1bb4aaaba0896a4c453f26e4e199d95add1f3,8000,8000,0,0.0,50,23,14.496894956999768,1.812111869624971,23,298,334263969/1000000,334.263969,19,22,21,8,0.8773658787238391,0.027213531692018695,empirical,empirical_reference_fronts/A__50_10_1439_5_S_1-124.json,runs/A__50_10_1439_5_S_1-124__spea2__b8000__s211.json
A,data/input/set2/50_10_1439_5_S_1-124.dat,moead,211,8000,50,10,c3484f15ac54207f619d75b430f1bb4aaaba0896a4c453f26e4e199d95add1f3,8000,8000,0,0.0,50,9,9.497461958999793,1.187182744874974,9,317,978838663/2500000,391.5354652,5,9,9,1,0.8593215138304603,0.021660072326730843,empirical,empirical_reference_fronts/A__50_10_1439_5_S_1-124.json,runs/A__50_10_1439_5_S_1-124__moead__b8000__s211.json
A,data/input/set2/50_10_1439_5_S_1-124.dat,vns_vnd,211,8000,50,10,c3484f15ac54207f619d75b430f1bb4aaaba0896a4c453f26e4e199d95add1f3,8000,6648,1352,0.169,0,7,5.657961736999823,0.7072452171249779,7,495,3203843231/7500000,427.1790974666667,4,4,4,1,0.7282657636166022,0.10178039912024911,empirical,empirical_reference_fronts/A__50_10_1439_5_S_1-124.json,runs/A__50_10_1439_5_S_1-124__vns_vnd__b8000__s211.json
A,data/input/set2/50_10_1439_5_S_1-124.dat,moead,307,8000,50,10,c3484f15ac54207f619d75b430f1bb4aaaba0896a4c453f26e4e199d95add1f3,8000,8000,0,0.0,50,14,9.568628307999916,1.1960785384999895,14,307,538415337/1250000,430.7322696,6,9,14,1,0.8623999259041778,0.018848019227872853,empirical,empirical_reference_fronts/A__50_10_1439_5_S_1-124.json,runs/A__50_10_1439_5_S_1-124__moead__b8000__s307.json
A,data/input/set2/50_10_1439_5_S_1-124.dat,vns_vnd,307,8000,50,10,c3484f15ac54207f619d75b430f1bb4aaaba0896a4c453f26e4e199d95add1f3,8000,6622,1378,0.17225,0,5,5.763809347000006,0.7204761683750007,5,389,1535186651/3750000,409.38310693333335,3,3,3,1,0.8066493484289042,0.04401315908685928,empirical,empirical_reference_fronts/A__50_10_1439_5_S_1-124.json,runs/A__50_10_1439_5_S_1-124__vns_vnd__b8000__s307.json
A,data/input/set2/50_10_1439_5_S_1-124.dat,spea2,307,8000,50,10,c3484f15ac54207f619d75b430f1bb4aaaba0896a4c453f26e4e199d95add1f3,8000,8000,0,0.0,50,23,14.484867883999868,1.8106084854999835,23,296,20843179979/60000000,347.3863329833333,15,18,21,9,0.8775524602888344,0.027042125409398852,empirical,empirical_reference_fronts/A__50_10_1439_5_S_1-124.json,runs/A__50_10_1439_5_S_1-124__spea2__b8000__s307.json
A,data/input/set2/50_10_1439_5_S_1-124.dat,vns_vnd,401,8000,50,10,c3484f15ac54207f619d75b430f1bb4aaaba0896a4c453f26e4e199d95add1f3,8000,6640,1360,0.17,0,6,5.750040188000185,0.7187550235000231,6,474,3653240953/7500000,487.0987937333333,5,5,2,1,0.7367383690048711,0.0929670814317577,empirical,empirical_reference_fronts/A__50_10_1439_5_S_1-124.json,runs/A__50_10_1439_5_S_1-124__vns_vnd__b8000__s401.json
A,data/input/set2/50_10_1439_5_S_1-124.dat,spea2,401,8000,50,10,c3484f15ac54207f619d75b430f1bb4aaaba0896a4c453f26e4e199d95add1f3,8000,8000,0,0.0,50,9,14.595826893999856,1.824478361749982,9,287,11312791093/30000000,377.09303643333334,6,6,9,4,0.8820172098842409,0.01410074133907892,empirical,empirical_reference_fronts/A__50_10_1439_5_S_1-124.json,runs/A__50_10_1439_5_S_1-124__spea2__b8000__s401.json
A,data/input/set2/50_10_1439_5_S_1-124.dat,moead,401,8000,50,10,c3484f15ac54207f619d75b430f1bb4aaaba0896a4c453f26e4e199d95add1f3,8000,8000,0,0.0,50,8,9.64578482099978,1.2057231026249724,8,288,4827886087/12000000,402.3238405833333,7,8,7,2,0.8788489260797504,0.015046499912093713,empirical,empirical_reference_fronts/A__50_10_1439_5_S_1-124.json,runs/A__50_10_1439_5_S_1-124__moead__b8000__s401.json
A,data/input/set2/50_10_1439_5_S_1-124.dat,spea2,503,8000,50,10,c3484f15ac54207f619d75b430f1bb4aaaba0896a4c453f26e4e199d95add1f3,8000,8000,0,0.0,50,23,14.912858961000438,1.8641073701250548,23,295,7086173397/20000000,354.30866985,14,20,21,4,0.8785718819261543,0.018095257118307312,empirical,empirical_reference_fronts/A__50_10_1439_5_S_1-124.json,runs/A__50_10_1439_5_S_1-124__spea2__b8000__s503.json
A,data/input/set2/50_10_1439_5_S_1-124.dat,moead,503,8000,50,10,c3484f15ac54207f619d75b430f1bb4aaaba0896a4c453f26e4e199d95add1f3,8000,8000,0,0.0,50,13,9.718206889000157,1.2147758611250197,13,295,613406423/1875000,327.15009226666666,7,11,11,2,0.8834540856243815,0.008345298998131395,empirical,empirical_reference_fronts/A__50_10_1439_5_S_1-124.json,runs/A__50_10_1439_5_S_1-124__moead__b8000__s503.json
A,data/input/set2/50_10_1439_5_S_1-124.dat,vns_vnd,503,8000,50,10,c3484f15ac54207f619d75b430f1bb4aaaba0896a4c453f26e4e199d95add1f3,8000,6430,1570,0.19625,0,7,5.643076045000271,0.7053845056250339,7,499,1513751403/2500000,605.5005612,6,6,3,1,0.7059348669169259,0.11660814782199079,empirical,empirical_reference_fronts/A__50_10_1439_5_S_1-124.json,runs/A__50_10_1439_5_S_1-124__vns_vnd__b8000__s503.json
A,data/input/set2/50_10_1439_5_S_1-124.dat,moead,601,8000,50,10,c3484f15ac54207f619d75b430f1bb4aaaba0896a4c453f26e4e199d95add1f3,8000,8000,0,0.0,50,13,9.646026995999819,1.2057533744999773,13,293,3776977859/10000000,377.6977859,8,8,13,3,0.8769113072905959,0.022586687404323878,empirical,empirical_reference_fronts/A__50_10_1439_5_S_1-124.json,runs/A__50_10_1439_5_S_1-124__moead__b8000__s601.json
A,data/input/set2/50_10_1439_5_S_1-124.dat,vns_vnd,601,8000,50,10,c3484f15ac54207f619d75b430f1bb4aaaba0896a4c453f26e4e199d95add1f3,8000,6572,1428,0.1785,0,3,5.667222053999922,0.7084027567499902,3,472,996238661/2500000,398.4954644,3,3,1,1,0.7481606505706208,0.08726554804948133,empirical,empirical_reference_fronts/A__50_10_1439_5_S_1-124.json,runs/A__50_10_1439_5_S_1-124__vns_vnd__b8000__s601.json
A,data/input/set2/50_10_1439_5_S_1-124.dat,spea2,601,8000,50,10,c3484f15ac54207f619d75b430f1bb4aaaba0896a4c453f26e4e199d95add1f3,8000,8000,0,0.0,50,21,14.405697258000146,1.8007121572500182,21,291,11200837117/30000000,373.3612372333333,14,17,21,6,0.8784203789251004,0.025186049074825113,empirical,empirical_reference_fronts/A__50_10_1439_5_S_1-124.json,runs/A__50_10_1439_5_S_1-124__spea2__b8000__s601.json
A,data/input/set2/50_10_1439_5_S_1-124.dat,vns_vnd,701,8000,50,10,c3484f15ac54207f619d75b430f1bb4aaaba0896a4c453f26e4e199d95add1f3,8000,6431,1569,0.196125,0,4,5.713301653999679,0.7141627067499599,4,603,1252848279/2500000,501.1393116,3,3,2,1,0.6437959803065954,0.1706533439584025,empirical,empirical_reference_fronts/A__50_10_1439_5_S_1-124.json,runs/A__50_10_1439_5_S_1-124__vns_vnd__b8000__s701.json
A,data/input/set2/50_10_1439_5_S_1-124.dat,spea2,701,8000,50,10,c3484f15ac54207f619d75b430f1bb4aaaba0896a4c453f26e4e199d95add1f3,8000,8000,0,0.0,50,11,14.48894055699975,1.8111175696249688,11,304,4598135093/12000000,383.17792441666666,7,7,11,6,0.8699154284794244,0.017060908492607312,empirical,empirical_reference_fronts/A__50_10_1439_5_S_1-124.json,runs/A__50_10_1439_5_S_1-124__spea2__b8000__s701.json
A,data/input/set2/50_10_1439_5_S_1-124.dat,moead,701,8000,50,10,c3484f15ac54207f619d75b430f1bb4aaaba0896a4c453f26e4e199d95add1f3,8000,8000,0,0.0,50,14,9.652072930000031,1.206509116250004,14,319,8850255569/20000000,442.51277845,10,12,11,4,0.8517793782267061,0.025620556877162023,empirical,empirical_reference_fronts/A__50_10_1439_5_S_1-124.json,runs/A__50_10_1439_5_S_1-124__moead__b8000__s701.json
A,data/input/set2/50_10_1439_5_S_1-124.dat,spea2,809,8000,50,10,c3484f15ac54207f619d75b430f1bb4aaaba0896a4c453f26e4e199d95add1f3,8000,8000,0,0.0,50,15,14.23947189899991,1.7799339873749886,15,278,19181915977/60000000,319.6985996166667,9,15,14,5,0.8971624353493808,0.002465241061326432,empirical,empirical_reference_fronts/A__50_10_1439_5_S_1-124.json,runs/A__50_10_1439_5_S_1-124__spea2__b8000__s809.json
A,data/input/set2/50_10_1439_5_S_1-124.dat,moead,809,8000,50,10,c3484f15ac54207f619d75b430f1bb4aaaba0896a4c453f26e4e199d95add1f3,8000,8000,0,0.0,50,14,9.41084743700003,1.1763559296250037,14,319,30332183341/60000000,505.53638901666665,12,13,13,4,0.8422426614729626,0.045789593868905784,empirical,empirical_reference_fronts/A__50_10_1439_5_S_1-124.json,runs/A__50_10_1439_5_S_1-124__moead__b8000__s809.json
A,data/input/set2/50_10_1439_5_S_1-124.dat,vns_vnd,809,8000,50,10,c3484f15ac54207f619d75b430f1bb4aaaba0896a4c453f26e4e199d95add1f3,8000,6600,1400,0.175,0,6,5.722298541999862,0.7152873177499828,6,486,3814780081/15000000,254.31867206666666,4,4,3,1,0.7537741567972152,0.08995462699166404,empirical,empirical_reference_fronts/A__50_10_1439_5_S_1-124.json,runs/A__50_10_1439_5_S_1-124__vns_vnd__b8000__s809.json
A,data/input/set2/50_10_1439_5_S_1-124.dat,moead,907,8000,50,10,c3484f15ac54207f619d75b430f1bb4aaaba0896a4c453f26e4e199d95add1f3,8000,8000,0,0.0,50,9,9.583075688000008,1.197884461000001,9,316,14507256403/30000000,483.5752134333333,7,9,9,1,0.848357916034853,0.03314298709580447,empirical,empirical_reference_fronts/A__50_10_1439_5_S_1-124.json,runs/A__50_10_1439_5_S_1-124__moead__b8000__s907.json
A,data/input/set2/50_10_1439_5_S_1-124.dat,vns_vnd,907,8000,50,10,c3484f15ac54207f619d75b430f1bb4aaaba0896a4c453f26e4e199d95add1f3,8000,6580,1420,0.1775,0,8,5.695016748999933,0.7118770936249916,8,545,7836310231/15000000,522.4206820666667,6,6,3,1,0.6813882981734475,0.14230527243251534,empirical,empirical_reference_fronts/A__50_10_1439_5_S_1-124.json,runs/A__50_10_1439_5_S_1-124__vns_vnd__b8000__s907.json
A,data/input/set2/50_10_1439_5_S_1-124.dat,spea2,907,8000,50,10,c3484f15ac54207f619d75b430f1bb4aaaba0896a4c453f26e4e199d95add1f3,8000,8000,0,0.0,50,18,14.324984148000112,1.790623018500014,18,277,20001007163/60000000,333.3501193833333,10,16,17,8,0.8928725884514982,0.017359305163152875,empirical,empirical_reference_fronts/A__50_10_1439_5_S_1-124.json,runs/A__50_10_1439_5_S_1-124__spea2__b8000__s907.json
A,data/input/set2/50_10_1439_5_S_1-124.dat,vns_vnd,1009,8000,50,10,c3484f15ac54207f619d75b430f1bb4aaaba0896a4c453f26e4e199d95add1f3,8000,6637,1363,0.170375,0,10,5.611187208000047,0.7013984010000058,10,444,580059117/1250000,464.0472936,6,6,6,1,0.7606684005727645,0.07649282968584137,empirical,empirical_reference_fronts/A__50_10_1439_5_S_1-124.json,runs/A__50_10_1439_5_S_1-124__vns_vnd__b8000__s1009.json
A,data/input/set2/50_10_1439_5_S_1-124.dat,spea2,1009,8000,50,10,c3484f15ac54207f619d75b430f1bb4aaaba0896a4c453f26e4e199d95add1f3,8000,8000,0,0.0,50,11,14.07683934500028,1.759604918125035,11,285,20921818931/60000000,348.6969821833333,7,7,9,4,0.8876218933512502,0.008060662987822292,empirical,empirical_reference_fronts/A__50_10_1439_5_S_1-124.json,runs/A__50_10_1439_5_S_1-124__spea2__b8000__s1009.json
A,data/input/set2/50_10_1439_5_S_1-124.dat,moead,1009,8000,50,10,c3484f15ac54207f619d75b430f1bb4aaaba0896a4c453f26e4e199d95add1f3,8000,8000,0,0.0,50,12,9.499320245000035,1.1874150306250044,12,285,5564173943/15000000,370.9449295333333,8,10,12,6,0.8844145314061576,0.013045273060130627,empirical,empirical_reference_fronts/A__50_10_1439_5_S_1-124.json,runs/A__50_10_1439_5_S_1-124__moead__b8000__s1009.json
A,data/input/set2/50_10_1439_5_S_1-9.dat,spea2,101,8000,50,10,c9147e6b8b3bcab1863b62202baffbeee4e1fce0791b4e6309397c4037406da7,8000,8000,0,0.0,50,28,14.01244182399978,1.7515552279999724,28,66,1002210831/4000000,250.55270775,11,25,28,10,1.0650132869309215,0.0046787839830855,empirical,empirical_reference_fronts/A__50_10_1439_5_S_1-9.json,runs/A__50_10_1439_5_S_1-9__spea2__b8000__s101.json
A,data/input/set2/50_10_1439_5_S_1-9.dat,moead,101,8000,50,10,c9147e6b8b3bcab1863b62202baffbeee4e1fce0791b4e6309397c4037406da7,8000,8000,0,0.0,50,22,9.208223596000153,1.151027949500019,22,72,4488795959/20000000,224.43979795,9,18,22,5,1.0643217530692752,0.006225703412613308,empirical,empirical_reference_fronts/A__50_10_1439_5_S_1-9.json,runs/A__50_10_1439_5_S_1-9__moead__b8000__s101.json
A,data/input/set2/50_10_1439_5_S_1-9.dat,vns_vnd,101,8000,50,10,c9147e6b8b3bcab1863b62202baffbeee4e1fce0791b4e6309397c4037406da7,8000,7086,914,0.11425,0,9,5.59512543100027,0.6993906788750337,9,275,3154064387/7500000,420.54191826666664,5,6,5,1,0.8887890006479706,0.1300806168581468,empirical,empirical_reference_fronts/A__50_10_1439_5_S_1-9.json,runs/A__50_10_1439_5_S_1-9__vns_vnd__b8000__s101.json
A,data/input/set2/50_10_1439_5_S_1-9.dat,moead,211,8000,50,10,c9147e6b8b3bcab1863b62202baffbeee4e1fce0791b4e6309397c4037406da7,8000,8000,0,0.0,50,14,9.26395867400015,1.1579948342500188,14,72,3525404233/15000000,235.02694886666666,9,13,12,5,1.0628977539846896,0.004296502161671621,empirical,empirical_reference_fronts/A__50_10_1439_5_S_1-9.json,runs/A__50_10_1439_5_S_1-9__moead__b8000__s211.json
A,data/input/set2/50_10_1439_5_S_1-9.dat,vns_vnd,211,8000,50,10,c9147e6b8b3bcab1863b62202baffbeee4e1fce0791b4e6309397c4037406da7,8000,6961,1039,0.129875,0,9,5.1142622130000746,0.6392827766250093,9,305,381105151/1250000,304.8841208,5,5,6,1,0.8818874865092882,0.14941635463080802,empirical,empirical_reference_fronts/A__50_10_1439_5_S_1-9.json,runs/A__50_10_1439_5_S_1-9__vns_vnd__b8000__s211.json
A,data/input/set2/50_10_1439_5_S_1-9.dat,spea2,211,8000,50,10,c9147e6b8b3bcab1863b62202baffbeee4e1fce0791b4e6309397c4037406da7,8000,8000,0,0.0,50,24,13.407230568000159,1.6759038210000199,24,68,2398342767/10000000,239.8342767,8,21,21,8,1.0652254555296412,0.0028618858586851007,empirical,empirical_reference_fronts/A__50_10_1439_5_S_1-9.json,runs/A__50_10_1439_5_S_1-9__spea2__b8000__s211.json
A,data/input/set2/50_10_1439_5_S_1-9.dat,vns_vnd,307,8000,50,10,c9147e6b8b3bcab1863b62202baffbeee4e1fce0791b4e6309397c4037406da7,8000,7118,882,0.11025,0,2,5.826746292999815,0.7283432866249768,2,173,4461582233/15000000,297.43881553333335,2,2,1,1,0.979641566656676,0.056869053591974424,empirical,empirical_reference_fronts/A__50_10_1439_5_S_1-9.json,runs/A__50_10_1439_5_S_1-9__vns_vnd__b8000__s307.json
A,data/input/set2/50_10_1439_5_S_1-9.dat,spea2,307,8000,50,10,c9147e6b8b3bcab1863b62202baffbeee4e1fce0791b4e6309397c4037406da7,8000,8000,0,0.0,50,14,14.060266660000252,1.7575333325000315,14,64,2338653349/10000000,233.8653349,6,13,14,6,1.0690429171312492,0.0019016616619086605,empirical,empirical_reference_fronts/A__50_10_1439_5_S_1-9.json,runs/A__50_10_1439_5_S_1-9__spea2__b8000__s307.json
A,data/input/set2/50_10_1439_5_S_1-9.dat,moead,307,8000,50,10,c9147e6b8b3bcab1863b62202baffbeee4e1fce0791b4e6309397c4037406da7,8000,8000,0,0.0,50,23,9.084204870000121,1.1355256087500152,23,73,6717222419/30000000,223.90741396666667,7,18,22,2,1.0637319858137173,0.005278065151773748,empirical,empirical_reference_fronts/A__50_10_1439_5_S_1-9.json,runs/A__50_10_1439_5_S_1-9__moead__b8000__s307.json
A,data/input/set2/50_10_1439_5_S_1-9.dat,spea2,401,8000,50,10,c9147e6b8b3bcab1863b62202baffbeee4e1fce0791b4e6309397c4037406da7,8000,8000,0,0.0,50,25,14.209518797999863,1.7761898497499828,25,69,4377907289/20000000,218.89536445,5,18,24,3,1.0676247052042356,0.000837019609072623,empirical,empirical_reference_fronts/A__50_10_1439_5_S_1-9.json,runs/A__50_10_1439_5_S_1-9__spea2__b8000__s401.json
A,data/input/set2/50_10_1439_5_S_1-9.dat,moead,401,8000,50,10,c9147e6b8b3bcab1863b62202baffbeee4e1fce0791b4e6309397c4037406da7,8000,8000,0,0.0,50,18,9.2096032620002,1.151200407750025,18,74,6953332967/30000000,231.77776556666666,8,16,18,2,1.0618655173184353,0.005013804628708706,empirical,empirical_reference_fronts/A__50_10_1439_5_S_1-9.json,runs/A__50_10_1439_5_S_1-9__moead__b8000__s401.json
A,data/input/set2/50_10_1439_5_S_1-9.dat,vns_vnd,401,8000,50,10,c9147e6b8b3bcab1863b62202baffbeee4e1fce0791b4e6309397c4037406da7,8000,7019,981,0.122625,0,4,5.539338501000202,0.6924173126250253,4,242,969928831/3000000,323.30961033333335,3,3,3,1,0.9255611500881128,0.1047531348443235,empirical,empirical_reference_fronts/A__50_10_1439_5_S_1-9.json,runs/A__50_10_1439_5_S_1-9__vns_vnd__b8000__s401.json
A,data/input/set2/50_10_1439_5_S_1-9.dat,moead,503,8000,50,10,c9147e6b8b3bcab1863b62202baffbeee4e1fce0791b4e6309397c4037406da7,8000,8000,0,0.0,50,21,9.059142904000055,1.1323928630000069,21,72,2338879323/10000000,233.8879323,11,21,21,6,1.062980915991016,0.0060107847138081115,empirical,empirical_reference_fronts/A__50_10_1439_5_S_1-9.json,runs/A__50_10_1439_5_S_1-9__moead__b8000__s503.json
A,data/input/set2/50_10_1439_5_S_1-9.dat,vns_vnd,503,8000,50,10,c9147e6b8b3bcab1863b62202baffbeee4e1fce0791b4e6309397c4037406da7,8000,7141,859,0.107375,0,2,5.363680360000217,0.6704600450000271,2,230,368644299/1250000,294.9154392,2,2,1,1,0.9382198919223179,0.09511081086941658,empirical,empirical_reference_fronts/A__50_10_1439_5_S_1-9.json,runs/A__50_10_1439_5_S_1-9__vns_vnd__b8000__s503.json
A,data/input/set2/50_10_1439_5_S_1-9.dat,spea2,503,8000,50,10,c9147e6b8b3bcab1863b62202baffbeee4e1fce0791b4e6309397c4037406da7,8000,8000,0,0.0,50,16,13.503761416000089,1.687970177000011,16,68,14793404051/60000000,246.55673418333333,7,13,16,3,1.0641977352412453,0.003625294930527595,empirical,empirical_reference_fronts/A__50_10_1439_5_S_1-9.json,runs/A__50_10_1439_5_S_1-9__spea2__b8000__s503.json
A,data/input/set2/50_10_1439_5_S_1-9.dat,vns_vnd,601,8000,50,10,c9147e6b8b3bcab1863b62202baffbeee4e1fce0791b4e6309397c4037406da7,8000,6997,1003,0.125375,0,10,5.477593290000186,0.6846991612500233,10,300,614697703/1875000,327.83877493333335,5,5,7,1,0.8825175599582527,0.1472173741715126,empirical,empirical_reference_fronts/A__50_10_1439_5_S_1-9.json,runs/A__50_10_1439_5_S_1-9__vns_vnd__b8000__s601.json
A,data/input/set2/50_10_1439_5_S_1-9.dat,spea2,601,8000,50,10,c9147e6b8b3bcab1863b62202baffbeee4e1fce0791b4e6309397c4037406da7,8000,8000,0,0.0,50,21,13.771840456000064,1.721480057000008,21,62,2493671513/10000000,249.3671513,9,17,21,11,1.0681280222248215,0.004034619937168405,empirical,empirical_reference_fronts/A__50_10_1439_5_S_1-9.json,runs/A__50_10_1439_5_S_1-9__spea2__b8000__s601.json
A,data/input/set2/50_10_1439_5_S_1-9.dat,moead,601,8000,50,10,c9147e6b8b3bcab1863b62202baffbeee4e1fce0791b4e6309397c4037406da7,8000,8000,0,0.0,50,27,9.084883077000086,1.1356103846250107,27,71,1533669397/7500000,204.48925293333335,8,19,26,2,1.0681455822345947,0.002221612401570327,empirical,empirical_reference_fronts/A__50_10_1439_5_S_1-9.json,runs/A__50_10_1439_5_S_1-9__moead__b8000__s601.json
A,data/input/set2/50_10_1439_5_S_1-9.dat,spea2,701,8000,50,10,c9147e6b8b3bcab1863b62202baffbeee4e1fce0791b4e6309397c4037406da7,8000,8000,0,0.0,50,11,13.693576070999825,1.711697008874978,11,69,15065057081/60000000,251.08428468333332,4,10,11,3,1.062815870004813,0.0035352578315780373,empirical,empirical_reference_fronts/A__50_10_1439_5_S_1-9.json,runs/A__50_10_1439_5_S_1-9__spea2__b8000__s701.json
A,data/input/set2/50_10_1439_5_S_1-9.dat,moead,701,8000,50,10,c9147e6b8b3bcab1863b62202baffbeee4e1fce0791b4e6309397c4037406da7,8000,8000,0,0.0,50,22,9.445040583999798,1.1806300729999748,22,77,4143443123/20000000,207.17215615,12,19,20,3,1.0633350964915316,0.003957902793310052,empirical,empirical_reference_fronts/A__50_10_1439_5_S_1-9.json,runs/A__50_10_1439_5_S_1-9__moead__b8000__s701.json
A,data/input/set2/50_10_1439_5_S_1-9.dat,vns_vnd,701,8000,50,10,c9147e6b8b3bcab1863b62202baffbeee4e1fce0791b4e6309397c4037406da7,8000,6847,1153,0.144125,0,6,5.623723934999816,0.702965491874977,6,354,58252869/156250,372.8183616,6,6,1,1,0.8375130095393507,0.19057813308904697,empirical,empirical_reference_fronts/A__50_10_1439_5_S_1-9.json,runs/A__50_10_1439_5_S_1-9__vns_vnd__b8000__s701.json
A,data/input/set2/50_10_1439_5_S_1-9.dat,moead,809,8000,50,10,c9147e6b8b3bcab1863b62202baffbeee4e1fce0791b4e6309397c4037406da7,8000,8000,0,0.0,50,12,9.091436319999957,1.1364295399999946,12,69,37560107/156250,240.3846848,8,10,12,3,1.0643083469115908,0.004584836964170315,empirical,empirical_reference_fronts/A__50_10_1439_5_S_1-9.json,runs/A__50_10_1439_5_S_1-9__moead__b8000__s809.json
A,data/input/set2/50_10_1439_5_S_1-9.dat,vns_vnd,809,8000,50,10,c9147e6b8b3bcab1863b62202baffbeee4e1fce0791b4e6309397c4037406da7,8000,7066,934,0.11675,0,5,5.539306647000103,0.6924133308750129,5,269,2988490009/7500000,398.4653345333333,5,5,2,1,0.8960116663938117,0.12815600957191844,empirical,empirical_reference_fronts/A__50_10_1439_5_S_1-9.json,runs/A__50_10_1439_5_S_1-9__vns_vnd__b8000__s809.json
A,data/input/set2/50_10_1439_5_S_1-9.dat,spea2,809,8000,50,10,c9147e6b8b3bcab1863b62202baffbeee4e1fce0791b4e6309397c4037406da7,8000,8000,0,0.0,50,20,14.49487950899993,1.8118599386249912,20,67,4759512811/20000000,237.97564055,7,20,19,5,1.0662356302778235,0.0025358025488860787,empirical,empirical_reference_fronts/A__50_10_1439_5_S_1-9.json,runs/A__50_10_1439_5_S_1-9__spea2__b8000__s809.json
A,data/input/set2/50_10_1439_5_S_1-9.dat,vns_vnd,907,8000,50,10,c9147e6b8b3bcab1863b62202baffbeee4e1fce0791b4e6309397c4037406da7,8000,7043,957,0.119625,0,5,5.640076513000167,0.7050095641250209,5,284,1571019671/5000000,314.2039342,4,4,3,1,0.8960728948506389,0.13623843869112315,empirical,empirical_reference_fronts/A__50_10_1439_5_S_1-9.json,runs/A__50_10_1439_5_S_1-9__vns_vnd__b8000__s907.json
A,data/input/set2/50_10_1439_5_S_1-9.dat,spea2,907,8000,50,10,c9147e6b8b3bcab1863b62202baffbeee4e1fce0791b4e6309397c4037406da7,8000,8000,0,0.0,50,17,13.827894594999634,1.7284868243749543,17,65,15126844829/60000000,252.11408048333334,7,12,17,2,1.0655658264914227,0.0038086000366054115,empirical,empirical_reference_fronts/A__50_10_1439_5_S_1-9.json,runs/A__50_10_1439_5_S_1-9__spea2__b8000__s907.json
A,data/input/set2/50_10_1439_5_S_1-9.dat,moead,907,8000,50,10,c9147e6b8b3bcab1863b62202baffbeee4e1fce0791b4e6309397c4037406da7,8000,8000,0,0.0,50,18,9.456459272999837,1.1820574091249796,18,72,6542738209/30000000,218.09127363333334,7,15,16,2,1.0653992618897243,0.0024721830044491994,empirical,empirical_reference_fronts/A__50_10_1439_5_S_1-9.json,runs/A__50_10_1439_5_S_1-9__moead__b8000__s907.json
A,data/input/set2/50_10_1439_5_S_1-9.dat,spea2,1009,8000,50,10,c9147e6b8b3bcab1863b62202baffbeee4e1fce0791b4e6309397c4037406da7,8000,8000,0,0.0,50,21,14.252600109000014,1.7815750136250017,21,68,3506099597/15000000,233.73997313333334,10,19,19,8,1.0659844819028224,0.003752562873970476,empirical,empirical_reference_fronts/A__50_10_1439_5_S_1-9.json,runs/A__50_10_1439_5_S_1-9__spea2__b8000__s1009.json
A,data/input/set2/50_10_1439_5_S_1-9.dat,moead,1009,8000,50,10,c9147e6b8b3bcab1863b62202baffbeee4e1fce0791b4e6309397c4037406da7,8000,8000,0,0.0,50,13,9.162924541999928,1.145365567749991,13,70,14554517251/60000000,242.57528751666666,7,12,13,3,1.063030418932524,0.006535852098746302,empirical,empirical_reference_fronts/A__50_10_1439_5_S_1-9.json,runs/A__50_10_1439_5_S_1-9__moead__b8000__s1009.json
A,data/input/set2/50_10_1439_5_S_1-9.dat,vns_vnd,1009,8000,50,10,c9147e6b8b3bcab1863b62202baffbeee4e1fce0791b4e6309397c4037406da7,8000,7053,947,0.118375,0,8,5.891826455999762,0.7364783069999703,8,275,254721121/750000,339.6281613333333,5,5,6,1,0.8992854060143739,0.12830233216444165,empirical,empirical_reference_fronts/A__50_10_1439_5_S_1-9.json,runs/A__50_10_1439_5_S_1-9__vns_vnd__b8000__s1009.json
A,data/input/set2/50_20_1439_5_S_1-124.dat,moead,101,8000,50,20,68dc887344623bd8ccb0f79cd3d024d5c0650eb2449e9e9696dc3f0bb023d780,8000,8000,0,0.0,50,11,12.722577932999684,1.5903222416249605,11,123,5213688269/20000000,260.68441345,7,10,10,7,1.0014212314740896,0.008297747030873525,empirical,empirical_reference_fronts/A__50_20_1439_5_S_1-124.json,runs/A__50_20_1439_5_S_1-124__moead__b8000__s101.json
A,data/input/set2/50_20_1439_5_S_1-124.dat,vns_vnd,101,8000,50,20,68dc887344623bd8ccb0f79cd3d024d5c0650eb2449e9e9696dc3f0bb023d780,8000,7060,940,0.1175,0,7,8.899274461000005,1.1124093076250006,7,327,417583811/1500000,278.38920733333333,5,5,3,1,0.8527904170690418,0.10977914137666911,empirical,empirical_reference_fronts/A__50_20_1439_5_S_1-124.json,runs/A__50_20_1439_5_S_1-124__vns_vnd__b8000__s101.json
A,data/input/set2/50_20_1439_5_S_1-124.dat,spea2,101,8000,50,20,68dc887344623bd8ccb0f79cd3d024d5c0650eb2449e9e9696dc3f0bb023d780,8000,8000,0,0.0,50,26,17.85326659700013,2.231658324625016,26,117,3421456193/12000000,285.12134941666665,20,24,25,8,1.001765635114051,0.01886209196349418,empirical,empirical_reference_fronts/A__50_20_1439_5_S_1-124.json,runs/A__50_20_1439_5_S_1-124__spea2__b8000__s101.json
A,data/input/set2/50_20_1439_5_S_1-124.dat,vns_vnd,211,8000,50,20,68dc887344623bd8ccb0f79cd3d024d5c0650eb2449e9e9696dc3f0bb023d780,8000,6976,1024,0.128,0,8,8.582363695999902,1.0727954619999878,8,336,220340791/750000,293.7877213333333,6,6,4,1,0.844931954528654,0.1157040886849326,empirical,empirical_reference_fronts/A__50_20_1439_5_S_1-124.json,runs/A__50_20_1439_5_S_1-124__vns_vnd__b8000__s211.json
A,data/input/set2/50_20_1439_5_S_1-124.dat,spea2,211,8000,50,20,68dc887344623bd8ccb0f79cd3d024d5c0650eb2449e9e9696dc3f0bb023d780,8000,8000,0,0.0,50,11,17.893350800999997,2.2366688501249996,11,120,7823203739/30000000,260.7734579666667,10,11,9,6,1.0037802404361507,0.006642422519499229,empirical,empirical_reference_fronts/A__50_20_1439_5_S_1-124.json,runs/A__50_20_1439_5_S_1-124__spea2__b8000__s211.json
A,data/input/set2/50_20_1439_5_S_1-124.dat,moead,211,8000,50,20,68dc887344623bd8ccb0f79cd3d024d5c0650eb2449e9e9696dc3f0bb023d780,8000,8000,0,0.0,50,10,12.900742332999926,1.6125927916249907,10,120,17783233763/60000000,296.3872293833333,9,9,10,3,0.99855928040816,0.015648275250444755,empirical,empirical_reference_fronts/A__50_20_1439_5_S_1-124.json,runs/A__50_20_1439_5_S_1-124__moead__b8000__s211.json
A,data/input/set2/50_20_1439_5_S_1-124.dat,spea2,307,8000,50,20,68dc887344623bd8ccb0f79cd3d024d5c0650eb2449e9e9696dc3f0bb023d780,8000,8000,0,0.0,50,17,18.114384681000047,2.264298085125006,17,116,5310760243/20000000,265.53801215,13,14,17,7,1.0053589610031364,0.009956907493995653,empirical,empirical_reference_fronts/A__50_20_1439_5_S_1-124.json,runs/A__50_20_1439_5_S_1-124__spea2__b8000__s307.json
A,data/input/set2/50_20_1439_5_S_1-124.dat,moead,307,8000,50,20,68dc887344623bd8ccb0f79cd3d024d5c0650eb2449e9e9696dc3f0bb023d780,8000,8000,0,0.0,50,12,12.953697429000385,1.6192121786250482,12,126,5177758403/20000000,258.88792015,6,9,12,3,0.9993626324361327,0.01114465964933481,empirical,empirical_reference_fronts/A__50_20_1439_5_S_1-124.json,runs/A__50_20_1439_5_S_1-124__moead__b8000__s307.json
A,data/input/set2/50_20_1439_5_S_1-124.dat,vns_vnd,307,8000,50,20,68dc887344623bd8ccb0f79cd3d024d5c0650eb2449e9e9696dc3f0bb023d780,8000,7044,956,0.1195,0,7,8.983221706999757,1.1229027133749696,7,318,5308887887/15000000,353.92585913333335,4,5,6,1,0.8499896640680034,0.11945533471791947,empirical,empirical_reference_fronts/A__50_20_1439_5_S_1-124.json,runs/A__50_20_1439_5_S_1-124__vns_vnd__b8000__s307.json
A,data/input/set2/50_20_1439_5_S_1-124.dat,moead,401,8000,50,20,68dc887344623bd8ccb0f79cd3d024d5c0650eb2449e9e9696dc3f0bb023d780,8000,8000,0,0.0,50,11,12.883022206000078,1.6103777757500097,11,114,1068970007/3750000,285.05866853333333,4,7,11,4,1.0044863289147667,0.010308056363137422,empirical,empirical_reference_fronts/A__50_20_1439_5_S_1-124.json,runs/A__50_20_1439_5_S_1-124__moead__b8000__s401.json
A,data/input/set2/50_20_1439_5_S_1-124.dat,vns_vnd,401,8000,50,20,68dc887344623bd8ccb0f79cd3d024d5c0650eb2449e9e9696dc3f0bb023d780,8000,6946,1054,0.13175,0,8,8.624315613999897,1.0780394517499872,8,313,6985873223/15000000,465.72488153333336,7,7,2,1,0.8421028993431665,0.10697427958397941,empirical,empirical_reference_fronts/A__50_20_1439_5_S_1-124.json,runs/A__50_20_1439_5_S_1-124__vns_vnd__b8000__s401.json
A,data/input/set2/50_20_1439_5_S_1-124.dat,spea2,401,8000,50,20,68dc887344623bd8ccb0f79cd3d024d5c0650eb2449e9e9696dc3f0bb023d780,8000,8000,0,0.0,50,14,17.64882780400012,2.206103475500015,14,114,3385364917/15000000,225.69099446666667,7,13,13,4,1.0116473092089162,0.008487581772976436,empirical,empirical_reference_fronts/A__50_20_1439_5_S_1-124.json,runs/A__50_20_1439_5_S_1-124__spea2__b8000__s401.json
A,data/input/set2/50_20_1439_5_S_1-124.dat,vns_vnd,503,8000,50,20,68dc887344623bd8ccb0f79cd3d024d5c0650eb2449e9e9696dc3f0bb023d780,8000,7071,929,0.116125,0,5,8.731036265000057,1.0913795331250071,5,322,772782657/2500000,309.1130628,5,5,2,1,0.8533893628963338,0.10729887888600412,empirical,empirical_reference_fronts/A__50_20_1439_5_S_1-124.json,runs/A__50_20_1439_5_S_1-124__vns_vnd__b8000__s503.json
A,data/input/set2/50_20_1439_5_S_1-124.dat,spea2,503,8000,50,20,68dc887344623bd8ccb0f79cd3d024d5c0650eb2449e9e9696dc3f0bb023d780,8000,8000,0,0.0,50,14,17.82859838200011,2.2285747977500137,14,117,480727403/1875000,256.3879482666667,13,14,14,8,1.0059756467495857,0.011164766881237362,empirical,empirical_reference_fronts/A__50_20_1439_5_S_1-124.json,runs/A__50_20_1439_5_S_1-124__spea2__b8000__s503.json
A,data/input/set2/50_20_1439_5_S_1-124.dat,moead,503,8000,50,20,68dc887344623bd8ccb0f79cd3d024d5c0650eb2449e9e9696dc3f0bb023d780,8000,8000,0,0.0,50,11,13.017276090999985,1.6271595113749981,11,135,24340628/78125,311.5600384,8,9,11,4,0.9869367754701351,0.011548504349115689,empirical,empirical_reference_fronts/A__50_20_1439_5_S_1-124.json,runs/A__50_20_1439_5_S_1-124__moead__b8000__s503.json
A,data/input/set2/50_20_1439_5_S_1-124.dat,spea2,601,8000,50,20,68dc887344623bd8ccb0f79cd3d024d5c0650eb2449e9e9696dc3f0bb023d780,8000,8000,0,0.0,50,12,17.856818555000245,2.2321023193750307,12,108,2410771337/10000000,241.0771337,5,7,11,4,1.0145508314259672,0.004642123188937132,empirical,empirical_reference_fronts/A__50_20_1439_5_S_1-124.json,runs/A__50_20_1439_5_S_1-124__spea2__b8000__s601.json
A,data/input/set2/50_20_1439_5_S_1-124.dat,moead,601,8000,50,20,68dc887344623bd8ccb0f79cd3d024d5c0650eb2449e9e9696dc3f0bb023d780,8000,8000,0,0.0,50,10,12.921152389000326,1.6151440486250408,10,108,18994874069/60000000,316.58123448333333,4,6,9,3,1.0052210614519006,0.008168936854197633,empirical,empirical_reference_fronts/A__50_20_1439_5_S_1-124.json,runs/A__50_20_1439_5_S_1-124__moead__b8000__s601.json
A,data/input/set2/50_20_1439_5_S_1-124.dat,vns_vnd,601,8000,50,20,68dc887344623bd8ccb0f79cd3d024d5c0650eb2449e9e9696dc3f0bb023d780,8000,7001,999,0.124875,0,5,8.81781666300003,1.1022270828750038,5,289,137957127/312500,441.4628064,5,5,1,1,0.86177336268859,0.0906493927353287,empirical,empirical_reference_fronts/A__50_20_1439_5_S_1-124.json,runs/A__50_20_1439_5_S_1-124__vns_vnd__b8000__s601.json
A,data/input/set2/50_20_1439_5_S_1-124.dat,moead,701,8000,50,20,68dc887344623bd8ccb0f79cd3d024d5c0650eb2449e9e9696dc3f0bb023d780,8000,8000,0,0.0,50,7,12.993383594000079,1.6241729492500099,7,127,8701596959/30000000,290.05323196666666,7,7,7,1,0.9943130245236524,0.014207159210544277,empirical,empirical_reference_fronts/A__50_20_1439_5_S_1-124.json,runs/A__50_20_1439_5_S_1-124__moead__b8000__s701.json
A,data/input/set2/50_20_1439_5_S_1-124.dat,vns_vnd,701,8000,50,20,68dc887344623bd8ccb0f79cd3d024d5c0650eb2449e9e9696dc3f0bb023d780,8000,7037,963,0.120375,0,8,8.753489378000268,1.0941861722500335,8,297,2872242527/7500000,382.9656702666667,7,7,2,1,0.8626573979351091,0.09347227077530247,empirical,empirical_reference_fronts/A__50_20_1439_5_S_1-124.json,runs/A__50_20_1439_5_S_1-124__vns_vnd__b8000__s701.json
A,data/input/set2/50_20_1439_5_S_1-124.dat,spea2,701,8000,50,20,68dc887344623bd8ccb0f79cd3d024d5c0650eb2449e9e9696dc3f0bb023d780,8000,8000,0,0.0,50,23,17.97120560400026,2.2464007005000326,23,116,4055055007/15000000,270.33700046666667,17,17,22,8,1.0047261657883924,0.012262901508738936,empirical,empirical_reference_fronts/A__50_20_1439_5_S_1-124.json,runs/A__50_20_1439_5_S_1-124__spea2__b8000__s701.json
A,data/input/set2/50_20_1439_5_S_1-124.dat,vns_vnd,809,8000,50,20,68dc887344623bd8ccb0f79cd3d024d5c0650eb2449e9e9696dc3f0bb023d780,8000,6879,1121,0.140125,0,6,8.641160403999947,1.0801450504999934,6,348,5063383277/15000000,337.5588851333333,4,4,4,1,0.8314255134259257,0.12483010599919842,empirical,empirical_reference_fronts/A__50_20_1439_5_S_1-124.json,runs/A__50_20_1439_5_S_1-124__vns_vnd__b8000__s809.json
A,data/input/set2/50_20_1439_5_S_1-124.dat,spea2,809,8000,50,20,68dc887344623bd8ccb0f79cd3d024d5c0650eb2449e9e9696dc3f0bb023d780,8000,8000,0,0.0,50,11,17.705342417000338,2.2131678021250423,11,112,18492372457/60000000,308.2062076166667,9,10,10,5,1.00268597889578,0.012711589738630277,empirical,empirical_reference_fronts/A__50_20_1439_5_S_1-124.json,runs/A__50_20_1439_5_S_1-124__spea2__b8000__s809.json
A,data/input/set2/50_20_1439_5_S_1-124.dat,moead,809,8000,50,20,68dc887344623bd8ccb0f79cd3d024d5c0650eb2449e9e9696dc3f0bb023d780,8000,8000,0,0.0,50,15,13.149709632000395,1.6437137040000493,15,135,17760119851/60000000,296.0019975166667,12,13,14,4,0.9887114587263108,0.013143823035575711,empirical,empirical_reference_fronts/A__50_20_1439_5_S_1-124.json,runs/A__50_20_1439_5_S_1-124__moead__b8000__s809.json
A,data/input/set2/50_20_1439_5_S_1-124.dat,spea2,907,8000,50,20,68dc887344623bd8ccb0f79cd3d024d5c0650eb2449e9e9696dc3f0bb023d780,8000,8000,0,0.0,50,16,17.869832982999924,2.2337291228749905,16,113,1974512389/7500000,263.26831853333334,11,13,16,4,1.0075810932340798,0.014586174976741336,empirical,empirical_reference_fronts/A__50_20_1439_5_S_1-124.json,runs/A__50_20_1439_5_S_1-124__spea2__b8000__s907.json
A,data/input/set2/50_20_1439_5_S_1-124.dat,moead,907,8000,50,20,68dc887344623bd8ccb0f79cd3d024d5c0650eb2449e9e9696dc3f0bb023d780,8000,8000,0,0.0,50,9,13.010452544000145,1.6263065680000182,9,131,18663079673/60000000,311.05132788333333,8,8,9,5,0.9899311907340631,0.010314224608306891,empirical,empirical_reference_fronts/A__50_20_1439_5_S_1-124.json,runs/A__50_20_1439_5_S_1-124__moead__b8000__s907.json
A,data/input/set2/50_20_1439_5_S_1-124.dat,vns_vnd,907,8000,50,20,68dc887344623bd8ccb0f79cd3d024d5c0650eb2449e9e9696dc3f0bb023d780,8000,7082,918,0.11475,0,7,8.730094680000093,1.0912618350000116,7,309,2441858903/5000000,488.3717806,6,6,4,1,0.8423483529962181,0.10670734502952199,empirical,empirical_reference_fronts/A__50_20_1439_5_S_1-124.json,runs/A__50_20_1439_5_S_1-124__vns_vnd__b8000__s907.json
A,data/input/set2/50_20_1439_5_S_1-124.dat,moead,1009,8000,50,20,68dc887344623bd8ccb0f79cd3d024d5c0650eb2449e9e9696dc3f0bb023d780,8000,8000,0,0.0,50,16,13.027754968999943,1.628469371124993,16,137,17735424121/60000000,295.59040201666664,9,9,14,4,0.9871083279857253,0.014481592537171557,empirical,empirical_reference_fronts/A__50_20_1439_5_S_1-124.json,runs/A__50_20_1439_5_S_1-124__moead__b8000__s1009.json
A,data/input/set2/50_20_1439_5_S_1-124.dat,vns_vnd,1009,8000,50,20,68dc887344623bd8ccb0f79cd3d024d5c0650eb2449e9e9696dc3f0bb023d780,8000,7100,900,0.1125,0,6,8.724248637000073,1.0905310796250092,6,330,209332629/625000,334.9322064,6,6,1,1,0.8446325794502888,0.11315782253670743,empirical,empirical_reference_fronts/A__50_20_1439_5_S_1-124.json,runs/A__50_20_1439_5_S_1-124__vns_vnd__b8000__s1009.json
A,data/input/set2/50_20_1439_5_S_1-124.dat,spea2,1009,8000,50,20,68dc887344623bd8ccb0f79cd3d024d5c0650eb2449e9e9696dc3f0bb023d780,8000,8000,0,0.0,50,11,17.603648754000005,2.2004560942500007,11,119,15465224753/60000000,257.75374588333335,9,9,11,5,1.0054111747288261,0.0036551280469718822,empirical,empirical_reference_fronts/A__50_20_1439_5_S_1-124.json,runs/A__50_20_1439_5_S_1-124__spea2__b8000__s1009.json
A,data/input/set2/50_20_1439_5_S_1-9.dat,vns_vnd,101,8000,50,20,2bdc3d261c489bf075e20b58f8bfc3e34f6acd79d054775a7f5b6e23c644cc36,8000,7347,653,0.081625,0,7,8.79250440199985,1.0990630502499812,7,161,1627190351/7500000,216.95871346666667,4,4,6,1,0.9806642980427744,0.08508549289734414,empirical,empirical_reference_fronts/A__50_20_1439_5_S_1-9.json,runs/A__50_20_1439_5_S_1-9__vns_vnd__b8000__s101.json
A,data/input/set2/50_20_1439_5_S_1-9.dat,spea2,101,8000,50,20,2bdc3d261c489bf075e20b58f8bfc3e34f6acd79d054775a7f5b6e23c644cc36,8000,8000,0,0.0,50,13,17.809110848999808,2.226138856124976,13,30,1435047887/10000000,143.5047887,5,9,13,8,1.0860357344567821,0.0010786751910255164,empirical,empirical_reference_fronts/A__50_20_1439_5_S_1-9.json,runs/A__50_20_1439_5_S_1-9__spea2__b8000__s101.json
A,data/input/set2/50_20_1439_5_S_1-9.dat,moead,101,8000,50,20,2bdc3d261c489bf075e20b58f8bfc3e34f6acd79d054775a7f5b6e23c644cc36,8000,8000,0,0.0,50,10,12.993317948999902,1.6241647436249878,10,33,9623312623/60000000,160.38854371666667,5,6,10,5,1.0814587177185873,0.004818703169606643,empirical,empirical_reference_fronts/A__50_20_1439_5_S_1-9.json,runs/A__50_20_1439_5_S_1-9__moead__b8000__s101.json
A,data/input/set2/50_20_1439_5_S_1-9.dat,spea2,211,8000,50,20,2bdc3d261c489bf075e20b58f8bfc3e34f6acd79d054775a7f5b6e23c644cc36,8000,8000,0,0.0,50,12,18.162769144999857,2.270346143124982,12,31,695047601/5000000,139.0095202,6,12,11,4,1.085930137758137,0.0009340809176128934,empirical,empirical_reference_fronts/A__50_20_1439_5_S_1-9.json,runs/A__50_20_1439_5_S_1-9__spea2__b8000__s211.json
A,data/input/set2/50_20_1439_5_S_1-9.dat,moead,211,8000,50,20,2bdc3d261c489bf075e20b58f8bfc3e34f6acd79d054775a7f5b6e23c644cc36,8000,8000,0,0.0,50,15,13.047726381000302,1.6309657976250378,15,32,1093375199/7500000,145.78335986666667,12,14,10,5,1.084188900823365,0.0029133499482658655,empirical,empirical_reference_fronts/A__50_20_1439_5_S_1-9.json,runs/A__50_20_1439_5_S_1-9__moead__b8000__s211.json
A,data/input/set2/50_20_1439_5_S_1-9.dat,vns_vnd,211,8000,50,20,2bdc3d261c489bf075e20b58f8bfc3e34f6acd79d054775a7f5b6e23c644cc36,8000,7182,818,0.10225,0,7,8.700849150999602,1.0876061438749502,7,155,1114584473/5000000,222.9168946,5,6,4,1,0.9840650344616014,0.08117407793990888,empirical,empirical_reference_fronts/A__50_20_1439_5_S_1-9.json,runs/A__50_20_1439_5_S_1-9__vns_vnd__b8000__s211.json
A,data/input/set2/50_20_1439_5_S_1-9.dat,moead,307,8000,50,20,2bdc3d261c489bf075e20b58f8bfc3e34f6acd79d054775a7f5b6e23c644cc36,8000,8000,0,0.0,50,14,12.868600984000295,1.608575123000037,14,33,2031328709/15000000,135.42191393333334,9,12,13,5,1.0848579586605978,0.004419332972262158,empirical,empirical_reference_fronts/A__50_20_1439_5_S_1-9.json,runs/A__50_20_1439_5_S_1-9__moead__b8000__s307.json
A,data/input/set2/50_20_1439_5_S_1-9.dat,vns_vnd,307,8000,50,20,2bdc3d261c489bf075e20b58f8bfc3e34f6acd79d054775a7f5b6e23c644cc36,8000,7251,749,0.093625,0,5,8.643125195000266,1.0803906493750333,5,165,686944819/3750000,183.18528506666667,3,3,4,1,0.9819441791412581,0.08816529717184682,empirical,empirical_reference_fronts/A__50_20_1439_5_S_1-9.json,runs/A__50_20_1439_5_S_1-9__vns_vnd__b8000__s307.json
A,data/input/set2/50_20_1439_5_S_1-9.dat,spea2,307,8000,50,20,2bdc3d261c489bf075e20b58f8bfc3e34f6acd79d054775a7f5b6e23c644cc36,8000,8000,0,0.0,50,8,17.786668497999926,2.223333562249991,8,31,1489927287/10000000,148.9927287,5,7,8,4,1.084558073975653,0.0012598357468700814,empirical,empirical_reference_fronts/A__50_20_1439_5_S_1-9.json,runs/A__50_20_1439_5_S_1-9__spea2__b8000__s307.json
A,data/input/set2/50_20_1439_5_S_1-9.dat,vns_vnd,401,8000,50,20,2bdc3d261c489bf075e20b58f8bfc3e34f6acd79d054775a7f5b6e23c644cc36,8000,7133,867,0.108375,0,5,9.04482616300038,1.1306032703750475,5,234,1253881303/5000000,250.7762606,2,2,4,1,0.9235752290696679,0.13609868907483294,empirical,empirical_reference_fronts/A__50_20_1439_5_S_1-9.json,runs/A__50_20_1439_5_S_1-9__vns_vnd__b8000__s401.json
A,data/input/set2/50_20_1439_5_S_1-9.dat,spea2,401,8000,50,20,2bdc3d261c489bf075e20b58f8bfc3e34f6acd79d054775a7f5b6e23c644cc36,8000,8000,0,0.0,50,10,17.690754308000123,2.2113442885000154,10,31,1573440821/10000000,157.3440821,5,6,10,5,1.083361331058821,0.002654030345360633,empirical,empirical_reference_fronts/A__50_20_1439_5_S_1-9.json,runs/A__50_20_1439_5_S_1-9__spea2__b8000__s401.json
A,data/input/set2/50_20_1439_5_S_1-9.dat,moead,401,8000,50,20,2bdc3d261c489bf075e20b58f8bfc3e34f6acd79d054775a7f5b6e23c644cc36,8000,8000,0,0.0,50,7,13.005314025999724,1.6256642532499654,7,34,511137047/3750000,136.30321253333332,4,7,7,1,1.0841311147209374,0.00047898506754346466,empirical,empirical_reference_fronts/A__50_20_1439_5_S_1-9.json,runs/A__50_20_1439_5_S_1-9__moead__b8000__s401.json
A,data/input/set2/50_20_1439_5_S_1-9.dat,spea2,503,8000,50,20,2bdc3d261c489bf075e20b58f8bfc3e34f6acd79d054775a7f5b6e23c644cc36,8000,8000,0,0.0,50,13,18.23093038299976,2.27886629787497,13,30,4114389323/30000000,137.14631076666666,9,11,11,4,1.0869305386011814,0.0003174397438296439,empirical,empirical_reference_fronts/A__50_20_1439_5_S_1-9.json,runs/A__50_20_1439_5_S_1-9__spea2__b8000__s503.json
A,data/input/set2/50_20_1439_5_S_1-9.dat,moead,503,8000,50,20,2bdc3d261c489bf075e20b58f8bfc3e34f6acd79d054775a7f5b6e23c644cc36,8000,8000,0,0.0,50,6,13.009738567000113,1.6262173208750141,6,33,10090885111/60000000,168.18141851666667,3,5,6,2,1.0804327883564975,0.0034140541000132417,empirical,empirical_reference_fronts/A__50_20_1439_5_S_1-9.json,runs/A__50_20_1439_5_S_1-9__moead__b8000__s503.json
A,data/input/set2/50_20_1439_5_S_1-9.dat,vns_vnd,503,8000,50,20,2bdc3d261c489bf075e20b58f8bfc3e34f6acd79d054775a7f5b6e23c644cc36,8000,7304,696,0.087,0,5,8.728993156000342,1.0911241445000428,5,162,3056766439/15000000,203.78442926666668,4,4,4,1,0.9815751401177755,0.08774540205113274,empirical,empirical_reference_fronts/A__50_20_1439_5_S_1-9.json,runs/A__50_20_1439_5_S_1-9__vns_vnd__b8000__s503.json
A,data/input/set2/50_20_1439_5_S_1-9.dat,moead,601,8000,50,20,2bdc3d261c489bf075e20b58f8bfc3e34f6acd79d054775a7f5b6e23c644cc36,8000,8000,0,0.0,50,9,13.239413571999648,1.654926696499956,9,38,2164814779/15000000,144.32098526666667,6,9,9,2,1.0800308853283014,0.0035654108736120327,empirical,empirical_reference_fronts/A__50_20_1439_5_S_1-9.json,runs/A__50_20_1439_5_S_1-9__moead__b8000__s601.json
A,data/input/set2/50_20_1439_5_S_1-9.dat,vns_vnd,601,8000,50,20,2bdc3d261c489bf075e20b58f8bfc3e34f6acd79d054775a7f5b6e23c644cc36,8000,7200,800,0.1,0,3,8.798979472000156,1.0998724340000194,3,186,480727403/1875000,256.3879482666667,2,2,2,1,0.9575924605745741,0.10261213812514201,empirical,empirical_reference_fronts/A__50_20_1439_5_S_1-9.json,runs/A__50_20_1439_5_S_1-9__vns_vnd__b8000__s601.json
A,data/input/set2/50_20_1439_5_S_1-9.dat,spea2,601,8000,50,20,2bdc3d261c489bf075e20b58f8bfc3e34f6acd79d054775a7f5b6e23c644cc36,8000,8000,0,0.0,50,14,17.83774565900012,2.229718207375015,14,31,31361963/200000,156.809815,6,13,14,7,1.0834409540917833,0.0033986221657531313,empirical,empirical_reference_fronts/A__50_20_1439_5_S_1-9.json,runs/A__50_20_1439_5_S_1-9__spea2__b8000__s601.json
A,data/input/set2/50_20_1439_5_S_1-9.dat,vns_vnd,701,8000,50,20,2bdc3d261c489bf075e20b58f8bfc3e34f6acd79d054775a7f5b6e23c644cc36,8000,7354,646,0.08075,0,6,8.746736960000362,1.0933421200000453,6,146,78816503/375000,210.17734133333335,4,4,5,1,0.9924042266441265,0.07450588160549991,empirical,empirical_reference_fronts/A__50_20_1439_5_S_1-9.json,runs/A__50_20_1439_5_S_1-9__vns_vnd__b8000__s701.json
A,data/input/set2/50_20_1439_5_S_1-9.dat,spea2,701,8000,50,20,2bdc3d261c489bf075e20b58f8bfc3e34f6acd79d054775a7f5b6e23c644cc36,8000,8000,0,0.0,50,8,17.648672977999922,2.2060841222499903,8,31,3727780091/20000000,186.38900455,5,7,8,3,1.0793416533072295,0.005236390091382982,empirical,empirical_reference_fronts/A__50_20_1439_5_S_1-9.json,runs/A__50_20_1439_5_S_1-9__spea2__b8000__s701.json
A,data/input/set2/50_20_1439_5_S_1-9.dat,moead,701,8000,50,20,2bdc3d261c489bf075e20b58f8bfc3e34f6acd79d054775a7f5b6e23c644cc36,8000,8000,0,0.0,50,9,13.076432274000126,1.6345540342500158,9,34,9923438377/60000000,165.39063961666668,7,8,8,2,1.0799713013866132,0.005899867650884523,empirical,empirical_reference_fronts/A__50_20_1439_5_S_1-9.json,runs/A__50_20_1439_5_S_1-9__moead__b8000__s701.json
A,data/input/set2/50_20_1439_5_S_1-9.dat,spea2,809,8000,50,20,2bdc3d261c489bf075e20b58f8bfc3e34f6acd79d054775a7f5b6e23c644cc36,8000,8000,0,0.0,50,12,17.99947077900015,2.2499338473750186,12,30,1549423013/10000000,154.9423013,6,9,12,6,1.084420719468847,0.0025808096601089453,empirical,empirical_reference_fronts/A__50_20_1439_5_S_1-9.json,runs/A__50_20_1439_5_S_1-9__spea2__b8000__s809.json
A,data/input/set2/50_20_1439_5_S_1-9.dat,moead,809,8000,50,20,2bdc3d261c489bf075e20b58f8bfc3e34f6acd79d054775a7f5b6e23c644cc36,8000,8000,0,0.0,50,7,13.124947030000385,1.6406183787500481,7,35,4707958457/30000000,156.93194856666668,4,6,7,2,1.0804733487236842,0.003929290406054419,empirical,empirical_reference_fronts/A__50_20_1439_5_S_1-9.json,runs/A__50_20_1439_5_S_1-9__moead__b8000__s809.json
A,data/input/set2/50_20_1439_5_S_1-9.dat,vns_vnd,809,8000,50,20,2bdc3d261c489bf075e20b58f8bfc3e34f6acd79d054775a7f5b6e23c644cc36,8000,7184,816,0.102,0,7,8.779931198000213,1.0974913997500266,7,184,1172433817/5000000,234.4867634,4,4,5,1,0.9616444637949123,0.10106738011763486,empirical,empirical_reference_fronts/A__50_20_1439_5_S_1-9.json,runs/A__50_20_1439_5_S_1-9__vns_vnd__b8000__s809.json
A,data/input/set2/50_20_1439_5_S_1-9.dat,moead,907,8000,50,20,2bdc3d261c489bf075e20b58f8bfc3e34f6acd79d054775a7f5b6e23c644cc36,8000,8000,0,0.0,50,10,13.082615359000101,1.6353269198750127,10,34,2858199857/20000000,142.90999285,5,7,10,3,1.0831385480807638,0.0029610580621011627,empirical,empirical_reference_fronts/A__50_20_1439_5_S_1-9.json,runs/A__50_20_1439_5_S_1-9__moead__b8000__s907.json
A,data/input/set2/50_20_1439_5_S_1-9.dat,vns_vnd,907,8000,50,20,2bdc3d261c489bf075e20b58f8bfc3e34f6acd79d054775a7f5b6e23c644cc36,8000,7269,731,0.091375,0,5,8.759356300000036,1.0949195375000045,5,129,815911409/3750000,217.57637573333332,4,4,5,1,1.0038340133973782,0.06287050542623429,empirical,empirical_reference_fronts/A__50_20_1439_5_S_1-9.json,runs/A__50_20_1439_5_S_1-9__vns_vnd__b8000__s907.json
A,data/input/set2/50_20_1439_5_S_1-9.dat,spea2,907,8000,50,20,2bdc3d261c489bf075e20b58f8bfc3e34f6acd79d054775a7f5b6e23c644cc36,8000,8000,0,0.0,50,13,18.033205052000085,2.2541506315000106,13,30,4828564009/30000000,160.95213363333335,8,12,13,2,1.0835898951256708,0.003329723548706153,empirical,empirical_reference_fronts/A__50_20_1439_5_S_1-9.json,runs/A__50_20_1439_5_S_1-9__spea2__b8000__s907.json
A,data/input/set2/50_20_1439_5_S_1-9.dat,vns_vnd,1009,8000,50,20,2bdc3d261c489bf075e20b58f8bfc3e34f6acd79d054775a7f5b6e23c644cc36,8000,7255,745,0.093125,0,3,8.958366866999768,1.119795858374971,3,191,3855261709/15000000,257.0174472666667,3,3,1,1,0.9537531432197051,0.10761457701237467,empirical,empirical_reference_fronts/A__50_20_1439_5_S_1-9.json,runs/A__50_20_1439_5_S_1-9__vns_vnd__b8000__s1009.json
A,data/input/set2/50_20_1439_5_S_1-9.dat,spea2,1009,8000,50,20,2bdc3d261c489bf075e20b58f8bfc3e34f6acd79d054775a7f5b6e23c644cc36,8000,8000,0,0.0,50,14,17.79156227600015,2.2239452845000187,14,30,1375713571/10000000,137.5713571,5,12,13,5,1.086839477947874,0.0006259917984805892,empirical,empirical_reference_fronts/A__50_20_1439_5_S_1-9.json,runs/A__50_20_1439_5_S_1-9__spea2__b8000__s1009.json
A,data/input/set2/50_20_1439_5_S_1-9.dat,moead,1009,8000,50,20,2bdc3d261c489bf075e20b58f8bfc3e34f6acd79d054775a7f5b6e23c644cc36,8000,8000,0,0.0,50,12,13.212761149000016,1.651595143625002,12,32,1116263137/7500000,148.83508493333332,6,12,12,7,1.0837978893867781,0.003010434587133949,empirical,empirical_reference_fronts/A__50_20_1439_5_S_1-9.json,runs/A__50_20_1439_5_S_1-9__moead__b8000__s1009.json
A,data/input/set2/250_10_1439_5_S_1-124.dat,spea2,101,8000,250,10,b5d3935bd9d5518c8ca49320a704d46a071796f6809e607d1e97193631372bfb,8000,8000,0,0.0,50,36,38.90705353699968,4.8633816921249595,36,1703,8927373349/2400000,3719.7388954166668,31,33,28,7,0.6475826497062508,0.005636315365404756,empirical,empirical_reference_fronts/A__250_10_1439_5_S_1-124.json,runs/A__250_10_1439_5_S_1-124__spea2__b8000__s101.json
A,data/input/set2/250_10_1439_5_S_1-124.dat,moead,101,8000,250,10,b5d3935bd9d5518c8ca49320a704d46a071796f6809e607d1e97193631372bfb,8000,8000,0,0.0,50,12,34.0245239740002,4.2530654967500245,12,1725,512980892467/120000000,4274.840770558333,8,11,11,3,0.6308791452611029,0.011784355984144679,empirical,empirical_reference_fronts/A__250_10_1439_5_S_1-124.json,runs/A__250_10_1439_5_S_1-124__moead__b8000__s101.json
A,data/input/set2/250_10_1439_5_S_1-124.dat,vns_vnd,101,8000,250,10,b5d3935bd9d5518c8ca49320a704d46a071796f6809e607d1e97193631372bfb,8000,6290,1710,0.21375,0,5,21.76610128199991,2.7207626602499886,5,3742,14812647961/3000000,4937.5493203333335,2,5,4,2,0.17206252585677564,0.4419623888062539,empirical,empirical_reference_fronts/A__250_10_1439_5_S_1-124.json,runs/A__250_10_1439_5_S_1-124__vns_vnd__b8000__s101.json
A,data/input/set2/250_10_1439_5_S_1-124.dat,moead,211,8000,250,10,b5d3935bd9d5518c8ca49320a704d46a071796f6809e607d1e97193631372bfb,8000,8000,0,0.0,50,20,33.3565516929998,4.169568961624974,20,1713,36387696469/10000000,3638.7696469,15,20,16,8,0.6470603725448696,0.005923713316886381,empirical,empirical_reference_fronts/A__250_10_1439_5_S_1-124.json,runs/A__250_10_1439_5_S_1-124__moead__b8000__s211.json
A,data/input/set2/250_10_1439_5_S_1-124.dat,vns_vnd,211,8000,250,10,b5d3935bd9d5518c8ca49320a704d46a071796f6809e607d1e97193631372bfb,8000,6283,1717,0.214625,0,3,21.890417590000197,2.7363021987500247,3,3783,151015578041/30000000,5033.852601366667,1,1,3,2,0.16243199486633086,0.45209469469258196,empirical,empirical_reference_fronts/A__250_10_1439_5_S_1-124.json,runs/A__250_10_1439_5_S_1-124__vns_vnd__b8000__s211.json
A,data/input/set2/250_10_1439_5_S_1-124.dat,spea2,211,8000,250,10,b5d3935bd9d5518c8ca49320a704d46a071796f6809e607d1e97193631372bfb,8000,8000,0,0.0,50,30,38.91419362700026,4.864274203375033,30,1682,1736896749/500000,3473.793498,22,29,25,8,0.6558641809061572,0.010033843922043612,empirical,empirical_reference_fronts/A__250_10_1439_5_S_1-124.json,runs/A__250_10_1439_5_S_1-124__spea2__b8000__s211.json
A,data/input/set2/250_10_1439_5_S_1-124.dat,vns_vnd,307,8000,250,10,b5d3935bd9d5518c8ca49320a704d46a071796f6809e607d1e97193631372bfb,8000,6099,1901,0.237625,0,10,21.444134116999976,2.680516764624997,10,3827,310105184203/60000000,5168.419736716667,4,6,10,2,0.14940564139104762,0.48150370034721757,empirical,empirical_reference_fronts/A__250_10_1439_5_S_1-124.json,runs/A__250_10_1439_5_S_1-124__vns_vnd__b8000__s307.json
A,data/input/set2/250_10_1439_5_S_1-124.dat,spea2,307,8000,250,10,b5d3935bd9d5518c8ca49320a704d46a071796f6809e607d1e97193631372bfb,8000,8000,0,0.0,50,23,39.31131493199973,4.9139143664999665,23,1676,2482389429/625000,3971.8230864,15,18,22,12,0.6479490693368197,0.008944141139397255,empirical,empirical_reference_fronts/A__250_10_1439_5_S_1-124.json,runs/A__250_10_1439_5_S_1-124__spea2__b8000__s307.json
A,data/input/set2/250_10_1439_5_S_1-124.dat,moead,307,8000,250,10,b5d3935bd9d5518c8ca49320a704d46a071796f6809e607d1e97193631372bfb,8000,8000,0,0.0,50,13,34.08841564800014,4.261051956000018,13,1723,258167840129/60000000,4302.797335483333,9,13,10,4,0.6303465454114564,0.015005896747781983,empirical,empirical_reference_fronts/A__250_10_1439_5_S_1-124.json,runs/A__250_10_1439_5_S_1-124__moead__b8000__s307.json
A,data/input/set2/250_10_1439_5_S_1-124.dat,spea2,401,8000,250,10,b5d3935bd9d5518c8ca49320a704d46a071796f6809e607d1e97193631372bfb,8000,7999,1,0.000125,50,32,38.99854960099992,4.874818700124989,32,1674,23340269443/6000000,3890.0449071666667,21,29,26,12,0.649767201370821,0.00976602704933018,empirical,empirical_reference_fronts/A__250_10_1439_5_S_1-124.json,runs/A__250_10_1439_5_S_1-124__spea2__b8000__s401.json
A,data/input/set2/250_10_1439_5_S_1-124.dat,moead,401,8000,250,10,b5d3935bd9d5518c8ca49320a704d46a071796f6809e607d1e97193631372bfb,8000,8000,0,0.0,50,8,33.65323073400032,4.20665384175004,8,1712,497035247659/120000000,4141.960397158334,8,8,8,4,0.6369063022413529,0.00904435581302026,empirical,empirical_reference_fronts/A__250_10_1439_5_S_1-124.json,runs/A__250_10_1439_5_S_1-124__moead__b8000__s401.json
A,data/input/set2/250_10_1439_5_S_1-124.dat,vns_vnd,401,8000,250,10,b5d3935bd9d5518c8ca49320a704d46a071796f6809e607d1e97193631372bfb,8000,6208,1792,0.224,0,7,21.712858228000187,2.7141072785000233,7,3775,4931740643/937500,5260.523352533333,3,4,7,3,0.16266204188688532,0.45095509493208935,empirical,empirical_reference_fronts/A__250_10_1439_5_S_1-124.json,runs/A__250_10_1439_5_S_1-124__vns_vnd__b8000__s401.json
A,data/input/set2/250_10_1439_5_S_1-124.dat,moead,503,8000,250,10,b5d3935bd9d5518c8ca49320a704d46a071796f6809e607d1e97193631372bfb,8000,8000,0,0.0,50,15,33.651911331000065,4.206488916375009,15,1735,535128857987/120000000,4459.407149891666,11,14,15,4,0.6237261018590273,0.01953994283713556,empirical,empirical_reference_fronts/A__250_10_1439_5_S_1-124.json,runs/A__250_10_1439_5_S_1-124__moead__b8000__s503.json
A,data/input/set2/250_10_1439_5_S_1-124.dat,vns_vnd,503,8000,250,10,b5d3935bd9d5518c8ca49320a704d46a071796f6809e607d1e97193631372bfb,8000,6335,1665,0.208125,0,5,21.687025863000144,2.710878232875018,5,3670,4309092203/937500,4596.365016533333,1,1,4,3,0.19042634562331306,0.4237703002379362,empirical,empirical_reference_fronts/A__250_10_1439_5_S_1-124.json,runs/A__250_10_1439_5_S_1-124__vns_vnd__b8000__s503.json
A,data/input/set2/250_10_1439_5_S_1-124.dat,spea2,503,8000,250,10,b5d3935bd9d5518c8ca49320a704d46a071796f6809e607d1e97193631372bfb,8000,8000,0,0.0,50,25,38.528710749999846,4.816088843749981,25,1667,119001487939/30000000,3966.716264633333,15,25,24,14,0.6495531191937427,0.010625165264906599,empirical,empirical_reference_fronts/A__250_10_1439_5_S_1-124.json,runs/A__250_10_1439_5_S_1-124__spea2__b8000__s503.json
A,data/input/set2/250_10_1439_5_S_1-124.dat,vns_vnd,601,8000,250,10,b5d3935bd9d5518c8ca49320a704d46a071796f6809e607d1e97193631372bfb,8000,6161,1839,0.229875,0,2,21.531308724000155,2.6914135905000194,2,3917,47422349987/10000000,4742.2349987,1,1,2,1,0.13471639032264018,0.4838217150042138,empirical,empirical_reference_fronts/A__250_10_1439_5_S_1-124.json,runs/A__250_10_1439_5_S_1-124__vns_vnd__b8000__s601.json
A,data/input/set2/250_10_1439_5_S_1-124.dat,spea2,601,8000,250,10,b5d3935bd9d5518c8ca49320a704d46a071796f6809e607d1e97193631372bfb,8000,8000,0,0.0,50,27,38.438786633999825,4.804848329249979,27,1666,10834876211/3000000,3611.6254036666664,18,23,25,7,0.6563023911706123,0.01111609612847519,empirical,empirical_reference_fronts/A__250_10_1439_5_S_1-124.json,runs/A__250_10_1439_5_S_1-124__spea2__b8000__s601.json
A,data/input/set2/250_10_1439_5_S_1-124.dat,moead,601,8000,250,10,b5d3935bd9d5518c8ca49320a704d46a071796f6809e607d1e97193631372bfb,8000,8000,0,0.0,50,14,33.448808995000036,4.1811011243750045,14,1689,1775225533/400000,4438.0638325,10,13,13,6,0.6346821490160259,0.01525194400279453,empirical,empirical_reference_fronts/A__250_10_1439_5_S_1-124.json,runs/A__250_10_1439_5_S_1-124__moead__b8000__s601.json
A,data/input/set2/250_10_1439_5_S_1-124.dat,spea2,701,8000,250,10,b5d3935bd9d5518c8ca49320a704d46a071796f6809e607d1e97193631372bfb,8000,8000,0,0.0,50,17,38.80230732200016,4.85028841525002,17,1676,37830249093/10000000,3783.0249093,10,16,14,7,0.6493418233730378,0.017052284076566847,empirical,empirical_reference_fronts/A__250_10_1439_5_S_1-124.json,runs/A__250_10_1439_5_S_1-124__spea2__b8000__s701.json
A,data/input/set2/250_10_1439_5_S_1-124.dat,moead,701,8000,250,10,b5d3935bd9d5518c8ca49320a704d46a071796f6809e607d1e97193631372bfb,8000,8000,0,0.0,50,25,34.14500957200016,4.26812619650002,25,1683,470691385211/120000000,3922.4282100916666,18,24,23,7,0.646079150039394,0.014534007006161698,empirical,empirical_reference_fronts/A__250_10_1439_5_S_1-124.json,runs/A__250_10_1439_5_S_1-124__moead__b8000__s701.json
A,data/input/set2/250_10_1439_5_S_1-124.dat,vns_vnd,701,8000,250,10,b5d3935bd9d5518c8ca49320a704d46a071796f6809e607d1e97193631372bfb,8000,6158,1842,0.23025,0,7,22.161167277999994,2.770145909749999,7,3739,10274600061/2000000,5137.3000305,4,5,6,3,0.16714845928802224,0.4592883006095438,empirical,empirical_reference_fronts/A__250_10_1439_5_S_1-124.json,runs/A__250_10_1439_5_S_1-124__vns_vnd__b8000__s701.json
A,data/input/set2/250_10_1439_5_S_1-124.dat,moead,809,8000,250,10,b5d3935bd9d5518c8ca49320a704d46a071796f6809e607d1e97193631372bfb,8000,8000,0,0.0,50,13,34.18152225199992,4.27269028149999,13,1724,80221093643/20000000,4011.05468215,10,11,13,4,0.6364905497375684,0.012011657123580849,empirical,empirical_reference_fronts/A__250_10_1439_5_S_1-124.json,runs/A__250_10_1439_5_S_1-124__moead__b8000__s809.json
A,data/input/set2/250_10_1439_5_S_1-124.dat,vns_vnd,809,8000,250,10,b5d3935bd9d5518c8ca49320a704d46a071796f6809e607d1e97193631372bfb,8000,6473,1527,0.190875,0,8,22.208295743000235,2.7760369678750294,8,3494,51625173607/10000000,5162.5173607,2,4,7,4,0.22442254252037858,0.3830670326081731,empirical,empirical_reference_fronts/A__250_10_1439_5_S_1-124.json,runs/A__250_10_1439_5_S_1-124__vns_vnd__b8000__s809.json
A,data/input/set2/250_10_1439_5_S_1-124.dat,spea2,809,8000,250,10,b5d3935bd9d5518c8ca49320a704d46a071796f6809e607d1e97193631372bfb,8000,8000,0,0.0,50,23,39.17986760900021,4.8974834511250265,23,1671,70157479137/20000000,3507.87395685,13,23,21,8,0.6568434753505222,0.012263718796449826,empirical,empirical_reference_fronts/A__250_10_1439_5_S_1-124.json,runs/A__250_10_1439_5_S_1-124__spea2__b8000__s809.json
A,data/input/set2/250_10_1439_5_S_1-124.dat,vns_vnd,907,8000,250,10,b5d3935bd9d5518c8ca49320a704d46a071796f6809e607d1e97193631372bfb,8000,6320,1680,0.21,0,9,21.79574465099995,2.7244680813749937,9,3626,24843591441/5000000,4968.7182882,5,6,7,5,0.19716766010767398,0.41617119654126,empirical,empirical_reference_fronts/A__250_10_1439_5_S_1-124.json,runs/A__250_10_1439_5_S_1-124__vns_vnd__b8000__s907.json
A,data/input/set2/250_10_1439_5_S_1-124.dat,spea2,907,8000,250,10,b5d3935bd9d5518c8ca49320a704d46a071796f6809e607d1e97193631372bfb,8000,8000,0,0.0,50,31,39.01288139799999,4.876610174749999,31,1690,7463433097/2000000,3731.7165485,28,31,30,10,0.6473118603279149,0.01901997937594084,empirical,empirical_reference_fronts/A__250_10_1439_5_S_1-124.json,runs/A__250_10_1439_5_S_1-124__spea2__b8000__s907.json
A,data/input/set2/250_10_1439_5_S_1-124.dat,moead,907,8000,250,10,b5d3935bd9d5518c8ca49320a704d46a071796f6809e607d1e97193631372bfb,8000,8000,0,0.0,50,19,34.15658953100046,4.269573691375058,19,1714,33980901819/8000000,4247.612727375,14,19,17,2,0.6324875095749569,0.020987050362136772,empirical,empirical_reference_fronts/A__250_10_1439_5_S_1-124.json,runs/A__250_10_1439_5_S_1-124__moead__b8000__s907.json
A,data/input/set2/250_10_1439_5_S_1-124.dat,spea2,1009,8000,250,10,b5d3935bd9d5518c8ca49320a704d46a071796f6809e607d1e97193631372bfb,8000,8000,0,0.0,50,34,39.13443235200066,4.891804044000082,34,1664,15142496797/3750000,4037.999145866667,27,32,27,16,0.6485159278699932,0.012068911836977503,empirical,empirical_reference_fronts/A__250_10_1439_5_S_1-124.json,runs/A__250_10_1439_5_S_1-124__spea2__b8000__s1009.json
A,data/input/set2/250_10_1439_5_S_1-124.dat,moead,1009,8000,250,10,b5d3935bd9d5518c8ca49320a704d46a071796f6809e607d1e97193631372bfb,8000,8000,0,0.0,50,16,33.95204477799962,4.244005597249952,16,1725,271481873891/60000000,4524.697898183334,12,12,14,6,0.624193993003396,0.022744758083264236,empirical,empirical_reference_fronts/A__250_10_1439_5_S_1-124.json,runs/A__250_10_1439_5_S_1-124__moead__b8000__s1009.json
A,data/input/set2/250_10_1439_5_S_1-124.dat,vns_vnd,1009,8000,250,10,b5d3935bd9d5518c8ca49320a704d46a071796f6809e607d1e97193631372bfb,8000,6449,1551,0.193875,0,4,22.061473942000703,2.757684242750088,4,3564,50955834223/10000000,5095.5834223,2,2,4,1,0.20974819281778107,0.3994447131977942,empirical,empirical_reference_fronts/A__250_10_1439_5_S_1-124.json,runs/A__250_10_1439_5_S_1-124__vns_vnd__b8000__s1009.json
A,data/input/set2/250_20_1439_5_S_1-124.dat,moead,101,8000,250,20,eaf520eb58ef7fe37ad006c84ea868969b8f9c2cc53e519a2bf0054ffa96a702,8000,8000,0,0.0,50,8,38.55630310900051,4.819537888625064,8,693,239079345989/60000000,3984.6557664833335,7,7,7,2,0.7945096416218739,0.014452123511903293,empirical,empirical_reference_fronts/A__250_20_1439_5_S_1-124.json,runs/A__250_20_1439_5_S_1-124__moead__b8000__s101.json
A,data/input/set2/250_20_1439_5_S_1-124.dat,vns_vnd,101,8000,250,20,eaf520eb58ef7fe37ad006c84ea868969b8f9c2cc53e519a2bf0054ffa96a702,8000,6563,1437,0.179625,0,5,24.98486275400046,3.1231078442500575,5,1991,5462856217/937500,5827.046631466666,3,3,4,3,0.32037160899091094,0.4317779455362055,empirical,empirical_reference_fronts/A__250_20_1439_5_S_1-124.json,runs/A__250_20_1439_5_S_1-124__vns_vnd__b8000__s101.json
A,data/input/set2/250_20_1439_5_S_1-124.dat,spea2,101,8000,250,20,eaf520eb58ef7fe37ad006c84ea868969b8f9c2cc53e519a2bf0054ffa96a702,8000,8000,0,0.0,50,37,43.717737306000345,5.464717163250043,37,688,68918038339/20000000,3445.90191695,33,36,31,18,0.8060118041381719,0.01195099191511001,empirical,empirical_reference_fronts/A__250_20_1439_5_S_1-124.json,runs/A__250_20_1439_5_S_1-124__spea2__b8000__s101.json
A,data/input/set2/250_20_1439_5_S_1-124.dat,vns_vnd,211,8000,250,20,eaf520eb58ef7fe37ad006c84ea868969b8f9c2cc53e519a2bf0054ffa96a702,8000,6546,1454,0.18175,0,1,24.88255748499978,3.1103196856249724,1,2287,45603786311/7500000,6080.504841466666,1,1,1,1,0.23659882114968475,0.5063505504155347,empirical,empirical_reference_fronts/A__250_20_1439_5_S_1-124.json,runs/A__250_20_1439_5_S_1-124__vns_vnd__b8000__s211.json
A,data/input/set2/250_20_1439_5_S_1-124.dat,spea2,211,8000,250,20,eaf520eb58ef7fe37ad006c84ea868969b8f9c2cc53e519a2bf0054ffa96a702,8000,8000,0,0.0,50,25,43.448338971999874,5.431042371499984,25,689,69857923467/20000000,3492.89617335,21,24,21,11,0.8042148497808042,0.015401938492495042,empirical,empirical_reference_fronts/A__250_20_1439_5_S_1-124.json,runs/A__250_20_1439_5_S_1-124__spea2__b8000__s211.json
A,data/input/set2/250_20_1439_5_S_1-124.dat,moead,211,8000,250,20,eaf520eb58ef7fe37ad006c84ea868969b8f9c2cc53e519a2bf0054ffa96a702,8000,8000,0,0.0,50,18,37.748157641000034,4.718519705125004,18,692,230065049437/60000000,3834.417490616667,16,16,17,3,0.7975035691847258,0.014657771226677633,empirical,empirical_reference_fronts/A__250_20_1439_5_S_1-124.json,runs/A__250_20_1439_5_S_1-124__moead__b8000__s211.json
A,data/input/set2/250_20_1439_5_S_1-124.dat,spea2,307,8000,250,20,eaf520eb58ef7fe37ad006c84ea868969b8f9c2cc53e519a2bf0054ffa96a702,8000,8000,0,0.0,50,34,43.33193130099971,5.416491412624964,34,674,501589223/156250,3210.1710272,31,34,33,11,0.8137571247382326,0.01396960886916542,empirical,empirical_reference_fronts/A__250_20_1439_5_S_1-124.json,runs/A__250_20_1439_5_S_1-124__spea2__b8000__s307.json
A,data/input/set2/250_20_1439_5_S_1-124.dat,moead,307,8000,250,20,eaf520eb58ef7fe37ad006c84ea868969b8f9c2cc53e519a2bf0054ffa96a702,8000,8000,0,0.0,50,15,37.90483233800023,4.738104042250029,15,709,114991179547/30000000,3833.0393182333332,13,14,13,9,0.792020046635145,0.014382698079644311,empirical,empirical_reference_fronts/A__250_20_1439_5_S_1-124.json,runs/A__250_20_1439_5_S_1-124__moead__b8000__s307.json
A,data/input/set2/250_20_1439_5_S_1-124.dat,vns_vnd,307,8000,250,20,eaf520eb58ef7fe37ad006c84ea868969b8f9c2cc53e519a2bf0054ffa96a702,8000,6464,1536,0.192,0,4,24.59214429399981,3.074018036749976,4,2158,184106426071/30000000,6136.8808690333335,3,4,3,3,0.265450307117757,0.48003854095698445,empirical,empirical_reference_fronts/A__250_20_1439_5_S_1-124.json,runs/A__250_20_1439_5_S_1-124__vns_vnd__b8000__s307.json
A,data/input/set2/250_20_1439_5_S_1-124.dat,moead,401,8000,250,20,eaf520eb58ef7fe37ad006c84ea868969b8f9c2cc53e519a2bf0054ffa96a702,8000,8000,0,0.0,50,22,37.82789864499955,4.728487330624944,22,716,30618847501/7500000,4082.513000133333,18,22,19,4,0.7842350606445062,0.02146539399894979,empirical,empirical_reference_fronts/A__250_20_1439_5_S_1-124.json,runs/A__250_20_1439_5_S_1-124__moead__b8000__s401.json
A,data/input/set2/250_20_1439_5_S_1-124.dat,vns_vnd,401,8000,250,20,eaf520eb58ef7fe37ad006c84ea868969b8f9c2cc53e519a2bf0054ffa96a702,8000,6640,1360,0.17,0,5,25.057006376000572,3.1321257970000715,5,2101,63616214451/10000000,6361.6214451,4,4,3,1,0.29416658659448713,0.44293750245339975,empirical,empirical_reference_fronts/A__250_20_1439_5_S_1-124.json,runs/A__250_20_1439_5_S_1-124__vns_vnd__b8000__s401.json
A,data/input/set2/250_20_1439_5_S_1-124.dat,spea2,401,8000,250,20,eaf520eb58ef7fe37ad006c84ea868969b8f9c2cc53e519a2bf0054ffa96a702,8000,8000,0,0.0,50,24,43.51165945199955,5.438957431499944,24,698,70219661131/20000000,3510.98305655,22,24,21,7,0.800943985724845,0.015735814648921886,empirical,empirical_reference_fronts/A__250_20_1439_5_S_1-124.json,runs/A__250_20_1439_5_S_1-124__spea2__b8000__s401.json
A,data/input/set2/250_20_1439_5_S_1-124.dat,vns_vnd,503,8000,250,20,eaf520eb58ef7fe37ad006c84ea868969b8f9c2cc53e519a2bf0054ffa96a702,8000,6639,1361,0.170125,0,3,24.921545960000003,3.1151932450000004,3,1999,30939502827/5000000,6187.9005654,2,3,2,2,0.328405281704631,0.40602966141628755,empirical,empirical_reference_fronts/A__250_20_1439_5_S_1-124.json,runs/A__250_20_1439_5_S_1-124__vns_vnd__b8000__s503.json
A,data/input/set2/250_20_1439_5_S_1-124.dat,spea2,503,8000,250,20,eaf520eb58ef7fe37ad006c84ea868969b8f9c2cc53e519a2bf0054ffa96a702,8000,8000,0,0.0,50,16,43.70053915100016,5.46256739387502,16,690,394042032859/120000000,3283.6836071583334,16,16,14,9,0.8076665775108324,0.01329377209854189,empirical,empirical_reference_fronts/A__250_20_1439_5_S_1-124.json,runs/A__250_20_1439_5_S_1-124__spea2__b8000__s503.json
A,data/input/set2/250_20_1439_5_S_1-124.dat,moead,503,8000,250,20,eaf520eb58ef7fe37ad006c84ea868969b8f9c2cc53e519a2bf0054ffa96a702,8000,8000,0,0.0,50,8,38.80223746400043,4.850279683000053,8,690,243669555851/60000000,4061.159264183333,6,6,8,2,0.7938040211156895,0.016575095901211083,empirical,empirical_reference_fronts/A__250_20_1439_5_S_1-124.json,runs/A__250_20_1439_5_S_1-124__moead__b8000__s503.json
A,data/input/set2/250_20_1439_5_S_1-124.dat,spea2,601,8000,250,20,eaf520eb58ef7fe37ad006c84ea868969b8f9c2cc53e519a2bf0054ffa96a702,8000,8000,0,0.0,50,28,44.09870313600004,5.512337892000005,28,684,73825856531/24000000,3076.0773554583334,27,28,26,12,0.8122646274986899,0.016084646264599822,empirical,empirical_reference_fronts/A__250_20_1439_5_S_1-124.json,runs/A__250_20_1439_5_S_1-124__spea2__b8000__s601.json
A,data/input/set2/250_20_1439_5_S_1-124.dat,moead,601,8000,250,20,eaf520eb58ef7fe37ad006c84ea868969b8f9c2cc53e519a2bf0054ffa96a702,8000,8000,0,0.0,50,12,38.71187247599937,4.838984059499921,12,694,45549885859/12000000,3795.8238215833335,10,10,11,3,0.7975024330557974,0.015147530869762064,empirical,empirical_reference_fronts/A__250_20_1439_5_S_1-124.json,runs/A__250_20_1439_5_S_1-124__moead__b8000__s601.json
A,data/input/set2/250_20_1439_5_S_1-124.dat,vns_vnd,601,8000,250,20,eaf520eb58ef7fe37ad006c84ea868969b8f9c2cc53e519a2bf0054ffa96a702,8000,6612,1388,0.1735,0,2,25.14230234200022,3.1427877927500276,2,2254,58450928107/10000000,5845.0928107,2,2,2,2,0.2457373473395624,0.5110396873461824,empirical,empirical_reference_fronts/A__250_20_1439_5_S_1-124.json,runs/A__250_20_1439_5_S_1-124__vns_vnd__b8000__s601.json
A,data/input/set2/250_20_1439_5_S_1-124.dat,moead,701,8000,250,20,eaf520eb58ef7fe37ad006c84ea868969b8f9c2cc53e519a2bf0054ffa96a702,8000,8000,0,0.0,50,13,38.33198999599972,4.791498749499965,13,698,47217251159/12000000,3934.770929916667,11,12,13,8,0.7939644115104889,0.013235108315610459,empirical,empirical_reference_fronts/A__250_20_1439_5_S_1-124.json,runs/A__250_20_1439_5_S_1-124__moead__b8000__s701.json
A,data/input/set2/250_20_1439_5_S_1-124.dat,vns_vnd,701,8000,250,20,eaf520eb58ef7fe37ad006c84ea868969b8f9c2cc53e519a2bf0054ffa96a702,8000,6645,1355,0.169375,0,6,25.891499420999935,3.236437427624992,6,2186,86341640297/15000000,5756.109353133334,2,4,5,3,0.2706726687464587,0.4800825565166426,empirical,empirical_reference_fronts/A__250_20_1439_5_S_1-124.json,runs/A__250_20_1439_5_S_1-124__vns_vnd__b8000__s701.json
A,data/input/set2/250_20_1439_5_S_1-124.dat,spea2,701,8000,250,20,eaf520eb58ef7fe37ad006c84ea868969b8f9c2cc53e519a2bf0054ffa96a702,8000,8000,0,0.0,50,29,42.251626346000194,5.281453293250024,29,686,31457386173/10000000,3145.7386173,29,29,27,10,0.8116375198893773,0.01202472142110607,empirical,empirical_reference_fronts/A__250_20_1439_5_S_1-124.json,runs/A__250_20_1439_5_S_1-124__spea2__b8000__s701.json
A,data/input/set2/250_20_1439_5_S_1-124.dat,vns_vnd,809,8000,250,20,eaf520eb58ef7fe37ad006c84ea868969b8f9c2cc53e519a2bf0054ffa96a702,8000,6679,1321,0.165125,0,2,24.58229348199984,3.07278668524998,2,2033,63609621441/10000000,6360.9621441,1,1,2,1,0.3159233584030571,0.4185973181010937,empirical,empirical_reference_fronts/A__250_20_1439_5_S_1-124.json,runs/A__250_20_1439_5_S_1-124__vns_vnd__b8000__s809.json
A,data/input/set2/250_20_1439_5_S_1-124.dat,spea2,809,8000,250,20,eaf520eb58ef7fe37ad006c84ea868969b8f9c2cc53e519a2bf0054ffa96a702,8000,8000,0,0.0,50,29,41.82830265099983,5.228537831374979,29,688,62305251457/20000000,3115.26257285,25,27,24,13,0.8134124505995914,0.0027364249780154146,empirical,empirical_reference_fronts/A__250_20_1439_5_S_1-124.json,runs/A__250_20_1439_5_S_1-124__spea2__b8000__s809.json
A,data/input/set2/250_20_1439_5_S_1-124.dat,moead,809,8000,250,20,eaf520eb58ef7fe37ad006c84ea868969b8f9c2cc53e519a2bf0054ffa96a702,8000,8000,0,0.0,50,11,36.581961738000246,4.572745217250031,11,688,73895257369/20000000,3694.76286845,7,10,10,3,0.80263268165783,0.005943947834116236,empirical,empirical_reference_fronts/A__250_20_1439_5_S_1-124.json,runs/A__250_20_1439_5_S_1-124__moead__b8000__s809.json
A,data/input/set2/250_20_1439_5_S_1-124.dat,spea2,907,8000,250,20,eaf520eb58ef7fe37ad006c84ea868969b8f9c2cc53e519a2bf0054ffa96a702,8000,8000,0,0.0,50,23,42.41242147599951,5.3015526844999386,23,666,103917226831/30000000,3463.9075610333334,19,21,23,13,0.8140940083808992,0.0061446911604752285,empirical,empirical_reference_fronts/A__250_20_1439_5_S_1-124.json,runs/A__250_20_1439_5_S_1-124__spea2__b8000__s907.json
A,data/input/set2/250_20_1439_5_S_1-124.dat,moead,907,8000,250,20,eaf520eb58ef7fe37ad006c84ea868969b8f9c2cc53e519a2bf0054ffa96a702,8000,8000,0,0.0,50,15,37.50165661000028,4.687707076250035,15,700,54868859927/15000000,3657.9239951333334,12,15,15,1,0.7982825856207699,0.013567267470813197,empirical,empirical_reference_fronts/A__250_20_1439_5_S_1-124.json,runs/A__250_20_1439_5_S_1-124__moead__b8000__s907.json
A,data/input/set2/250_20_1439_5_S_1-124.dat,vns_vnd,907,8000,250,20,eaf520eb58ef7fe37ad006c84ea868969b8f9c2cc53e519a2bf0054ffa96a702,8000,6597,1403,0.175375,0,4,24.74377596999966,3.0929719962499576,4,2275,94643136659/15000000,6309.542443933334,2,3,4,3,0.23873719467265522,0.5053843640207663,empirical,empirical_reference_fronts/A__250_20_1439_5_S_1-124.json,runs/A__250_20_1439_5_S_1-124__vns_vnd__b8000__s907.json
A,data/input/set2/250_20_1439_5_S_1-124.dat,moead,1009,8000,250,20,eaf520eb58ef7fe37ad006c84ea868969b8f9c2cc53e519a2bf0054ffa96a702,8000,8000,0,0.0,50,11,37.7566033209996,4.71957541512495,11,693,115456573/30000,3848.5524333333333,8,10,11,2,0.7973012490433791,0.012514688117685493,empirical,empirical_reference_fronts/A__250_20_1439_5_S_1-124.json,runs/A__250_20_1439_5_S_1-124__moead__b8000__s1009.json
A,data/input/set2/250_20_1439_5_S_1-124.dat,vns_vnd,1009,8000,250,20,eaf520eb58ef7fe37ad006c84ea868969b8f9c2cc53e519a2bf0054ffa96a702,8000,6595,1405,0.175625,0,2,24.975840678000168,3.121980084750021,2,2117,68007091379/10000000,6800.7091379,1,1,2,1,0.28543367212201365,0.44986924158350317,empirical,empirical_reference_fronts/A__250_20_1439_5_S_1-124.json,runs/A__250_20_1439_5_S_1-124__vns_vnd__b8000__s1009.json
A,data/input/set2/250_20_1439_5_S_1-124.dat,spea2,1009,8000,250,20,eaf520eb58ef7fe37ad006c84ea868969b8f9c2cc53e519a2bf0054ffa96a702,8000,8000,0,0.0,50,36,43.7806794979997,5.472584937249962,36,685,108321801193/30000000,3610.726706433333,33,36,34,14,0.803658278349173,0.014233697086937277,empirical,empirical_reference_fronts/A__250_20_1439_5_S_1-124.json,runs/A__250_20_1439_5_S_1-124__spea2__b8000__s1009.json
A,data/input/set2/250_20_1439_5_S_1-9.dat,vns_vnd,101,8000,250,20,c1e763d8e1b3db40d839a92ae0cd5a1894f988f7225ba850a4f007607df47af6,8000,6517,1483,0.185375,0,4,24.197499046000303,3.024687380750038,4,882,28431838847/5000000,5686.3677694,3,4,4,1,0.4085394882747748,0.5749656372987876,empirical,empirical_reference_fronts/A__250_20_1439_5_S_1-9.json,runs/A__250_20_1439_5_S_1-9__vns_vnd__b8000__s101.json
A,data/input/set2/250_20_1439_5_S_1-9.dat,spea2,101,8000,250,20,c1e763d8e1b3db40d839a92ae0cd5a1894f988f7225ba850a4f007607df47af6,8000,8000,0,0.0,50,10,42.80184959500002,5.350231199375003,10,137,4629932863/3750000,1234.6487634666667,7,10,9,8,1.0266492997934822,0.0010538168623840554,empirical,empirical_reference_fronts/A__250_20_1439_5_S_1-9.json,runs/A__250_20_1439_5_S_1-9__spea2__b8000__s101.json
A,data/input/set2/250_20_1439_5_S_1-9.dat,moead,101,8000,250,20,c1e763d8e1b3db40d839a92ae0cd5a1894f988f7225ba850a4f007607df47af6,8000,8000,0,0.0,50,10,37.47855266799979,4.684819083499974,10,138,42321007937/30000000,1410.7002645666666,6,6,10,2,1.0214195489373574,0.003954557311862515,empirical,empirical_reference_fronts/A__250_20_1439_5_S_1-9.json,runs/A__250_20_1439_5_S_1-9__moead__b8000__s101.json
A,data/input/set2/250_20_1439_5_S_1-9.dat,spea2,211,8000,250,20,c1e763d8e1b3db40d839a92ae0cd5a1894f988f7225ba850a4f007607df47af6,8000,8000,0,0.0,50,17,43.697634700999515,5.462204337624939,17,136,39237043913/30000000,1307.9014637666667,11,15,17,3,1.0255056649119698,0.0025494919473895467,empirical,empirical_reference_fronts/A__250_20_1439_5_S_1-9.json,runs/A__250_20_1439_5_S_1-9__spea2__b8000__s211.json
A,data/input/set2/250_20_1439_5_S_1-9.dat,moead,211,8000,250,20,c1e763d8e1b3db40d839a92ae0cd5a1894f988f7225ba850a4f007607df47af6,8000,8000,0,0.0,50,13,38.09624928199992,4.76203116024999,13,136,8321282717/6000000,1386.8804528333333,8,12,13,5,1.0235171771086915,0.002832607600550909,empirical,empirical_reference_fronts/A__250_20_1439_5_S_1-9.json,runs/A__250_20_1439_5_S_1-9__moead__b8000__s211.json
A,data/input/set2/250_20_1439_5_S_1-9.dat,vns_vnd,211,8000,250,20,c1e763d8e1b3db40d839a92ae0cd5a1894f988f7225ba850a4f007607df47af6,8000,6523,1477,0.184625,0,4,23.524173363000045,2.9405216703750057,4,996,89839304887/15000000,5989.286992466667,2,2,3,1,0.33843468551400807,0.6275642782975936,empirical,empirical_reference_fronts/A__250_20_1439_5_S_1-9.json,runs/A__250_20_1439_5_S_1-9__vns_vnd__b8000__s211.json
A,data/input/set2/250_20_1439_5_S_1-9.dat,moead,307,8000,250,20,c1e763d8e1b3db40d839a92ae0cd5a1894f988f7225ba850a4f007607df47af6,8000,8000,0,0.0,50,8,35.12348093500077,4.390435116875096,8,142,8269986619/6000000,1378.3311031666667,5,7,8,3,1.0192480629694243,0.0053791790097525525,empirical,empirical_reference_fronts/A__250_20_1439_5_S_1-9.json,runs/A__250_20_1439_5_S_1-9__moead__b8000__s307.json
A,data/input/set2/250_20_1439_5_S_1-9.dat,vns_vnd,307,8000,250,20,c1e763d8e1b3db40d839a92ae0cd5a1894f988f7225ba850a4f007607df47af6,8000,6560,1440,0.18,0,4,23.214904901999944,2.901863112749993,4,1031,27409887573/5000000,5481.9775146,3,3,4,1,0.31978317796314776,0.6526779045720397,empirical,empirical_reference_fronts/A__250_20_1439_5_S_1-9.json,runs/A__250_20_1439_5_S_1-9__vns_vnd__b8000__s307.json
A,data/input/set2/250_20_1439_5_S_1-9.dat,spea2,307,8000,250,20,c1e763d8e1b3db40d839a92ae0cd5a1894f988f7225ba850a4f007607df47af6,8000,8000,0,0.0,50,16,40.08253642700038,5.010317053375047,16,138,75194833843/60000000,1253.2472307166668,11,16,16,4,1.025436870979242,0.001198746408443638,empirical,empirical_reference_fronts/A__250_20_1439_5_S_1-9.json,runs/A__250_20_1439_5_S_1-9__spea2__b8000__s307.json
A,data/input/set2/250_20_1439_5_S_1-9.dat,vns_vnd,401,8000,250,20,c1e763d8e1b3db40d839a92ae0cd5a1894f988f7225ba850a4f007607df47af6,8000,6647,1353,0.169125,0,7,23.31132774999969,2.9139159687499614,7,902,350108184433/60000000,5835.136407216667,4,4,7,1,0.4021560794854902,0.5617479510262853,empirical,empirical_reference_fronts/A__250_20_1439_5_S_1-9.json,runs/A__250_20_1439_5_S_1-9__vns_vnd__b8000__s401.json
A,data/input/set2/250_20_1439_5_S_1-9.dat,spea2,401,8000,250,20,c1e763d8e1b3db40d839a92ae0cd5a1894f988f7225ba850a4f007607df47af6,8000,8000,0,0.0,50,9,39.861743428999944,4.982717928624993,9,139,38657904833/30000000,1288.5968277666666,7,9,6,2,1.0238010479307404,0.0016262528713770292,empirical,empirical_reference_fronts/A__250_20_1439_5_S_1-9.json,runs/A__250_20_1439_5_S_1-9__spea2__b8000__s401.json
A,data/input/set2/250_20_1439_5_S_1-9.dat,moead,401,8000,250,20,c1e763d8e1b3db40d839a92ae0cd5a1894f988f7225ba850a4f007607df47af6,8000,8000,0,0.0,50,6,35.37347846300054,4.421684807875067,6,140,85278826747/60000000,1421.3137791166666,3,5,6,2,1.0196450918723294,0.004969532632088241,empirical,empirical_reference_fronts/A__250_20_1439_5_S_1-9.json,runs/A__250_20_1439_5_S_1-9__moead__b8000__s401.json
A,data/input/set2/250_20_1439_5_S_1-9.dat,spea2,503,8000,250,20,c1e763d8e1b3db40d839a92ae0cd5a1894f988f7225ba850a4f007607df47af6,8000,8000,0,0.0,50,9,40.06420285999957,5.008025357499946,9,139,3218563823/2500000,1287.4255292,7,9,8,6,1.023830791610071,0.001583959351948051,empirical,empirical_reference_fronts/A__250_20_1439_5_S_1-9.json,runs/A__250_20_1439_5_S_1-9__spea2__b8000__s503.json
A,data/input/set2/250_20_1439_5_S_1-9.dat,moead,503,8000,250,20,c1e763d8e1b3db40d839a92ae0cd5a1894f988f7225ba850a4f007607df47af6,8000,8000,0,0.0,50,4,35.347841757000424,4.418480219625053,4,142,8602523501/6000000,1433.7539168333333,4,4,4,3,1.0178520911672204,0.005464969165561555,empirical,empirical_reference_fronts/A__250_20_1439_5_S_1-9.json,runs/A__250_20_1439_5_S_1-9__moead__b8000__s503.json
A,data/input/set2/250_20_1439_5_S_1-9.dat,vns_vnd,503,8000,250,20,c1e763d8e1b3db40d839a92ae0cd5a1894f988f7225ba850a4f007607df47af6,8000,6605,1395,0.174375,0,4,23.16735865999999,2.895919832499999,4,831,4116616781/750000,5488.822374666666,2,2,4,1,0.45359087387509867,0.5082295948450919,empirical,empirical_reference_fronts/A__250_20_1439_5_S_1-9.json,runs/A__250_20_1439_5_S_1-9__vns_vnd__b8000__s503.json
A,data/input/set2/250_20_1439_5_S_1-9.dat,moead,601,8000,250,20,c1e763d8e1b3db40d839a92ae0cd5a1894f988f7225ba850a4f007607df47af6,8000,8000,0,0.0,50,7,35.23391748099948,4.404239685124935,7,142,14705306473/10000000,1470.5306473,3,6,7,2,1.0169034386249827,0.0063714850084598575,empirical,empirical_reference_fronts/A__250_20_1439_5_S_1-9.json,runs/A__250_20_1439_5_S_1-9__moead__b8000__s601.json
A,data/input/set2/250_20_1439_5_S_1-9.dat,vns_vnd,601,8000,250,20,c1e763d8e1b3db40d839a92ae0cd5a1894f988f7225ba850a4f007607df47af6,8000,6658,1342,0.16775,0,3,23.139795582999795,2.8924744478749744,3,996,26560677281/5000000,5312.1354562,2,2,2,1,0.34490550030426237,0.6245686691253982,empirical,empirical_reference_fronts/A__250_20_1439_5_S_1-9.json,runs/A__250_20_1439_5_S_1-9__vns_vnd__b8000__s601.json
A,data/input/set2/250_20_1439_5_S_1-9.dat,spea2,601,8000,250,20,c1e763d8e1b3db40d839a92ae0cd5a1894f988f7225ba850a4f007607df47af6,8000,8000,0,0.0,50,13,39.978727063000406,4.997340882875051,13,138,75557328421/60000000,1259.2888070166666,10,12,13,5,1.025266419851437,0.001819896784317663,empirical,empirical_reference_fronts/A__250_20_1439_5_S_1-9.json,runs/A__250_20_1439_5_S_1-9__spea2__b8000__s601.json
A,data/input/set2/250_20_1439_5_S_1-9.dat,vns_vnd,701,8000,250,20,c1e763d8e1b3db40d839a92ae0cd5a1894f988f7225ba850a4f007607df47af6,8000,6487,1513,0.189125,0,7,23.11586423300014,2.8894830291250173,7,995,666751763/120000,5556.264691666666,4,4,7,1,0.34031478537879795,0.6473954538723127,empirical,empirical_reference_fronts/A__250_20_1439_5_S_1-9.json,runs/A__250_20_1439_5_S_1-9__vns_vnd__b8000__s701.json
A,data/input/set2/250_20_1439_5_S_1-9.dat,spea2,701,8000,250,20,c1e763d8e1b3db40d839a92ae0cd5a1894f988f7225ba850a4f007607df47af6,8000,8000,0,0.0,50,11,39.95471296300002,4.9943391203750025,11,138,9758864741/7500000,1301.1819654666667,7,11,11,5,1.024205036988104,0.0023764306559394587,empirical,empirical_reference_fronts/A__250_20_1439_5_S_1-9.json,runs/A__250_20_1439_5_S_1-9__spea2__b8000__s701.json
A,data/input/set2/250_20_1439_5_S_1-9.dat,moead,701,8000,250,20,c1e763d8e1b3db40d839a92ae0cd5a1894f988f7225ba850a4f007607df47af6,8000,8000,0,0.0,50,4,35.152379764000216,4.394047470500027,4,140,85532272729/60000000,1425.5378788166668,3,4,4,2,1.0195776726138592,0.0033124191652447585,empirical,empirical_reference_fronts/A__250_20_1439_5_S_1-9.json,runs/A__250_20_1439_5_S_1-9__moead__b8000__s701.json
A,data/input/set2/250_20_1439_5_S_1-9.dat,spea2,809,8000,250,20,c1e763d8e1b3db40d839a92ae0cd5a1894f988f7225ba850a4f007607df47af6,8000,8000,0,0.0,50,18,40.40482554299979,5.0506031928749735,18,139,26422542603/20000000,1321.12713015,12,18,18,6,1.022921590439419,0.004043907569592117,empirical,empirical_reference_fronts/A__250_20_1439_5_S_1-9.json,runs/A__250_20_1439_5_S_1-9__spea2__b8000__s809.json
A,data/input/set2/250_20_1439_5_S_1-9.dat,moead,809,8000,250,20,c1e763d8e1b3db40d839a92ae0cd5a1894f988f7225ba850a4f007607df47af6,8000,8000,0,0.0,50,12,36.95063427900004,4.618829284875005,12,140,16610267293/12000000,1384.1889410833332,7,10,11,5,1.0206029202302747,0.0040777528472934095,empirical,empirical_reference_fronts/A__250_20_1439_5_S_1-9.json,runs/A__250_20_1439_5_S_1-9__moead__b8000__s809.json
A,data/input/set2/250_20_1439_5_S_1-9.dat,vns_vnd,809,8000,250,20,c1e763d8e1b3db40d839a92ae0cd5a1894f988f7225ba850a4f007607df47af6,8000,6545,1455,0.181875,0,5,23.867251234999458,2.983406404374932,5,960,23485332551/3750000,6262.755346933333,2,2,5,1,0.3593760332111867,0.6034487809726771,empirical,empirical_reference_fronts/A__250_20_1439_5_S_1-9.json,runs/A__250_20_1439_5_S_1-9__vns_vnd__b8000__s809.json
A,data/input/set2/250_20_1439_5_S_1-9.dat,moead,907,8000,250,20,c1e763d8e1b3db40d839a92ae0cd5a1894f988f7225ba850a4f007607df47af6,8000,8000,0,0.0,50,5,36.73974459999954,4.5924680749999425,5,141,83274760187/60000000,1387.9126697833333,3,5,5,2,1.0197900203123866,0.0030665336824915296,empirical,empirical_reference_fronts/A__250_20_1439_5_S_1-9.json,runs/A__250_20_1439_5_S_1-9__moead__b8000__s907.json
A,data/input/set2/250_20_1439_5_S_1-9.dat,vns_vnd,907,8000,250,20,c1e763d8e1b3db40d839a92ae0cd5a1894f988f7225ba850a4f007607df47af6,8000,6646,1354,0.16925,0,6,23.811713615999906,2.9764642019999883,6,957,28441071499/5000000,5688.2142998,6,6,3,1,0.36722891976896477,0.5985402478021667,empirical,empirical_reference_fronts/A__250_20_1439_5_S_1-9.json,runs/A__250_20_1439_5_S_1-9__vns_vnd__b8000__s907.json
A,data/input/set2/250_20_1439_5_S_1-9.dat,spea2,907,8000,250,20,c1e763d8e1b3db40d839a92ae0cd5a1894f988f7225ba850a4f007607df47af6,8000,8000,0,0.0,50,6,41.83587363800052,5.229484204750065,6,140,37470379181/30000000,1249.0126393666667,3,5,6,2,1.0240669259833477,0.0011779750003914477,empirical,empirical_reference_fronts/A__250_20_1439_5_S_1-9.json,runs/A__250_20_1439_5_S_1-9__spea2__b8000__s907.json
A,data/input/set2/250_20_1439_5_S_1-9.dat,vns_vnd,1009,8000,250,20,c1e763d8e1b3db40d839a92ae0cd5a1894f988f7225ba850a4f007607df47af6,8000,6579,1421,0.177625,0,3,23.7172277210002,2.964653465125025,3,1038,86293675981/15000000,5752.911732066666,2,2,3,1,0.31281432698353606,0.6562777303891891,empirical,empirical_reference_fronts/A__250_20_1439_5_S_1-9.json,runs/A__250_20_1439_5_S_1-9__vns_vnd__b8000__s1009.json
A,data/input/set2/250_20_1439_5_S_1-9.dat,spea2,1009,8000,250,20,c1e763d8e1b3db40d839a92ae0cd5a1894f988f7225ba850a4f007607df47af6,8000,8000,0,0.0,50,12,40.162066514999424,5.020258314374928,12,139,26185915543/20000000,1309.29577715,10,12,10,9,1.0232516312239892,0.0028310231413236106,empirical,empirical_reference_fronts/A__250_20_1439_5_S_1-9.json,runs/A__250_20_1439_5_S_1-9__spea2__b8000__s1009.json
A,data/input/set2/250_20_1439_5_S_1-9.dat,moead,1009,8000,250,20,c1e763d8e1b3db40d839a92ae0cd5a1894f988f7225ba850a4f007607df47af6,8000,8000,0,0.0,50,11,35.374036377000266,4.421754547125033,11,140,40744871569/30000000,1358.1623856333333,9,10,10,4,1.0212579469612253,0.0038268943203656047,empirical,empirical_reference_fronts/A__250_20_1439_5_S_1-9.json,runs/A__250_20_1439_5_S_1-9__moead__b8000__s1009.json
B,data/input/set2/750_10_1439_5_S_1-124.dat,spea2,101,2000,750,10,0c0e70027128b3312ed91606216c1d83cfcea49100f90c5067500a481d06d4f2,2000,2000,0,0.0,50,31,43.287264392,21.643632196,31,5223,1997799840331/120000000,16648.332002758332,30,31,27,5,0.7284110147928071,0.005664399329956212,empirical,empirical_reference_fronts/B__750_10_1439_5_S_1-124.json,runs/B__750_10_1439_5_S_1-124__spea2__b2000__s101.json
B,data/input/set2/750_10_1439_5_S_1-124.dat,moead,101,2000,750,10,0c0e70027128b3312ed91606216c1d83cfcea49100f90c5067500a481d06d4f2,2000,2000,0,0.0,50,8,41.98576753799989,20.992883768999945,8,5223,2312311635743/120000000,19269.263631191665,6,8,7,3,0.7114235521017398,0.008578330887086264,empirical,empirical_reference_fronts/B__750_10_1439_5_S_1-124.json,runs/B__750_10_1439_5_S_1-124__moead__b2000__s101.json
B,data/input/set2/750_10_1439_5_S_1-124.dat,vns_vnd,101,2000,750,10,0c0e70027128b3312ed91606216c1d83cfcea49100f90c5067500a481d06d4f2,2000,1964,36,0.018,0,13,32.00229688199943,16.001148440999714,13,11055,581119125929/24000000,24213.296913708335,1,2,13,4,0.4010342493906496,0.27902050290124264,empirical,empirical_reference_fronts/B__750_10_1439_5_S_1-124.json,runs/B__750_10_1439_5_S_1-124__vns_vnd__b2000__s101.json
B,data/input/set2/750_10_1439_5_S_1-124.dat,moead,211,2000,750,10,0c0e70027128b3312ed91606216c1d83cfcea49100f90c5067500a481d06d4f2,2000,2000,0,0.0,50,22,42.04734963899955,21.023674819499774,22,5239,275259143303/15000000,18350.609553533333,20,21,17,11,0.7170381762866855,0.006583782314148251,empirical,empirical_reference_fronts/B__750_10_1439_5_S_1-124.json,runs/B__750_10_1439_5_S_1-124__moead__b2000__s211.json
B,data/input/set2/750_10_1439_5_S_1-124.dat,vns_vnd,211,2000,750,10,0c0e70027128b3312ed91606216c1d83cfcea49100f90c5067500a481d06d4f2,2000,1991,9,0.0045,0,5,32.027797260000625,16.013898630000313,5,10225,734387098049/30000000,24479.56993496667,1,2,5,1,0.4385830374291179,0.23400150964201719,empirical,empirical_reference_fronts/B__750_10_1439_5_S_1-124.json,runs/B__750_10_1439_5_S_1-124__vns_vnd__b2000__s211.json
B,data/input/set2/750_10_1439_5_S_1-124.dat,spea2,211,2000,750,10,0c0e70027128b3312ed91606216c1d83cfcea49100f90c5067500a481d06d4f2,2000,2000,0,0.0,50,33,43.14164067499951,21.570820337499754,33,5192,678361169673/40000000,16959.029241825,27,32,23,4,0.7288454162219956,0.0009809762773816807,empirical,empirical_reference_fronts/B__750_10_1439_5_S_1-124.json,runs/B__750_10_1439_5_S_1-124__spea2__b2000__s211.json
B,data/input/set2/750_10_1439_5_S_1-124.dat,vns_vnd,307,2000,750,10,0c0e70027128b3312ed91606216c1d83cfcea49100f90c5067500a481d06d4f2,2000,1990,10,0.005,0,6,32.01969602099962,16.00984801049981,6,10180,981146903859/40000000,24528.672596475,1,1,6,2,0.44044244151516637,0.23173657769563943,empirical,empirical_reference_fronts/B__750_10_1439_5_S_1-124.json,runs/B__750_10_1439_5_S_1-124__vns_vnd__b2000__s307.json
B,data/input/set2/750_10_1439_5_S_1-124.dat,spea2,307,2000,750,10,0c0e70027128b3312ed91606216c1d83cfcea49100f90c5067500a481d06d4f2,2000,2000,0,0.0,50,18,43.35957443300049,21.679787216500245,18,5186,249170304953/15000000,16611.353663533333,18,18,16,3,0.7304161398686302,0.0058255828618118365,empirical,empirical_reference_fronts/B__750_10_1439_5_S_1-124.json,runs/B__750_10_1439_5_S_1-124__spea2__b2000__s307.json
B,data/input/set2/750_10_1439_5_S_1-124.dat,moead,307,2000,750,10,0c0e70027128b3312ed91606216c1d83cfcea49100f90c5067500a481d06d4f2,2000,2000,0,0.0,50,14,42.57017787299992,21.28508893649996,14,5303,753990446497/40000000,18849.761162425,11,13,13,1,0.7105622775384576,0.006915667558558913,empirical,empirical_reference_fronts/B__750_10_1439_5_S_1-124.json,runs/B__750_10_1439_5_S_1-124__moead__b2000__s307.json
B,data/input/set2/750_10_1439_5_S_1-124.dat,spea2,401,2000,750,10,0c0e70027128b3312ed91606216c1d83cfcea49100f90c5067500a481d06d4f2,2000,2000,0,0.0,50,19,45.05041805200017,22.525209026000084,19,5211,2027480700191/120000000,16895.672501591667,18,19,16,7,0.7274585904548044,0.005384025389464472,empirical,empirical_reference_fronts/B__750_10_1439_5_S_1-124.json,runs/B__750_10_1439_5_S_1-124__spea2__b2000__s401.json
B,data/input/set2/750_10_1439_5_S_1-124.dat,moead,401,2000,750,10,0c0e70027128b3312ed91606216c1d83cfcea49100f90c5067500a481d06d4f2,2000,2000,0,0.0,50,27,44.17045802999928,22.08522901499964,27,5272,436822818971/24000000,18200.950790458333,23,27,20,3,0.7164594007730505,0.005343732356985183,empirical,empirical_reference_fronts/B__750_10_1439_5_S_1-124.json,runs/B__750_10_1439_5_S_1-124__moead__b2000__s401.json
B,data/input/set2/750_10_1439_5_S_1-124.dat,vns_vnd,401,2000,750,10,0c0e70027128b3312ed91606216c1d83cfcea49100f90c5067500a481d06d4f2,2000,2000,0,0.0,0,7,33.52239433900013,16.761197169500065,7,11102,479298919429/20000000,23964.94597145,1,1,7,1,0.3999568893869383,0.2811211322189214,empirical,empirical_reference_fronts/B__750_10_1439_5_S_1-124.json,runs/B__750_10_1439_5_S_1-124__vns_vnd__b2000__s401.json
B,data/input/set2/750_10_1439_5_S_1-124.dat,moead,503,2000,750,10,0c0e70027128b3312ed91606216c1d83cfcea49100f90c5067500a481d06d4f2,2000,2000,0,0.0,50,19,43.77738320200024,21.88869160100012,19,5280,224911162847/12000000,18742.596903916667,15,19,12,2,0.712422218474526,0.006392616062194638,empirical,empirical_reference_fronts/B__750_10_1439_5_S_1-124.json,runs/B__750_10_1439_5_S_1-124__moead__b2000__s503.json
B,data/input/set2/750_10_1439_5_S_1-124.dat,vns_vnd,503,2000,750,10,0c0e70027128b3312ed91606216c1d83cfcea49100f90c5067500a481d06d4f2,2000,1973,27,0.0135,0,6,33.310672235999846,16.655336117999923,6,10375,19571724771/800000,24464.65596375,1,2,6,1,0.43163461439344786,0.2428405074767669,empirical,empirical_reference_fronts/B__750_10_1439_5_S_1-124.json,runs/B__750_10_1439_5_S_1-124__vns_vnd__b2000__s503.json
B,data/input/set2/750_10_1439_5_S_1-124.dat,spea2,503,2000,750,10,0c0e70027128b3312ed91606216c1d83cfcea49100f90c5067500a481d06d4f2,2000,2000,0,0.0,50,26,45.24797663299978,22.62398831649989,26,5192,34453685573/2000000,17226.8427865,24,26,24,6,0.7265746399309655,0.0044134715797158695,empirical,empirical_reference_fronts/B__750_10_1439_5_S_1-124.json,runs/B__750_10_1439_5_S_1-124__spea2__b2000__s503.json
B,data/input/set2/750_10_1439_5_S_1-9.dat,spea2,101,2000,750,10,7cc354aca0759ff365f677fe6a90fbe84cfb925eb6357eceea4aaf70f14b5297,2000,2000,0,0.0,50,10,41.99783616100001,20.998918080500005,10,1079,141045245447/24000000,5876.885226958333,8,10,8,2,0.8445923003227954,0.002120030160455129,empirical,empirical_reference_fronts/B__750_10_1439_5_S_1-9.json,runs/B__750_10_1439_5_S_1-9__spea2__b2000__s101.json
B,data/input/set2/750_10_1439_5_S_1-9.dat,moead,101,2000,750,10,7cc354aca0759ff365f677fe6a90fbe84cfb925eb6357eceea4aaf70f14b5297,2000,2000,0,0.0,50,9,41.21132875599994,20.60566437799997,9,1138,773363872319/120000000,6444.698935991667,3,9,9,2,0.8130581215498981,0.021647698551130166,empirical,empirical_reference_fronts/B__750_10_1439_5_S_1-9.json,runs/B__750_10_1439_5_S_1-9__moead__b2000__s101.json
B,data/input/set2/750_10_1439_5_S_1-9.dat,spea2,211,2000,750,10,7cc354aca0759ff365f677fe6a90fbe84cfb925eb6357eceea4aaf70f14b5297,2000,2000,0,0.0,50,12,45.24133833600001,22.620669168000006,12,1074,17039351449/3000000,5679.783816333334,11,12,11,3,0.8487608702898125,0.0,empirical,empirical_reference_fronts/B__750_10_1439_5_S_1-9.json,runs/B__750_10_1439_5_S_1-9__spea2__b2000__s211.json
B,data/input/set2/750_10_1439_5_S_1-9.dat,moead,211,2000,750,10,7cc354aca0759ff365f677fe6a90fbe84cfb925eb6357eceea4aaf70f14b5297,2000,2000,0,0.0,50,7,59.11283513799992,29.55641756899996,7,1135,376504971463/60000000,6275.082857716667,6,7,7,1,0.815995096182745,0.019667990005121334,empirical,empirical_reference_fronts/B__750_10_1439_5_S_1-9.json,runs/B__750_10_1439_5_S_1-9__moead__b2000__s211.json
B,data/input/set2/750_10_1439_5_S_1-9.dat,moead,307,2000,750,10,7cc354aca0759ff365f677fe6a90fbe84cfb925eb6357eceea4aaf70f14b5297,2000,2000,0,0.0,50,4,39.34360913499995,19.671804567499972,4,1129,392034691561/60000000,6533.911526016666,3,3,4,2,0.8161630779889407,0.017374448220606502,empirical,empirical_reference_fronts/B__750_10_1439_5_S_1-9.json,runs/B__750_10_1439_5_S_1-9__moead__b2000__s307.json
B,data/input/set2/750_10_1439_5_S_1-9.dat,spea2,307,2000,750,10,7cc354aca0759ff365f677fe6a90fbe84cfb925eb6357eceea4aaf70f14b5297,2000,2000,0,0.0,50,15,41.172610143000156,20.586305071500078,15,1082,141804961741/24000000,5908.540072541667,13,15,15,1,0.8429564277260335,0.0024821530557201446,empirical,empirical_reference_fronts/B__750_10_1439_5_S_1-9.json,runs/B__750_10_1439_5_S_1-9__spea2__b2000__s307.json
B,data/input/set2/750_10_1439_5_S_1-9.dat,spea2,401,2000,750,10,7cc354aca0759ff365f677fe6a90fbe84cfb925eb6357eceea4aaf70f14b5297,2000,2000,0,0.0,50,12,41.1805787950002,20.590289397500097,12,1096,71109987211/12000000,5925.832267583333,9,12,10,7,0.836614755128707,0.004301128831677957,empirical,empirical_reference_fronts/B__750_10_1439_5_S_1-9.json,runs/B__750_10_1439_5_S_1-9__spea2__b2000__s401.json
B,data/input/set2/750_10_1439_5_S_1-9.dat,moead,401,2000,750,10,7cc354aca0759ff365f677fe6a90fbe84cfb925eb6357eceea4aaf70f14b5297,2000,2000,0,0.0,50,6,39.36150440100005,19.680752200500024,6,1137,129294133847/20000000,6464.70669235,5,6,4,1,0.8133328902388871,0.01943146097434335,empirical,empirical_reference_fronts/B__750_10_1439_5_S_1-9.json,runs/B__750_10_1439_5_S_1-9__moead__b2000__s401.json
B,data/input/set2/750_10_1439_5_S_1-9.dat,spea2,503,2000,750,10,7cc354aca0759ff365f677fe6a90fbe84cfb925eb6357eceea4aaf70f14b5297,2000,2000,0,0.0,50,7,40.65136562700013,20.325682813500066,7,1094,718835443283/120000000,5990.295360691666,7,7,7,1,0.836858185607387,0.004544061169339282,empirical,empirical_reference_fronts/B__750_10_1439_5_S_1-9.json,runs/B__750_10_1439_5_S_1-9__spea2__b2000__s503.json
B,data/input/set2/750_10_1439_5_S_1-9.dat,moead,503,2000,750,10,7cc354aca0759ff365f677fe6a90fbe84cfb925eb6357eceea4aaf70f14b5297,2000,2000,0,0.0,50,8,39.306663814999865,19.65333190749993,8,1125,747238075523/120000000,6226.983962691666,4,8,8,1,0.820901447725838,0.013944921720901072,empirical,empirical_reference_fronts/B__750_10_1439_5_S_1-9.json,runs/B__750_10_1439_5_S_1-9__moead__b2000__s503.json
B,data/input/set2/750_20_1439_5_S_1-124.dat,moead,101,2000,750,20,15b745b7fab1a2fe079a3f79cd453def84b10c213a2a31048d0e8666f42e5d97,2000,2000,0,0.0,50,21,45.00279165400002,22.50139582700001,21,2162,60520101121/4800000,12608.354400208333,17,21,16,4,0.7739316787476872,0.00242977771816791,empirical,empirical_reference_fronts/B__750_20_1439_5_S_1-124.json,runs/B__750_20_1439_5_S_1-124__moead__b2000__s101.json
B,data/input/set2/750_20_1439_5_S_1-124.dat,vns_vnd,101,2000,750,20,15b745b7fab1a2fe079a3f79cd453def84b10c213a2a31048d0e8666f42e5d97,2000,1990,10,0.005,0,9,30.283840613000166,15.141920306500085,9,5775,162348126999/8000000,20293.515874875,1,1,9,3,0.34158892861248996,0.36807822607444507,empirical,empirical_reference_fronts/B__750_20_1439_5_S_1-124.json,runs/B__750_20_1439_5_S_1-124__vns_vnd__b2000__s101.json
B,data/input/set2/750_20_1439_5_S_1-124.dat,spea2,101,2000,750,20,15b745b7fab1a2fe079a3f79cd453def84b10c213a2a31048d0e8666f42e5d97,2000,2000,0,0.0,50,20,46.73380016700003,23.36690008350001,20,2148,138641848439/12000000,11553.487369916667,19,19,15,9,0.7809751609212627,0.004773790225024452,empirical,empirical_reference_fronts/B__750_20_1439_5_S_1-124.json,runs/B__750_20_1439_5_S_1-124__spea2__b2000__s101.json
B,data/input/set2/750_20_1439_5_S_1-124.dat,vns_vnd,211,2000,750,20,15b745b7fab1a2fe079a3f79cd453def84b10c213a2a31048d0e8666f42e5d97,2000,1967,33,0.0165,0,6,30.283462175000068,15.141731087500032,6,5783,160756717511/7500000,21434.229001466665,1,2,6,2,0.3367103321877748,0.3702351205932303,empirical,empirical_reference_fronts/B__750_20_1439_5_S_1-124.json,runs/B__750_20_1439_5_S_1-124__vns_vnd__b2000__s211.json
B,data/input/set2/750_20_1439_5_S_1-124.dat,spea2,211,2000,750,20,15b745b7fab1a2fe079a3f79cd453def84b10c213a2a31048d0e8666f42e5d97,2000,2000,0,0.0,50,34,46.57781825799998,23.28890912899999,34,2153,1485447089/120000,12378.725741666667,33,34,25,4,0.7759728937898761,0.003925935324884639,empirical,empirical_reference_fronts/B__750_20_1439_5_S_1-124.json,runs/B__750_20_1439_5_S_1-124__spea2__b2000__s211.json
B,data/input/set2/750_20_1439_5_S_1-124.dat,moead,211,2000,750,20,15b745b7fab1a2fe079a3f79cd453def84b10c213a2a31048d0e8666f42e5d97,2000,2000,0,0.0,50,22,45.191700037000146,22.595850018500073,22,2170,78693859327/6000000,13115.643221166667,21,22,18,2,0.7695285772277538,0.005412659748622771,empirical,empirical_reference_fronts/B__750_20_1439_5_S_1-124.json,runs/B__750_20_1439_5_S_1-124__moead__b2000__s211.json
B,data/input/set2/750_20_1439_5_S_1-124.dat,spea2,307,2000,750,20,15b745b7fab1a2fe079a3f79cd453def84b10c213a2a31048d0e8666f42e5d97,2000,2000,0,0.0,50,18,46.105987512999945,23.05299375649997,18,2131,92057478851/8000000,11507.184856375,17,17,17,2,0.7833059712134772,0.004134268818505152,empirical,empirical_reference_fronts/B__750_20_1439_5_S_1-124.json,runs/B__750_20_1439_5_S_1-124__spea2__b2000__s307.json
B,data/input/set2/750_20_1439_5_S_1-124.dat,moead,307,2000,750,20,15b745b7fab1a2fe079a3f79cd453def84b10c213a2a31048d0e8666f42e5d97,2000,2000,0,0.0,50,19,44.94380809800009,22.471904049000045,19,2138,51886536571/4000000,12971.63414275,15,19,11,4,0.774158257374565,0.003786188311117532,empirical,empirical_reference_fronts/B__750_20_1439_5_S_1-124.json,runs/B__750_20_1439_5_S_1-124__moead__b2000__s307.json
B,data/input/set2/750_20_1439_5_S_1-124.dat,vns_vnd,307,2000,750,20,15b745b7fab1a2fe079a3f79cd453def84b10c213a2a31048d0e8666f42e5d97,2000,2000,0,0.0,0,6,30.477601276000087,15.238800638000045,6,5505,1294711600831/60000000,21578.52668051667,1,1,6,1,0.3646822373720721,0.3389105536537804,empirical,empirical_reference_fronts/B__750_20_1439_5_S_1-124.json,runs/B__750_20_1439_5_S_1-124__vns_vnd__b2000__s307.json
B,data/input/set2/750_20_1439_5_S_1-124.dat,moead,401,2000,750,20,15b745b7fab1a2fe079a3f79cd453def84b10c213a2a31048d0e8666f42e5d97,2000,2000,0,0.0,50,24,45.13799590899998,22.56899795449999,24,2163,507192064669/40000000,12679.801616725,21,22,18,2,0.7733016474250208,0.003115135885476641,empirical,empirical_reference_fronts/B__750_20_1439_5_S_1-124.json,runs/B__750_20_1439_5_S_1-124__moead__b2000__s401.json
B,data/input/set2/750_20_1439_5_S_1-124.dat,vns_vnd,401,2000,750,20,15b745b7fab1a2fe079a3f79cd453def84b10c213a2a31048d0e8666f42e5d97,2000,2000,0,0.0,0,10,31.0162968489999,15.50814842449995,10,6030,2578750093253/120000000,21489.584110441665,1,1,10,1,0.3111335092153482,0.4009289441380973,empirical,empirical_reference_fronts/B__750_20_1439_5_S_1-124.json,runs/B__750_20_1439_5_S_1-124__vns_vnd__b2000__s401.json
B,data/input/set2/750_20_1439_5_S_1-124.dat,spea2,401,2000,750,20,15b745b7fab1a2fe079a3f79cd453def84b10c213a2a31048d0e8666f42e5d97,2000,2000,0,0.0,50,29,47.02246416899993,23.511232084499966,29,2129,116213574211/10000000,11621.3574211,25,28,22,6,0.7825217279871007,0.005032817360941608,empirical,empirical_reference_fronts/B__750_20_1439_5_S_1-124.json,runs/B__750_20_1439_5_S_1-124__spea2__b2000__s401.json
B,data/input/set2/750_20_1439_5_S_1-124.dat,vns_vnd,503,2000,750,20,15b745b7fab1a2fe079a3f79cd453def84b10c213a2a31048d0e8666f42e5d97,2000,1976,24,0.012,0,5,30.648633995999944,15.324316997999974,5,5454,1269092690381/60000000,21151.544839683334,1,2,5,2,0.3716055017244741,0.33096749118465507,empirical,empirical_reference_fronts/B__750_20_1439_5_S_1-124.json,runs/B__750_20_1439_5_S_1-124__vns_vnd__b2000__s503.json
B,data/input/set2/750_20_1439_5_S_1-124.dat,spea2,503,2000,750,20,15b745b7fab1a2fe079a3f79cd453def84b10c213a2a31048d0e8666f42e5d97,2000,2000,0,0.0,50,24,46.65328246900003,23.326641234500016,24,2132,95052410963/8000000,11881.551370375,22,24,21,6,0.7816605378041159,0.0015835699114233582,empirical,empirical_reference_fronts/B__750_20_1439_5_S_1-124.json,runs/B__750_20_1439_5_S_1-124__spea2__b2000__s503.json
B,data/input/set2/750_20_1439_5_S_1-124.dat,moead,503,2000,750,20,15b745b7fab1a2fe079a3f79cd453def84b10c213a2a31048d0e8666f42e5d97,2000,2000,0,0.0,50,17,45.25595223999994,22.62797611999997,17,2152,310251130901/24000000,12927.130454208333,13,17,12,2,0.7730618254799692,0.0024704851396097683,empirical,empirical_reference_fronts/B__750_20_1439_5_S_1-124.json,runs/B__750_20_1439_5_S_1-124__moead__b2000__s503.json
B,data/input/set2/750_20_1439_5_S_1-9.dat,spea2,101,2000,750,20,4a6e5a5c5db688cbb65c70e1d3f155c99ef7f398546dfd50ad2fe2783d19a941,2000,2000,0,0.0,50,15,45.55897502199991,22.779487510999957,15,424,46320780019/12000000,3860.0650015833335,13,15,15,3,0.9878028938482305,0.000337010105471114,empirical,empirical_reference_fronts/B__750_20_1439_5_S_1-9.json,runs/B__750_20_1439_5_S_1-9__spea2__b2000__s101.json
B,data/input/set2/750_20_1439_5_S_1-9.dat,moead,101,2000,750,20,4a6e5a5c5db688cbb65c70e1d3f155c99ef7f398546dfd50ad2fe2783d19a941,2000,2000,0,0.0,50,6,44.19186290500011,22.09593145250005,6,430,12792662537/3000000,4264.220845666667,6,6,5,2,0.9820071930011072,0.0021485841612514825,empirical,empirical_reference_fronts/B__750_20_1439_5_S_1-9.json,runs/B__750_20_1439_5_S_1-9__moead__b2000__s101.json
B,data/input/set2/750_20_1439_5_S_1-9.dat,vns_vnd,101,2000,750,20,4a6e5a5c5db688cbb65c70e1d3f155c99ef7f398546dfd50ad2fe2783d19a941,2000,1975,25,0.0125,0,8,29.129473738999877,14.564736869499939,8,2543,154145972713/7500000,20552.796361733333,2,2,8,3,0.1522034043719706,0.800689439020365,empirical,empirical_reference_fronts/B__750_20_1439_5_S_1-9.json,runs/B__750_20_1439_5_S_1-9__vns_vnd__b2000__s101.json
B,data/input/set2/750_20_1439_5_S_1-9.dat,moead,211,2000,750,20,4a6e5a5c5db688cbb65c70e1d3f155c99ef7f398546dfd50ad2fe2783d19a941,2000,2000,0,0.0,50,13,44.138391531000025,22.069195765500012,13,432,17015793777/4000000,4253.94844425,11,13,13,2,0.9812991471074531,0.0037790228123893914,empirical,empirical_reference_fronts/B__750_20_1439_5_S_1-9.json,runs/B__750_20_1439_5_S_1-9__moead__b2000__s211.json
B,data/input/set2/750_20_1439_5_S_1-9.dat,vns_vnd,211,2000,750,20,4a6e5a5c5db688cbb65c70e1d3f155c99ef7f398546dfd50ad2fe2783d19a941,2000,1993,7,0.0035,0,6,29.383738982000068,14.691869491000034,6,2745,1294272790969/60000000,21571.213182816668,1,1,6,2,0.08651306907059604,0.8732382257122747,empirical,empirical_reference_fronts/B__750_20_1439_5_S_1-9.json,runs/B__750_20_1439_5_S_1-9__vns_vnd__b2000__s211.json
B,data/input/set2/750_20_1439_5_S_1-9.dat,spea2,211,2000,750,20,4a6e5a5c5db688cbb65c70e1d3f155c99ef7f398546dfd50ad2fe2783d19a941,2000,2000,0,0.0,50,13,45.53249727100001,22.76624863550001,13,428,4226730683/1000000,4226.730683,13,13,13,3,0.9830775307694389,0.002577093748716514,empirical,empirical_reference_fronts/B__750_20_1439_5_S_1-9.json,runs/B__750_20_1439_5_S_1-9__spea2__b2000__s211.json
B,data/input/set2/750_20_1439_5_S_1-9.dat,vns_vnd,307,2000,750,20,4a6e5a5c5db688cbb65c70e1d3f155c99ef7f398546dfd50ad2fe2783d19a941,2000,1947,53,0.0265,0,6,28.798751263999748,14.399375631999874,6,2722,828125598999/40000000,20703.139974975,2,2,6,2,0.09286136555434342,0.8658747646081669,empirical,empirical_reference_fronts/B__750_20_1439_5_S_1-9.json,runs/B__750_20_1439_5_S_1-9__vns_vnd__b2000__s307.json
B,data/input/set2/750_20_1439_5_S_1-9.dat,spea2,307,2000,750,20,4a6e5a5c5db688cbb65c70e1d3f155c99ef7f398546dfd50ad2fe2783d19a941,2000,2000,0,0.0,50,13,45.39632226399999,22.698161131999992,13,428,20568686133/5000000,4113.7372266,12,13,12,5,0.984067009996721,0.0016553464700621242,empirical,empirical_reference_fronts/B__750_20_1439_5_S_1-9.json,runs/B__750_20_1439_5_S_1-9__spea2__b2000__s307.json
B,data/input/set2/750_20_1439_5_S_1-9.dat,moead,307,2000,750,20,4a6e5a5c5db688cbb65c70e1d3f155c99ef7f398546dfd50ad2fe2783d19a941,2000,2000,0,0.0,50,10,43.91216738999992,21.95608369499996,10,428,129388564163/30000000,4312.952138766666,10,10,9,3,0.9823420733365558,0.001974624909942415,empirical,empirical_reference_fronts/B__750_20_1439_5_S_1-9.json,runs/B__750_20_1439_5_S_1-9__moead__b2000__s307.json
B,data/input/set2/750_20_1439_5_S_1-9.dat,spea2,401,2000,750,20,4a6e5a5c5db688cbb65c70e1d3f155c99ef7f398546dfd50ad2fe2783d19a941,2000,2000,0,0.0,50,7,45.1413190129997,22.57065950649985,7,433,16172265117/4000000,4043.06627925,6,7,7,4,0.9827693785298277,0.0025604127479341987,empirical,empirical_reference_fronts/B__750_20_1439_5_S_1-9.json,runs/B__750_20_1439_5_S_1-9__spea2__b2000__s401.json
B,data/input/set2/750_20_1439_5_S_1-9.dat,moead,401,2000,750,20,4a6e5a5c5db688cbb65c70e1d3f155c99ef7f398546dfd50ad2fe2783d19a941,2000,2000,0,0.0,50,12,43.49194545599994,21.745972727999973,12,433,44016168039/10000000,4401.6168039,8,12,11,2,0.9796667393836548,0.0031593978378543523,empirical,empirical_reference_fronts/B__750_20_1439_5_S_1-9.json,runs/B__750_20_1439_5_S_1-9__moead__b2000__s401.json
B,data/input/set2/750_20_1439_5_S_1-9.dat,vns_vnd,401,2000,750,20,4a6e5a5c5db688cbb65c70e1d3f155c99ef7f398546dfd50ad2fe2783d19a941,2000,1932,68,0.034,0,7,28.459932757999923,14.229966378999961,7,2655,394050325133/20000000,19702.51625665,3,3,7,2,0.11427081725720915,0.8410785096669107,empirical,empirical_reference_fronts/B__750_20_1439_5_S_1-9.json,runs/B__750_20_1439_5_S_1-9__vns_vnd__b2000__s401.json
B,data/input/set2/750_20_1439_5_S_1-9.dat,moead,503,2000,750,20,4a6e5a5c5db688cbb65c70e1d3f155c99ef7f398546dfd50ad2fe2783d19a941,2000,2000,0,0.0,50,4,44.09521941000003,22.047609705000013,4,432,85129716189/20000000,4256.48580945,4,4,3,1,0.9813047759880836,0.0026624960019645994,empirical,empirical_reference_fronts/B__750_20_1439_5_S_1-9.json,runs/B__750_20_1439_5_S_1-9__moead__b2000__s503.json
B,data/input/set2/750_20_1439_5_S_1-9.dat,vns_vnd,503,2000,750,20,4a6e5a5c5db688cbb65c70e1d3f155c99ef7f398546dfd50ad2fe2783d19a941,2000,1995,5,0.0025,0,9,29.370951391999824,14.685475695999912,9,2793,1270749392929/60000000,21179.156548816667,1,1,9,2,0.07145752495545314,0.8875355569071837,empirical,empirical_reference_fronts/B__750_20_1439_5_S_1-9.json,runs/B__750_20_1439_5_S_1-9__vns_vnd__b2000__s503.json
B,data/input/set2/750_20_1439_5_S_1-9.dat,spea2,503,2000,750,20,4a6e5a5c5db688cbb65c70e1d3f155c99ef7f398546dfd50ad2fe2783d19a941,2000,2000,0,0.0,50,15,45.77475914099978,22.88737957049989,15,426,1185604873/300000,3952.0162433333335,15,15,14,3,0.9862192787863211,0.001848434987761829,empirical,empirical_reference_fronts/B__750_20_1439_5_S_1-9.json,runs/B__750_20_1439_5_S_1-9__spea2__b2000__s503.json
C,data/input/set2/250_10_1439_5_S_1-9.dat,vns_vnd,101,20000,250,10,9b1e592319e4dcdc8df7c50abe2b11aba12ca2ab27fd528ac1d0a262c02ca62c,20000,12579,7421,0.37105,0,6,44.258849861999806,2.21294249309999,6,1425,116958879227/20000000,5847.94396135,4,4,5,5,0.05563751824977586,0.8557292035794877,empirical,empirical_reference_fronts/C__250_10_1439_5_S_1-9.json,runs/C__250_10_1439_5_S_1-9__vns_vnd__b20000__s101.json
C,data/input/set2/250_10_1439_5_S_1-9.dat,spea2,101,20000,250,10,9b1e592319e4dcdc8df7c50abe2b11aba12ca2ab27fd528ac1d0a262c02ca62c,20000,20000,0,0.0,50,15,87.06978822000019,4.35348941100001,15,361,31459761319/20000000,1572.98806595,11,15,12,9,0.9410480045341113,0.0033622972946091233,empirical,empirical_reference_fronts/C__250_10_1439_5_S_1-9.json,runs/C__250_10_1439_5_S_1-9__spea2__b20000__s101.json
C,data/input/set2/250_10_1439_5_S_1-9.dat,moead,101,20000,250,10,9b1e592319e4dcdc8df7c50abe2b11aba12ca2ab27fd528ac1d0a262c02ca62c,20000,20000,0,0.0,50,8,75.67147217399997,3.7835736086999985,8,371,5116261193/3000000,1705.4203976666668,2,6,8,1,0.9292558193361273,0.007880617518954112,empirical,empirical_reference_fronts/C__250_10_1439_5_S_1-9.json,runs/C__250_10_1439_5_S_1-9__moead__b20000__s101.json
C,data/input/set2/250_10_1439_5_S_1-9.dat,spea2,211,20000,250,10,9b1e592319e4dcdc8df7c50abe2b11aba12ca2ab27fd528ac1d0a262c02ca62c,20000,20000,0,0.0,50,26,87.26491578700006,4.363245789350003,26,359,22573333769/15000000,1504.8889179333332,11,26,26,8,0.9445869826046701,0.0008269847634322352,empirical,empirical_reference_fronts/C__250_10_1439_5_S_1-9.json,runs/C__250_10_1439_5_S_1-9__spea2__b20000__s211.json
C,data/input/set2/250_10_1439_5_S_1-9.dat,moead,211,20000,250,10,9b1e592319e4dcdc8df7c50abe2b11aba12ca2ab27fd528ac1d0a262c02ca62c,20000,20000,0,0.0,50,17,75.55037332300026,3.7775186661500126,17,372,37460533171/20000000,1873.02665855,6,16,17,3,0.9238101674733613,0.01478795845545844,empirical,empirical_reference_fronts/C__250_10_1439_5_S_1-9.json,runs/C__250_10_1439_5_S_1-9__moead__b20000__s211.json
C,data/input/set2/250_10_1439_5_S_1-9.dat,vns_vnd,211,20000,250,10,9b1e592319e4dcdc8df7c50abe2b11aba12ca2ab27fd528ac1d0a262c02ca62c,20000,10744,9256,0.4628,0,4,40.576600008999776,2.0288300004499886,4,1436,14104503977/2400000,5876.876657083333,2,4,4,4,0.04770167045402503,0.8630044026150941,empirical,empirical_reference_fronts/C__250_10_1439_5_S_1-9.json,runs/C__250_10_1439_5_S_1-9__vns_vnd__b20000__s211.json
C,data/input/set2/250_10_1439_5_S_1-9.dat,moead,307,20000,250,10,9b1e592319e4dcdc8df7c50abe2b11aba12ca2ab27fd528ac1d0a262c02ca62c,20000,20000,0,0.0,50,5,74.31827700900021,3.715913850450011,5,372,101128739953/60000000,1685.4789992166666,2,4,5,2,0.9289886119417667,0.007221691281248637,empirical,empirical_reference_fronts/C__250_10_1439_5_S_1-9.json,runs/C__250_10_1439_5_S_1-9__moead__b20000__s307.json
C,data/input/set2/250_10_1439_5_S_1-9.dat,vns_vnd,307,20000,250,10,9b1e592319e4dcdc8df7c50abe2b11aba12ca2ab27fd528ac1d0a262c02ca62c,20000,10990,9010,0.4505,0,2,40.81413282700032,2.040706641350016,2,1437,169400411107/30000000,5646.680370233334,2,2,2,2,0.0473970094126382,0.8618363587211543,empirical,empirical_reference_fronts/C__250_10_1439_5_S_1-9.json,runs/C__250_10_1439_5_S_1-9__vns_vnd__b20000__s307.json
C,data/input/set2/250_10_1439_5_S_1-9.dat,spea2,307,20000,250,10,9b1e592319e4dcdc8df7c50abe2b11aba12ca2ab27fd528ac1d0a262c02ca62c,20000,20000,0,0.0,50,17,86.54211452500022,4.327105726250011,17,365,48979267283/30000000,1632.6422427666666,11,17,17,4,0.9361497047024822,0.005068993667035136,empirical,empirical_reference_fronts/C__250_10_1439_5_S_1-9.json,runs/C__250_10_1439_5_S_1-9__spea2__b20000__s307.json
C,data/input/set2/250_10_1439_5_S_1-9.dat,vns_vnd,401,20000,250,10,9b1e592319e4dcdc8df7c50abe2b11aba12ca2ab27fd528ac1d0a262c02ca62c,20000,10893,9107,0.45535,0,2,41.19895660700013,2.0599478303500067,2,1437,331667229917/60000000,5527.787165283334,2,2,2,2,0.04765520320332136,0.8613300976484375,empirical,empirical_reference_fronts/C__250_10_1439_5_S_1-9.json,runs/C__250_10_1439_5_S_1-9__vns_vnd__b20000__s401.json
C,data/input/set2/250_10_1439_5_S_1-9.dat,spea2,401,20000,250,10,9b1e592319e4dcdc8df7c50abe2b11aba12ca2ab27fd528ac1d0a262c02ca62c,20000,20000,0,0.0,50,18,85.98413895099975,4.299206947549988,18,350,8297006653/5000000,1659.4013306,8,17,18,3,0.9476661338736779,0.004908116445632721,empirical,empirical_reference_fronts/C__250_10_1439_5_S_1-9.json,runs/C__250_10_1439_5_S_1-9__spea2__b20000__s401.json
C,data/input/set2/250_10_1439_5_S_1-9.dat,moead,401,20000,250,10,9b1e592319e4dcdc8df7c50abe2b11aba12ca2ab27fd528ac1d0a262c02ca62c,20000,20000,0,0.0,50,20,74.82858806600007,3.7414294033000033,20,352,31217840011/20000000,1560.89200055,10,20,20,5,0.9488075630077751,0.0011635371186907413,empirical,empirical_reference_fronts/C__250_10_1439_5_S_1-9.json,runs/C__250_10_1439_5_S_1-9__moead__b20000__s401.json
C,data/input/set2/250_10_1439_5_S_1-9.dat,spea2,503,20000,250,10,9b1e592319e4dcdc8df7c50abe2b11aba12ca2ab27fd528ac1d0a262c02ca62c,20000,20000,0,0.0,50,27,85.85829580999962,4.292914790499981,27,368,7728682043/5000000,1545.7364086,14,27,27,12,0.9359699003277805,0.005440751017940171,empirical,empirical_reference_fronts/C__250_10_1439_5_S_1-9.json,runs/C__250_10_1439_5_S_1-9__spea2__b20000__s503.json
C,data/input/set2/250_10_1439_5_S_1-9.dat,moead,503,20000,250,10,9b1e592319e4dcdc8df7c50abe2b11aba12ca2ab27fd528ac1d0a262c02ca62c,20000,20000,0,0.0,50,19,75.17996520099996,3.7589982600499976,19,371,6749407573/4000000,1687.35189325,9,18,19,4,0.9296028474384198,0.01163738147497697,empirical,empirical_reference_fronts/C__250_10_1439_5_S_1-9.json,runs/C__250_10_1439_5_S_1-9__moead__b20000__s503.json
C,data/input/set2/250_10_1439_5_S_1-9.dat,vns_vnd,503,20000,250,10,9b1e592319e4dcdc8df7c50abe2b11aba12ca2ab27fd528ac1d0a262c02ca62c,20000,11403,8597,0.42985,0,4,41.043543810999836,2.0521771905499917,4,1436,48234072163/7500000,6431.209621733334,2,3,2,1,0.04694014659048967,0.8641511270576371,empirical,empirical_reference_fronts/C__250_10_1439_5_S_1-9.json,runs/C__250_10_1439_5_S_1-9__vns_vnd__b20000__s503.json
