experiment,instance,seed,max_evaluations,a,b,status_a,status_b,C_A_B,C_B_A,hv_a,hv_b,igd_plus_a,igd_plus_b,cmax_min_a,cmax_min_b,tec_min_a,tec_min_b,tec_min_exact_a,tec_min_exact_b,front_size_a,front_size_b,elapsed_seconds_a,elapsed_seconds_b,rejected_evaluations_a,rejected_evaluations_b,rejection_rate_a,rejection_rate_b
A,data/input/set1/10_2_1439_3_S_1-9.dat,101,8000,vns_vnd,spea2,completed,completed,0.06,0.8,1.0333667893991998,1.0770804824219944,0.012254464470675599,0.001463010056704021,215,172,195.5191612,185.976602,488797903/2500000,92988301/500000,10,50,1.001680137999756,8.051291794000008,1027,0,0.128375,0.0
A,data/input/set1/10_2_1439_3_S_1-9.dat,101,8000,vns_vnd,moead,completed,completed,0.046511627906976744,0.8,1.0333667893991998,1.0733310521209787,0.012254464470675599,0.0039083123940726605,215,175,195.5191612,186.77827166666665,488797903/2500000,112066963/600000,10,43,1.001680137999756,3.269046109000101,1027,0,0.128375,0.0
A,data/input/set1/10_2_1439_3_S_1-9.dat,101,8000,spea2,moead,completed,completed,0.6511627906976745,0.14,1.0770804824219944,1.0733310521209787,0.001463010056704021,0.0039083123940726605,172,175,185.976602,186.77827166666665,92988301/500000,112066963/600000,50,43,8.051291794000008,3.269046109000101,0,0,0.0,0.0
A,data/input/set1/10_2_1439_3_S_1-9.dat,211,8000,vns_vnd,spea2,completed,completed,0.04,0.8235294117647058,1.0435438717044099,1.0769748972825097,0.01024925197234089,0.0018556420776614409,215,172,187.9554886,185.976602,939777443/5000000,92988301/500000,17,50,0.99207099799969,7.960405054999683,1038,0,0.12975,0.0
A,data/input/set1/10_2_1439_3_S_1-9.dat,211,8000,vns_vnd,moead,completed,completed,0.16666666666666666,0.5294117647058824,1.0435438717044099,1.0725060816090692,0.01024925197234089,0.002275590656091286,215,175,187.9554886,187.9554886,939777443/5000000,939777443/5000000,17,36,0.99207099799969,3.2516158819998964,1038,0,0.12975,0.0
A,data/input/set1/10_2_1439_3_S_1-9.dat,211,8000,spea2,moead,completed,completed,0.5833333333333334,0.22,1.0769748972825097,1.0725060816090692,0.0018556420776614409,0.002275590656091286,172,175,185.976602,187.9554886,92988301/500000,939777443/5000000,50,36,7.960405054999683,3.2516158819998964,0,0,0.0,0.0
A,data/input/set1/10_2_1439_3_S_1-9.dat,307,8000,vns_vnd,spea2,completed,completed,0.08,0.5625,1.0496525876776428,1.0753423425743862,0.00730999871290012,0.0018203474745023382,207,171,187.9554886,187.9554886,939777443/5000000,939777443/5000000,16,50,0.9929643139998916,7.956190563000291,1066,0,0.13325,0.0
A,data/input/set1/10_2_1439_3_S_1-9.dat,307,8000,vns_vnd,moead,completed,completed,0.11627906976744186,0.6875,1.0496525876776428,1.0693407040575644,0.00730999871290012,0.001998043145490903,207,182,187.9554886,186.7578264,939777443/5000000,233447283/1250000,16,43,0.9929643139998916,3.1623351030002596,1066,0,0.13325,0.0
A,data/input/set1/10_2_1439_3_S_1-9.dat,307,8000,spea2,moead,completed,completed,0.4186046511627907,0.4,1.0753423425743862,1.0693407040575644,0.0018203474745023382,0.001998043145490903,171,182,187.9554886,186.7578264,939777443/5000000,233447283/1250000,50,43,7.956190563000291,3.1623351030002596,0,0,0.0,0.0
A,data/input/set1/10_2_1439_3_S_1-9.dat,401,8000,vns_vnd,spea2,completed,completed,0.0,1.0,1.0317683961826345,1.0783392975407697,0.012591693615696667,0.0018290836823845887,196,170,206.75437326666668,185.976602,3101315599/15000000,92988301/500000,16,50,0.962560628999654,7.989728313999876,1089,0,0.136125,0.0
A,data/input/set1/10_2_1439_3_S_1-9.dat,401,8000,vns_vnd,moead,completed,completed,0.0,1.0,1.0317683961826345,1.0755084912290045,0.012591693615696667,0.0018931932710687192,196,174,206.75437326666668,185.976602,3101315599/15000000,92988301/500000,16,42,0.962560628999654,3.1815871120002157,1089,0,0.136125,0.0
A,data/input/set1/10_2_1439_3_S_1-9.dat,401,8000,spea2,moead,completed,completed,0.3333333333333333,0.5,1.0783392975407697,1.0755084912290045,0.0018290836823845887,0.0018931932710687192,170,174,185.976602,185.976602,92988301/500000,92988301/500000,50,42,7.989728313999876,3.1815871120002157,0,0,0.0,0.0
A,data/input/set1/10_2_1439_3_S_1-9.dat,503,8000,vns_vnd,spea2,completed,completed,0.1,0.84,1.0532632631884284,1.0770442517944756,0.006716671225958684,0.0016079180373413705,202,172,187.9554886,185.976602,939777443/5000000,92988301/500000,25,50,0.9970687899999575,8.16341249900006,1143,0,0.142875,0.0
A,data/input/set1/10_2_1439_3_S_1-9.dat,503,8000,vns_vnd,moead,completed,completed,0.2564102564102564,0.6,1.0532632631884284,1.0730238746137903,0.006716671225958684,0.003755822724004197,202,177,187.9554886,185.976602,939777443/5000000,92988301/500000,25,39,0.9970687899999575,3.253288246000011,1143,0,0.142875,0.0
A,data/input/set1/10_2_1439_3_S_1-9.dat,503,8000,spea2,moead,completed,completed,0.7435897435897436,0.1,1.0770442517944756,1.0730238746137903,0.0016079180373413705,0.003755822724004197,172,177,185.976602,185.976602,92988301/500000,92988301/500000,50,39,8.16341249900006,3.253288246000011,0,0,0.0,0.0
A,data/input/set1/10_2_1439_3_S_1-9.dat,601,8000,vns_vnd,spea2,completed,completed,0.24,0.2727272727272727,1.0376140660452826,1.0783270435846388,0.01254403371269597,0.0020650945550957684,223,170,187.9554886,185.976602,939777443/5000000,92988301/500000,11,50,1.0169355660000292,8.213064893000137,1047,0,0.130875,0.0
A,data/input/set1/10_2_1439_3_S_1-9.dat,601,8000,vns_vnd,moead,completed,completed,0.2,0.2727272727272727,1.0376140660452826,1.0733159485232404,0.01254403371269597,0.0023248210904493923,223,177,187.9554886,185.976602,939777443/5000000,92988301/500000,11,40,1.0169355660000292,3.3201009270001123,1047,0,0.130875,0.0
A,data/input/set1/10_2_1439_3_S_1-9.dat,601,8000,spea2,moead,completed,completed,0.275,0.44,1.0783270435846388,1.0733159485232404,0.0020650945550957684,0.0023248210904493923,170,177,185.976602,185.976602,92988301/500000,92988301/500000,50,40,8.213064893000137,3.3201009270001123,0,0,0.0,0.0
A,data/input/set1/10_2_1439_3_S_1-9.dat,701,8000,vns_vnd,spea2,completed,completed,0.22,0.3157894736842105,1.0351236295436517,1.0748387140848454,0.00831296728866263,0.0023563832160742263,206,170,199.54365053333333,188.75715826666666,1496577379/7500000,1415678687/7500000,19,50,1.0019762510000874,8.264796490000208,1023,0,0.127875,0.0
A,data/input/set1/10_2_1439_3_S_1-9.dat,701,8000,vns_vnd,moead,completed,completed,0.15,0.631578947368421,1.0351236295436517,1.076829848784162,0.00831296728866263,0.0017595309220992978,206,172,199.54365053333333,185.976602,1496577379/7500000,92988301/500000,19,40,1.0019762510000874,3.3845535940004083,1023,0,0.127875,0.0
A,data/input/set1/10_2_1439_3_S_1-9.dat,701,8000,spea2,moead,completed,completed,0.15,0.68,1.0748387140848454,1.076829848784162,0.0023563832160742263,0.0017595309220992978,170,172,188.75715826666666,185.976602,1415678687/7500000,92988301/500000,50,40,8.264796490000208,3.3845535940004083,0,0,0.0,0.0
A,data/input/set1/10_2_1439_3_S_1-9.dat,809,8000,vns_vnd,spea2,completed,completed,0.4,0.16666666666666666,1.040149640612508,1.0740542610687493,0.012948589160985305,0.005394957655637062,219,172,187.9554886,187.9554886,939777443/5000000,939777443/5000000,18,50,0.9969435040002281,8.191240593999737,1177,0,0.147125,0.0
A,data/input/set1/10_2_1439_3_S_1-9.dat,809,8000,vns_vnd,moead,completed,completed,0.2972972972972973,0.1111111111111111,1.040149640612508,1.0664214978554445,0.012948589160985305,0.002659714232223709,219,184,187.9554886,187.9554886,939777443/5000000,939777443/5000000,18,37,0.9969435040002281,3.3456615139998576,1177,0,0.147125,0.0
A,data/input/set1/10_2_1439_3_S_1-9.dat,809,8000,spea2,moead,completed,completed,0.13513513513513514,0.68,1.0740542610687493,1.0664214978554445,0.005394957655637062,0.002659714232223709,172,184,187.9554886,187.9554886,939777443/5000000,939777443/5000000,50,37,8.191240593999737,3.3456615139998576,0,0,0.0,0.0
A,data/input/set1/10_2_1439_3_S_1-9.dat,907,8000,vns_vnd,spea2,completed,completed,0.02,0.9523809523809523,1.0473755304409158,1.0685502115065235,0.007069113772355156,0.0025114963204456767,184,170,201.8561178,193.5402746,1009280589/5000000,967701373/5000000,21,50,1.0253441929999099,8.18780442599973,953,0,0.119125,0.0
A,data/input/set1/10_2_1439_3_S_1-9.dat,907,8000,vns_vnd,moead,completed,completed,0.02631578947368421,0.9523809523809523,1.0473755304409158,1.0702100255765998,0.007069113772355156,0.0021339648533799816,184,182,201.8561178,185.976602,1009280589/5000000,92988301/500000,21,38,1.0253441929999099,3.2944394699998156,953,0,0.119125,0.0
A,data/input/set1/10_2_1439_3_S_1-9.dat,907,8000,spea2,moead,completed,completed,0.21052631578947367,0.54,1.0685502115065235,1.0702100255765998,0.0025114963204456767,0.0021339648533799816,170,182,193.5402746,185.976602,967701373/5000000,92988301/500000,50,38,8.18780442599973,3.2944394699998156,0,0,0.0,0.0
A,data/input/set1/10_2_1439_3_S_1-9.dat,1009,8000,vns_vnd,spea2,completed,completed,0.04,0.7368421052631579,1.0430749461783713,1.0782582057987684,0.009441436104787987,0.0020542425469281624,205,170,193.5402746,185.976602,967701373/5000000,92988301/500000,19,50,0.9942897749997428,8.09892304999994,1058,0,0.13225,0.0
A,data/input/set1/10_2_1439_3_S_1-9.dat,1009,8000,vns_vnd,moead,completed,completed,0.025,0.8421052631578947,1.0430749461783713,1.0734519833444858,0.009441436104787987,0.0018350767319308392,205,177,193.5402746,185.976602,967701373/5000000,92988301/500000,19,40,0.9942897749997428,3.3054369399997086,1058,0,0.13225,0.0
A,data/input/set1/10_2_1439_3_S_1-9.dat,1009,8000,spea2,moead,completed,completed,0.25,0.58,1.0782582057987684,1.0734519833444858,0.0020542425469281624,0.0018350767319308392,170,177,185.976602,185.976602,92988301/500000,92988301/500000,50,40,8.09892304999994,3.3054369399997086,0,0,0.0,0.0
A,data/input/set1/6_2_1439_3_S_1-9.dat,101,8000,vns_vnd,spea2,completed,completed,0.45,0.7727272727272727,1.0730787680266678,1.082992717382514,0.002489181340876345,0.000689724395899994,109,94,134.099428,134.099428,33524857/250000,33524857/250000,22,40,0.7812223309999808,8.036364936999917,1054,0,0.13175,0.0
A,data/input/set1/6_2_1439_3_S_1-9.dat,101,8000,vns_vnd,moead,completed,completed,0.4642857142857143,0.7727272727272727,1.0730787680266678,1.0804764140137786,0.002489181340876345,0.000765736363195421,109,98,134.099428,134.099428,33524857/250000,33524857/250000,22,28,0.7812223309999808,2.920079714999929,1054,0,0.13175,0.0
A,data/input/set1/6_2_1439_3_S_1-9.dat,101,8000,spea2,moead,completed,completed,0.7142857142857143,0.625,1.082992717382514,1.0804764140137786,0.000689724395899994,0.000765736363195421,94,98,134.099428,134.099428,33524857/250000,33524857/250000,40,28,8.036364936999917,2.920079714999929,0,0,0.0,0.0
A,data/input/set1/6_2_1439_3_S_1-9.dat,211,8000,vns_vnd,spea2,completed,completed,0.2564102564102564,0.9545454545454546,1.0782750638451795,1.082973143360029,0.0023440122308808153,0.000778049517707586,101,94,134.099428,134.099428,33524857/250000,33524857/250000,22,39,0.7877920569999333,7.670054322999931,961,0,0.120125,0.0
A,data/input/set1/6_2_1439_3_S_1-9.dat,211,8000,vns_vnd,moead,completed,completed,0.27586206896551724,0.8181818181818182,1.0782750638451795,1.08175804653095,0.0023440122308808153,0.0007277560825464211,101,96,134.099428,134.099428,33524857/250000,33524857/250000,22,29,0.7877920569999333,2.8994741760000124,961,0,0.120125,0.0
A,data/input/set1/6_2_1439_3_S_1-9.dat,211,8000,spea2,moead,completed,completed,0.6896551724137931,0.6666666666666666,1.082973143360029,1.08175804653095,0.000778049517707586,0.0007277560825464211,94,96,134.099428,134.099428,33524857/250000,33524857/250000,39,29,7.670054322999931,2.8994741760000124,0,0,0.0,0.0
A,data/input/set1/6_2_1439_3_S_1-9.dat,307,8000,vns_vnd,spea2,completed,completed,0.20512820512820512,1.0,1.066014324709448,1.08306377047079,0.005775179360383605,0.00048522498090593485,119,94,134.099428,134.099428,33524857/250000,33524857/250000,13,39,0.7842155939999884,7.740446150000025,1012,0,0.1265,0.0
A,data/input/set1/6_2_1439_3_S_1-9.dat,307,8000,vns_vnd,moead,completed,completed,0.3103448275862069,0.9230769230769231,1.066014324709448,1.0828323996396423,0.005775179360383605,0.0012828688926582728,119,94,134.099428,134.099428,33524857/250000,33524857/250000,13,29,0.7842155939999884,2.908902227999988,1012,0,0.1265,0.0
A,data/input/set1/6_2_1439_3_S_1-9.dat,307,8000,spea2,moead,completed,completed,0.8275862068965517,0.5128205128205128,1.08306377047079,1.0828323996396423,0.00048522498090593485,0.0012828688926582728,94,94,134.099428,134.099428,33524857/250000,33524857/250000,39,29,7.740446150000025,2.908902227999988,0,0,0.0,0.0
A,data/input/set1/6_2_1439_3_S_1-9.dat,401,8000,vns_vnd,spea2,completed,completed,0.28205128205128205,1.0,1.066085748562224,1.0830694249739936,0.005366644212511765,0.0004511754729213252,119,94,134.099428,134.099428,33524857/250000,33524857/250000,18,39,0.7962941279999995,7.704293008999912,1140,0,0.1425,0.0
A,data/input/set1/6_2_1439_3_S_1-9.dat,401,8000,vns_vnd,moead,completed,completed,0.41379310344827586,0.8888888888888888,1.066085748562224,1.0828779878226313,0.005366644212511765,0.001022000579230908,119,94,134.099428,134.099428,33524857/250000,33524857/250000,18,29,0.7962941279999995,2.9506193370000346,1140,0,0.1425,0.0
A,data/input/set1/6_2_1439_3_S_1-9.dat,401,8000,spea2,moead,completed,completed,0.7931034482758621,0.5384615384615384,1.0830694249739936,1.0828779878226313,0.0004511754729213252,0.001022000579230908,94,94,134.099428,134.099428,33524857/250000,33524857/250000,39,29,7.704293008999912,2.9506193370000346,0,0,0.0,0.0
A,data/input/set1/6_2_1439_3_S_1-9.dat,503,8000,vns_vnd,spea2,completed,completed,0.46153846153846156,0.8333333333333334,1.0790477768180726,1.0829753844867096,0.0014894824907529557,0.0007200253667684958,100,94,134.099428,134.099428,33524857/250000,33524857/250000,24,39,0.8237522179999814,7.80807908099996,970,0,0.12125,0.0
A,data/input/set1/6_2_1439_3_S_1-9.dat,503,8000,vns_vnd,moead,completed,completed,0.6538461538461539,0.5416666666666666,1.0790477768180726,1.0813151566199393,0.0014894824907529557,0.0021919012217671862,100,96,134.099428,134.099428,33524857/250000,33524857/250000,24,26,0.8237522179999814,2.9044322960000954,970,0,0.12125,0.0
A,data/input/set1/6_2_1439_3_S_1-9.dat,503,8000,spea2,moead,completed,completed,0.9230769230769231,0.23076923076923078,1.0829753844867096,1.0813151566199393,0.0007200253667684958,0.0021919012217671862,94,96,134.099428,134.099428,33524857/250000,33524857/250000,39,26,7.80807908099996,2.9044322960000954,0,0,0.0,0.0
A,data/input/set1/6_2_1439_3_S_1-9.dat,601,8000,vns_vnd,spea2,completed,completed,0.45,0.8636363636363636,1.0771128464414905,1.0829995813498399,0.0015116319439976962,0.0006605039976907169,103,94,134.099428,134.099428,33524857/250000,33524857/250000,22,40,0.8138094670000555,7.795814278999842,903,0,0.112875,0.0
A,data/input/set1/6_2_1439_3_S_1-9.dat,601,8000,vns_vnd,moead,completed,completed,0.6153846153846154,0.5,1.0771128464414905,1.0827905425328688,0.0015116319439976962,0.0014168397684867565,103,94,134.099428,134.099428,33524857/250000,33524857/250000,22,26,0.8138094670000555,2.9733628430001318,903,0,0.112875,0.0
A,data/input/set1/6_2_1439_3_S_1-9.dat,601,8000,spea2,moead,completed,completed,0.8846153846153846,0.3,1.0829995813498399,1.0827905425328688,0.0006605039976907169,0.0014168397684867565,94,94,134.099428,134.099428,33524857/250000,33524857/250000,40,26,7.795814278999842,2.9733628430001318,0,0,0.0,0.0
A,data/input/set1/6_2_1439_3_S_1-9.dat,701,8000,vns_vnd,spea2,completed,completed,0.325,0.6666666666666666,1.079718920303378,1.0829959267696463,0.001402136406790928,0.0005958663897306684,99,94,134.099428,134.099428,33524857/250000,33524857/250000,18,40,0.7873584589999609,7.838981656999977,897,0,0.112125,0.0
A,data/input/set1/6_2_1439_3_S_1-9.dat,701,8000,vns_vnd,moead,completed,completed,0.3793103448275862,0.4444444444444444,1.079718920303378,1.082791337126676,0.001402136406790928,0.0012619953508386387,99,94,134.099428,134.099428,33524857/250000,33524857/250000,18,29,0.7873584589999609,2.973708154000178,897,0,0.112125,0.0
A,data/input/set1/6_2_1439_3_S_1-9.dat,701,8000,spea2,moead,completed,completed,0.896551724137931,0.525,1.0829959267696463,1.082791337126676,0.0005958663897306684,0.0012619953508386387,94,94,134.099428,134.099428,33524857/250000,33524857/250000,40,29,7.838981656999977,2.973708154000178,0,0,0.0,0.0
A,data/input/set1/6_2_1439_3_S_1-9.dat,809,8000,vns_vnd,spea2,completed,completed,0.375,0.9629629629629629,1.0797258752389451,1.0830908679803535,0.0014058643858618407,0.00032206008830697495,99,94,134.099428,134.099428,33524857/250000,33524857/250000,27,40,0.7885335920000216,7.92774966900015,928,0,0.116,0.0
A,data/input/set1/6_2_1439_3_S_1-9.dat,809,8000,vns_vnd,moead,completed,completed,0.5185185185185185,0.7777777777777778,1.0797258752389451,1.0829138348230747,0.0014058643858618407,0.0008907984735705923,99,94,134.099428,134.099428,33524857/250000,33524857/250000,27,27,0.7885335920000216,2.984684514000037,928,0,0.116,0.0
A,data/input/set1/6_2_1439_3_S_1-9.dat,809,8000,spea2,moead,completed,completed,0.9629629629629629,0.6,1.0830908679803535,1.0829138348230747,0.00032206008830697495,0.0008907984735705923,94,94,134.099428,134.099428,33524857/250000,33524857/250000,40,27,7.92774966900015,2.984684514000037,0,0,0.0,0.0
A,data/input/set1/6_2_1439_3_S_1-9.dat,907,8000,vns_vnd,spea2,completed,completed,0.2926829268292683,0.8235294117647058,1.0750650720285797,1.0829873240684287,0.002175416758626307,0.000765657504006784,106,94,134.099428,134.099428,33524857/250000,33524857/250000,17,41,0.800872365000032,7.952066095999953,801,0,0.100125,0.0
A,data/input/set1/6_2_1439_3_S_1-9.dat,907,8000,vns_vnd,moead,completed,completed,0.4,0.6470588235294118,1.0750650720285797,1.0822818166406805,0.002175416758626307,0.000990928987666887,106,95,134.099428,134.099428,33524857/250000,33524857/250000,17,30,0.800872365000032,2.935500119999915,801,0,0.100125,0.0
A,data/input/set1/6_2_1439_3_S_1-9.dat,907,8000,spea2,moead,completed,completed,0.7666666666666667,0.5853658536585366,1.0829873240684287,1.0822818166406805,0.000765657504006784,0.000990928987666887,94,95,134.099428,134.099428,33524857/250000,33524857/250000,41,30,7.952066095999953,2.935500119999915,0,0,0.0,0.0
A,data/input/set1/6_2_1439_3_S_1-9.dat,1009,8000,vns_vnd,spea2,completed,completed,0.05555555555555555,0.9230769230769231,1.0545989949204937,1.0828919156117531,0.005680674092077192,0.0010564125140127996,107,94,145.8274786,134.099428,729137393/5000000,33524857/250000,13,36,0.8330861970000569,7.83135310800003,1111,0,0.138875,0.0
A,data/input/set1/6_2_1439_3_S_1-9.dat,1009,8000,vns_vnd,moead,completed,completed,0.15384615384615385,0.6923076923076923,1.0545989949204937,1.0814605679759373,0.005680674092077192,0.0017671047848161212,107,96,145.8274786,134.099428,729137393/5000000,33524857/250000,13,26,0.8330861970000569,2.9603197660001115,1111,0,0.138875,0.0
A,data/input/set1/6_2_1439_3_S_1-9.dat,1009,8000,spea2,moead,completed,completed,0.9615384615384616,0.2777777777777778,1.0828919156117531,1.0814605679759373,0.0010564125140127996,0.0017671047848161212,94,96,134.099428,134.099428,33524857/250000,33524857/250000,36,26,7.83135310800003,2.9603197660001115,0,0,0.0,0.0
A,data/input/set1/7_2_1439_3_S_1-9.dat,101,8000,vns_vnd,spea2,completed,completed,0.36585365853658536,1.0,1.0715476619481774,1.081976217538326,0.002542842739404225,0.0,139,124,146.9928588,146.9928588,367482147/2500000,367482147/2500000,21,41,0.8735483220000333,7.845765412999981,1040,0,0.13,0.0
A,data/input/set1/7_2_1439_3_S_1-9.dat,101,8000,vns_vnd,moead,completed,completed,0.4444444444444444,0.7619047619047619,1.0715476619481774,1.0818730134721108,0.002542842739404225,0.0006318752505297601,139,124,146.9928588,146.9928588,367482147/2500000,367482147/2500000,21,27,0.8735483220000333,2.9915796830000545,1040,0,0.13,0.0
A,data/input/set1/7_2_1439_3_S_1-9.dat,101,8000,spea2,moead,completed,completed,1.0,0.5121951219512195,1.081976217538326,1.0818730134721108,0.0,0.0006318752505297601,124,124,146.9928588,146.9928588,367482147/2500000,367482147/2500000,41,27,7.845765412999981,2.9915796830000545,0,0,0.0,0.0
A,data/input/set1/7_2_1439_3_S_1-9.dat,211,8000,vns_vnd,spea2,completed,completed,0.39473684210526316,0.9310344827586207,1.073939407998277,1.0819502038879532,0.0015473217268000214,0.00021242535629132324,128,124,150.487526,146.9928588,75243763/500000,367482147/2500000,29,38,0.8364088050000191,7.95527280500005,791,0,0.098875,0.0
A,data/input/set1/7_2_1439_3_S_1-9.dat,211,8000,vns_vnd,moead,completed,completed,0.4642857142857143,0.7241379310344828,1.073939407998277,1.0817614911323148,0.0015473217268000214,0.0008325932042639168,128,124,150.487526,146.9928588,75243763/500000,367482147/2500000,29,28,0.8364088050000191,2.911321093999959,791,0,0.098875,0.0
A,data/input/set1/7_2_1439_3_S_1-9.dat,211,8000,spea2,moead,completed,completed,1.0,0.6052631578947368,1.0819502038879532,1.0817614911323148,0.00021242535629132324,0.0008325932042639168,124,124,146.9928588,146.9928588,367482147/2500000,367482147/2500000,38,28,7.95527280500005,2.911321093999959,0,0,0.0,0.0
A,data/input/set1/7_2_1439_3_S_1-9.dat,307,8000,vns_vnd,spea2,completed,completed,0.4358974358974359,1.0,1.0803169856269021,1.081971363122698,0.0019483165572246736,7.302468234263171e-05,126,124,146.9928588,146.9928588,367482147/2500000,367482147/2500000,31,39,0.8490252419999251,7.97237407700004,910,0,0.11375,0.0
A,data/input/set1/7_2_1439_3_S_1-9.dat,307,8000,vns_vnd,moead,completed,completed,0.5925925925925926,0.8709677419354839,1.0803169856269021,1.0818455764769883,0.0019483165572246736,0.0005839205689439087,126,124,146.9928588,146.9928588,367482147/2500000,367482147/2500000,31,27,0.8490252419999251,2.981656052000062,910,0,0.11375,0.0
A,data/input/set1/7_2_1439_3_S_1-9.dat,307,8000,spea2,moead,completed,completed,1.0,0.5897435897435898,1.081971363122698,1.0818455764769883,7.302468234263171e-05,0.0005839205689439087,124,124,146.9928588,146.9928588,367482147/2500000,367482147/2500000,39,27,7.97237407700004,2.981656052000062,0,0,0.0,0.0
A,data/input/set1/7_2_1439_3_S_1-9.dat,401,8000,vns_vnd,spea2,completed,completed,0.375,0.72,1.076441833093711,1.0812605289507324,0.0014700628197603786,0.0004210297288090046,124,125,150.7311144,146.9928588,188413893/1250000,367482147/2500000,25,40,0.8378957369998261,7.868449423999891,1205,0,0.150625,0.0
A,data/input/set1/7_2_1439_3_S_1-9.dat,401,8000,vns_vnd,moead,completed,completed,0.5416666666666666,0.32,1.076441833093711,1.080348904807927,0.0014700628197603786,0.001151528149763115,124,126,150.7311144,146.9928588,188413893/1250000,367482147/2500000,25,24,0.8378957369998261,3.0329204069998923,1205,0,0.150625,0.0
A,data/input/set1/7_2_1439_3_S_1-9.dat,401,8000,spea2,moead,completed,completed,0.9166666666666666,0.375,1.0812605289507324,1.080348904807927,0.0004210297288090046,0.001151528149763115,125,126,146.9928588,146.9928588,367482147/2500000,367482147/2500000,40,24,7.868449423999891,3.0329204069998923,0,0,0.0,0.0
A,data/input/set1/7_2_1439_3_S_1-9.dat,503,8000,vns_vnd,spea2,completed,completed,0.475,0.9090909090909091,1.0666700373894062,1.0819608712589652,0.003718698558648963,0.00011805316891412775,146,124,146.9928588,146.9928588,367482147/2500000,367482147/2500000,22,40,0.8537496779999856,7.972297370999968,1014,0,0.12675,0.0
A,data/input/set1/7_2_1439_3_S_1-9.dat,503,8000,vns_vnd,moead,completed,completed,0.5185185185185185,0.5909090909090909,1.0666700373894062,1.0811634579960374,0.003718698558648963,0.0008901154807087145,146,125,146.9928588,146.9928588,367482147/2500000,367482147/2500000,22,27,0.8537496779999856,2.9142602500000976,1014,0,0.12675,0.0
A,data/input/set1/7_2_1439_3_S_1-9.dat,503,8000,spea2,moead,completed,completed,0.9629629629629629,0.425,1.0819608712589652,1.0811634579960374,0.00011805316891412775,0.0008901154807087145,124,125,146.9928588,146.9928588,367482147/2500000,367482147/2500000,40,27,7.972297370999968,2.9142602500000976,0,0,0.0,0.0
A,data/input/set1/7_2_1439_3_S_1-9.dat,601,8000,vns_vnd,spea2,completed,completed,0.2682926829268293,1.0,1.06294468592289,1.0819579011357763,0.004305636159056313,0.00012779319409960565,145,124,150.0435078,146.9928588,750217539/5000000,367482147/2500000,17,41,0.8542548990001251,7.730853587999945,1062,0,0.13275,0.0
A,data/input/set1/7_2_1439_3_S_1-9.dat,601,8000,vns_vnd,moead,completed,completed,0.2692307692307692,0.7647058823529411,1.06294468592289,1.0811342813573332,0.004305636159056313,0.0006848441181276217,145,125,150.0435078,146.9928588,750217539/5000000,367482147/2500000,17,26,0.8542548990001251,3.128655068999933,1062,0,0.13275,0.0
A,data/input/set1/7_2_1439_3_S_1-9.dat,601,8000,spea2,moead,completed,completed,0.9615384615384616,0.5121951219512195,1.0819579011357763,1.0811342813573332,0.00012779319409960565,0.0006848441181276217,124,125,146.9928588,146.9928588,367482147/2500000,367482147/2500000,41,26,7.730853587999945,3.128655068999933,0,0,0.0,0.0
A,data/input/set1/7_2_1439_3_S_1-9.dat,701,8000,vns_vnd,spea2,completed,completed,0.3684210526315789,1.0,1.0672854573182478,1.0819606436780973,0.003956599962071743,0.0001277931940996054,145,124,146.9928588,146.9928588,367482147/2500000,367482147/2500000,16,38,0.8182300549999582,7.840459385000031,1454,0,0.18175,0.0
A,data/input/set1/7_2_1439_3_S_1-9.dat,701,8000,vns_vnd,moead,completed,completed,0.34615384615384615,0.6875,1.0672854573182478,1.081194524713135,0.003956599962071743,0.0005974687130697764,145,125,146.9928588,146.9928588,367482147/2500000,367482147/2500000,16,26,0.8182300549999582,2.987151937000135,1454,0,0.18175,0.0
A,data/input/set1/7_2_1439_3_S_1-9.dat,701,8000,spea2,moead,completed,completed,0.9230769230769231,0.5263157894736842,1.0819606436780973,1.081194524713135,0.0001277931940996054,0.0005974687130697764,124,125,146.9928588,146.9928588,367482147/2500000,367482147/2500000,38,26,7.840459385000031,2.987151937000135,0,0,0.0,0.0
A,data/input/set1/7_2_1439_3_S_1-9.dat,809,8000,vns_vnd,spea2,completed,completed,0.55,1.0,1.0798367352329352,1.0819732088421086,0.0007336429780408434,5.47793257079989e-05,127,124,146.9928588,146.9928588,367482147/2500000,367482147/2500000,29,40,0.8405940840000312,8.646065402999966,929,0,0.116125,0.0
A,data/input/set1/7_2_1439_3_S_1-9.dat,809,8000,vns_vnd,moead,completed,completed,0.7037037037037037,0.5517241379310345,1.0798367352329352,1.0804209495817765,0.0007336429780408434,0.0009556338642768341,127,126,146.9928588,146.9928588,367482147/2500000,367482147/2500000,29,27,0.8405940840000312,2.975447380000105,929,0,0.116125,0.0
A,data/input/set1/7_2_1439_3_S_1-9.dat,809,8000,spea2,moead,completed,completed,0.9629629629629629,0.4,1.0819732088421086,1.0804209495817765,5.47793257079989e-05,0.0009556338642768341,124,126,146.9928588,146.9928588,367482147/2500000,367482147/2500000,40,27,8.646065402999966,2.975447380000105,0,0,0.0,0.0
A,data/input/set1/7_2_1439_3_S_1-9.dat,907,8000,vns_vnd,spea2,completed,completed,0.35,0.9375,1.0673065259063763,1.0819556330417044,0.0039806068673292295,0.00019490111325977624,145,124,146.9928588,146.9928588,367482147/2500000,367482147/2500000,16,40,0.854287210999928,7.863345245000119,924,0,0.1155,0.0
A,data/input/set1/7_2_1439_3_S_1-9.dat,907,8000,vns_vnd,moead,completed,completed,0.46153846153846156,0.75,1.0673065259063763,1.0810232469663468,0.0039806068673292295,0.0008142731619618081,145,125,146.9928588,146.9928588,367482147/2500000,367482147/2500000,16,26,0.854287210999928,3.0228249729998424,924,0,0.1155,0.0
A,data/input/set1/7_2_1439_3_S_1-9.dat,907,8000,spea2,moead,completed,completed,0.8076923076923077,0.5,1.0819556330417044,1.0810232469663468,0.00019490111325977624,0.0008142731619618081,124,125,146.9928588,146.9928588,367482147/2500000,367482147/2500000,40,26,7.863345245000119,3.0228249729998424,0,0,0.0,0.0
A,data/input/set1/7_2_1439_3_S_1-9.dat,1009,8000,vns_vnd,spea2,completed,completed,0.225,0.8125,1.067164798956668,1.0819437949792792,0.004647865636992401,0.0002920987293705271,145,124,146.9928588,146.9928588,367482147/2500000,367482147/2500000,16,40,0.8414581219999491,8.167099019000034,1006,0,0.12575,0.0
A,data/input/set1/7_2_1439_3_S_1-9.dat,1009,8000,vns_vnd,moead,completed,completed,0.25925925925925924,0.875,1.067164798956668,1.0817283954739219,0.004647865636992401,0.001135960861049748,145,124,146.9928588,146.9928588,367482147/2500000,367482147/2500000,16,27,0.8414581219999491,2.970624305000001,1006,0,0.12575,0.0
A,data/input/set1/7_2_1439_3_S_1-9.dat,1009,8000,spea2,moead,completed,completed,0.8518518518518519,0.525,1.0819437949792792,1.0817283954739219,0.0002920987293705271,0.001135960861049748,124,124,146.9928588,146.9928588,367482147/2500000,367482147/2500000,40,27,8.167099019000034,2.970624305000001,0,0,0.0,0.0
A,data/input/set1/8_2_1439_3_S_1-9.dat,101,8000,vns_vnd,spea2,completed,completed,0.10204081632653061,0.9473684210526315,1.0603590326667174,1.0770824512418589,0.009410324898644476,0.0024369289649958815,156,133,190.7091432,190.7091432,238386429/1250000,238386429/1250000,19,49,0.8925259469999673,8.038427956000078,1090,0,0.13625,0.0
A,data/input/set1/8_2_1439_3_S_1-9.dat,101,8000,vns_vnd,moead,completed,completed,0.11764705882352941,0.8947368421052632,1.0603590326667174,1.0739330608537971,0.009410324898644476,0.0014882809177223727,156,138,190.7091432,190.7091432,238386429/1250000,238386429/1250000,19,34,0.8925259469999673,3.1027717270001176,1090,0,0.13625,0.0
A,data/input/set1/8_2_1439_3_S_1-9.dat,101,8000,spea2,moead,completed,completed,0.3235294117647059,0.6326530612244898,1.0770824512418589,1.0739330608537971,0.0024369289649958815,0.0014882809177223727,133,138,190.7091432,190.7091432,238386429/1250000,238386429/1250000,49,34,8.038427956000078,3.1027717270001176,0,0,0.0,0.0
A,data/input/set1/8_2_1439_3_S_1-9.dat,211,8000,vns_vnd,spea2,completed,completed,0.4418604651162791,0.21052631578947367,1.0647167392540886,1.0745861869080338,0.0033522840905051226,0.001708139984155071,151,137,190.7091432,190.7091432,238386429/1250000,238386429/1250000,19,43,0.9136273440001332,8.247379064000143,1181,0,0.147625,0.0
A,data/input/set1/8_2_1439_3_S_1-9.dat,211,8000,vns_vnd,moead,completed,completed,0.71875,0.05263157894736842,1.0647167392540886,1.0739260926500085,0.0033522840905051226,0.003202970937760685,151,137,190.7091432,190.7091432,238386429/1250000,238386429/1250000,19,32,0.9136273440001332,3.1518104120000316,1181,0,0.147625,0.0
A,data/input/set1/8_2_1439_3_S_1-9.dat,211,8000,spea2,moead,completed,completed,0.9375,0.11627906976744186,1.0745861869080338,1.0739260926500085,0.001708139984155071,0.003202970937760685,137,137,190.7091432,190.7091432,238386429/1250000,238386429/1250000,43,32,8.247379064000143,3.1518104120000316,0,0,0.0,0.0
A,data/input/set1/8_2_1439_3_S_1-9.dat,307,8000,vns_vnd,spea2,completed,completed,0.6,0.23809523809523808,1.0702801730303468,1.0755327018287324,0.002782692968221685,0.0032182103392485065,143,135,190.7091432,190.7091432,238386429/1250000,238386429/1250000,21,50,0.9253756989999147,8.013772716999938,950,0,0.11875,0.0
A,data/input/set1/8_2_1439_3_S_1-9.dat,307,8000,vns_vnd,moead,completed,completed,0.15151515151515152,0.8571428571428571,1.0702801730303468,1.071870182325959,0.002782692968221685,0.0014005211524960167,143,141,190.7091432,190.7091432,238386429/1250000,238386429/1250000,21,33,0.9253756989999147,3.202490943000157,950,0,0.11875,0.0
A,data/input/set1/8_2_1439_3_S_1-9.dat,307,8000,spea2,moead,completed,completed,0.18181818181818182,0.76,1.0755327018287324,1.071870182325959,0.0032182103392485065,0.0014005211524960167,135,141,190.7091432,190.7091432,238386429/1250000,238386429/1250000,50,33,8.013772716999938,3.202490943000157,0,0,0.0,0.0
A,data/input/set1/8_2_1439_3_S_1-9.dat,401,8000,vns_vnd,spea2,completed,completed,0.0,1.0,1.0617484125565009,1.0774236818454996,0.00961540950234931,0.0007101656811168424,154,133,190.7091432,190.7091432,238386429/1250000,238386429/1250000,25,50,0.9632708459998867,8.07409999100014,953,0,0.119125,0.0
A,data/input/set1/8_2_1439_3_S_1-9.dat,401,8000,vns_vnd,moead,completed,completed,0.029411764705882353,1.0,1.0617484125565009,1.0739954779171172,0.00961540950234931,0.0011349062834407645,154,138,190.7091432,190.7091432,238386429/1250000,238386429/1250000,25,34,0.9632708459998867,3.0630684489999567,953,0,0.119125,0.0
A,data/input/set1/8_2_1439_3_S_1-9.dat,401,8000,spea2,moead,completed,completed,0.6176470588235294,0.52,1.0774236818454996,1.0739954779171172,0.0007101656811168424,0.0011349062834407645,133,138,190.7091432,190.7091432,238386429/1250000,238386429/1250000,50,34,8.07409999100014,3.0630684489999567,0,0,0.0,0.0
A,data/input/set1/8_2_1439_3_S_1-9.dat,503,8000,vns_vnd,spea2,completed,completed,0.38095238095238093,0.45,1.0630489870493647,1.0740953131483715,0.0053825125308051315,0.005168291112389402,149,137,192.9107756,190.7091432,482276939/2500000,238386429/1250000,20,42,0.8597094169999764,8.093545898999992,1129,0,0.141125,0.0
A,data/input/set1/8_2_1439_3_S_1-9.dat,503,8000,vns_vnd,moead,completed,completed,0.03225806451612903,0.75,1.0630489870493647,1.0727286884359668,0.0053825125308051315,0.003077475409943681,149,139,192.9107756,190.7091432,482276939/2500000,238386429/1250000,20,31,0.8597094169999764,3.0436341939998783,1129,0,0.141125,0.0
A,data/input/set1/8_2_1439_3_S_1-9.dat,503,8000,spea2,moead,completed,completed,0.2903225806451613,0.7380952380952381,1.0740953131483715,1.0727286884359668,0.005168291112389402,0.003077475409943681,137,139,190.7091432,190.7091432,238386429/1250000,238386429/1250000,42,31,8.093545898999992,3.0436341939998783,0,0,0.0,0.0
A,data/input/set1/8_2_1439_3_S_1-9.dat,601,8000,vns_vnd,spea2,completed,completed,0.38,0.6666666666666666,1.066384949455738,1.0770844549999103,0.004658949825352764,0.0016927587364946692,148,133,190.7091432,190.7091432,238386429/1250000,238386429/1250000,21,50,0.9151007959999333,7.9092647090001265,980,0,0.1225,0.0
A,data/input/set1/8_2_1439_3_S_1-9.dat,601,8000,vns_vnd,moead,completed,completed,0.18181818181818182,0.9047619047619048,1.066384949455738,1.072181329498157,0.004658949825352764,0.002120325657475967,148,140,190.7091432,190.7091432,238386429/1250000,238386429/1250000,21,33,0.9151007959999333,3.108774700999902,980,0,0.1225,0.0
A,data/input/set1/8_2_1439_3_S_1-9.dat,601,8000,spea2,moead,completed,completed,0.18181818181818182,0.66,1.0770844549999103,1.072181329498157,0.0016927587364946692,0.002120325657475967,133,140,190.7091432,190.7091432,238386429/1250000,238386429/1250000,50,33,7.9092647090001265,3.108774700999902,0,0,0.0,0.0
A,data/input/set1/8_2_1439_3_S_1-9.dat,701,8000,vns_vnd,spea2,completed,completed,0.04,0.8571428571428571,1.0490299025103975,1.0774625641443238,0.016234262755869998,0.0005104928298859782,171,133,190.7091432,190.7091432,238386429/1250000,238386429/1250000,14,50,0.8976154469999074,7.931668103999982,1247,0,0.155875,0.0
A,data/input/set1/8_2_1439_3_S_1-9.dat,701,8000,vns_vnd,moead,completed,completed,0.030303030303030304,1.0,1.0490299025103975,1.0766308938550382,0.016234262755869998,0.0009528759388819134,171,134,190.7091432,190.7091432,238386429/1250000,238386429/1250000,14,33,0.8976154469999074,3.0751710219999495,1247,0,0.155875,0.0
A,data/input/set1/8_2_1439_3_S_1-9.dat,701,8000,spea2,moead,completed,completed,0.7878787878787878,0.48,1.0774625641443238,1.0766308938550382,0.0005104928298859782,0.0009528759388819134,133,134,190.7091432,190.7091432,238386429/1250000,238386429/1250000,50,33,7.931668103999982,3.0751710219999495,0,0,0.0,0.0
A,data/input/set1/8_2_1439_3_S_1-9.dat,809,8000,vns_vnd,spea2,completed,completed,0.36363636363636365,0.3076923076923077,1.061685712597519,1.0770968125515223,0.0052265016840927665,0.0025842276529360244,155,133,190.7091432,190.7091432,238386429/1250000,238386429/1250000,13,44,0.9581968109998797,7.893147789000068,1108,0,0.1385,0.0
A,data/input/set1/8_2_1439_3_S_1-9.dat,809,8000,vns_vnd,moead,completed,completed,0.53125,0.3076923076923077,1.061685712597519,1.0729584975684279,0.0052265016840927665,0.0025363601246141364,155,139,190.7091432,190.7091432,238386429/1250000,238386429/1250000,13,32,0.9581968109998797,3.08569053899987,1108,0,0.1385,0.0
A,data/input/set1/8_2_1439_3_S_1-9.dat,809,8000,spea2,moead,completed,completed,0.4375,0.36363636363636365,1.0770968125515223,1.0729584975684279,0.0025842276529360244,0.0025363601246141364,133,139,190.7091432,190.7091432,238386429/1250000,238386429/1250000,44,32,7.893147789000068,3.08569053899987,0,0,0.0,0.0
A,data/input/set1/8_2_1439_3_S_1-9.dat,907,8000,vns_vnd,spea2,completed,completed,0.0425531914893617,0.95,1.0600957723948934,1.0778943344203809,0.004322192474205913,0.0008581586828130169,147,132,196.5134468,190.7091432,491283617/2500000,238386429/1250000,20,47,0.8730654179998965,7.698788994999859,892,0,0.1115,0.0
A,data/input/set1/8_2_1439_3_S_1-9.dat,907,8000,vns_vnd,moead,completed,completed,0.6774193548387096,0.05,1.0600957723948934,1.071710411916344,0.004322192474205913,0.005698892638980298,147,140,196.5134468,190.7091432,491283617/2500000,238386429/1250000,20,31,0.8730654179998965,3.0886644790000446,892,0,0.1115,0.0
A,data/input/set1/8_2_1439_3_S_1-9.dat,907,8000,spea2,moead,completed,completed,0.9032258064516129,0.0851063829787234,1.0778943344203809,1.071710411916344,0.0008581586828130169,0.005698892638980298,132,140,190.7091432,190.7091432,238386429/1250000,238386429/1250000,47,31,7.698788994999859,3.0886644790000446,0,0,0.0,0.0
A,data/input/set1/8_2_1439_3_S_1-9.dat,1009,8000,vns_vnd,spea2,completed,completed,0.04,0.8421052631578947,1.0630722026924864,1.0768823780140524,0.005020892310406229,0.00030474687531299136,153,134,190.7091432,190.7091432,238386429/1250000,238386429/1250000,19,50,0.8739047789999859,8.055319272999895,1027,0,0.128375,0.0
A,data/input/set1/8_2_1439_3_S_1-9.dat,1009,8000,vns_vnd,moead,completed,completed,0.6451612903225806,0.47368421052631576,1.0630722026924864,1.0736330399040308,0.005020892310406229,0.005510205875351213,153,137,190.7091432,190.7091432,238386429/1250000,238386429/1250000,19,31,0.8739047789999859,3.033505944000126,1027,0,0.128375,0.0
A,data/input/set1/8_2_1439_3_S_1-9.dat,1009,8000,spea2,moead,completed,completed,0.9032258064516129,0.02,1.0768823780140524,1.0736330399040308,0.00030474687531299136,0.005510205875351213,134,137,190.7091432,190.7091432,238386429/1250000,238386429/1250000,50,31,8.055319272999895,3.033505944000126,0,0,0.0,0.0
A,data/input/set1/9_2_1439_3_S_1-9.dat,101,8000,vns_vnd,spea2,completed,completed,0.14,0.38461538461538464,1.0590226231534767,1.0793537898767045,0.006148519724614893,0.0011680932007027628,180,152,194.3279554,194.3279554,971639777/5000000,971639777/5000000,13,50,0.9169380060000094,7.789556793999964,878,0,0.10975,0.0
A,data/input/set1/9_2_1439_3_S_1-9.dat,101,8000,vns_vnd,moead,completed,completed,0.08823529411764706,0.7692307692307693,1.0590226231534767,1.0784005294443484,0.006148519724614893,0.0018880160533087716,180,153,194.3279554,194.3279554,971639777/5000000,971639777/5000000,13,34,0.9169380060000094,3.1462695200000326,878,0,0.10975,0.0
A,data/input/set1/9_2_1439_3_S_1-9.dat,101,8000,spea2,moead,completed,completed,0.4411764705882353,0.3,1.0793537898767045,1.0784005294443484,0.0011680932007027628,0.0018880160533087716,152,153,194.3279554,194.3279554,971639777/5000000,971639777/5000000,50,34,7.789556793999964,3.1462695200000326,0,0,0.0,0.0
A,data/input/set1/9_2_1439_3_S_1-9.dat,211,8000,vns_vnd,spea2,completed,completed,0.1,0.7692307692307693,1.060638315279356,1.0793130294939248,0.004102535560060964,0.001369058521822134,164,152,198.6666562,194.3279554,993333281/5000000,971639777/5000000,26,50,0.9570072320000236,8.160147129000052,928,0,0.116,0.0
A,data/input/set1/9_2_1439_3_S_1-9.dat,211,8000,vns_vnd,moead,completed,completed,0.10256410256410256,0.6538461538461539,1.060638315279356,1.07913334248818,0.004102535560060964,0.0017014604542389719,164,152,198.6666562,194.3279554,993333281/5000000,971639777/5000000,26,39,0.9570072320000236,3.1685937009999634,928,0,0.116,0.0
A,data/input/set1/9_2_1439_3_S_1-9.dat,211,8000,spea2,moead,completed,completed,0.717948717948718,0.28,1.0793130294939248,1.07913334248818,0.001369058521822134,0.0017014604542389719,152,152,194.3279554,194.3279554,971639777/5000000,971639777/5000000,50,39,8.160147129000052,3.1685937009999634,0,0,0.0,0.0
A,data/input/set1/9_2_1439_3_S_1-9.dat,307,8000,vns_vnd,spea2,completed,completed,0.16,0.35294117647058826,1.0693463638777545,1.0792620993376425,0.0054322237243643245,0.0015346083021866464,165,152,194.3279554,194.3279554,971639777/5000000,971639777/5000000,17,50,0.9408975900000769,7.8385311080000974,1087,0,0.135875,0.0
A,data/input/set1/9_2_1439_3_S_1-9.dat,307,8000,vns_vnd,moead,completed,completed,0.2692307692307692,0.4117647058823529,1.0693463638777545,1.0791421358326851,0.0054322237243643245,0.002187580437229866,165,152,194.3279554,194.3279554,971639777/5000000,971639777/5000000,17,26,0.9408975900000769,3.046742251000069,1087,0,0.135875,0.0
A,data/input/set1/9_2_1439_3_S_1-9.dat,307,8000,spea2,moead,completed,completed,0.3076923076923077,0.44,1.0792620993376425,1.0791421358326851,0.0015346083021866464,0.002187580437229866,152,152,194.3279554,194.3279554,971639777/5000000,971639777/5000000,50,26,7.8385311080000974,3.046742251000069,0,0,0.0,0.0
A,data/input/set1/9_2_1439_3_S_1-9.dat,401,8000,vns_vnd,spea2,completed,completed,0.22,0.34782608695652173,1.0563872105310512,1.0786861640352263,0.005421616799372309,0.0011076197415375909,181,153,196.4924635,194.3279554,392984927/2000000,971639777/5000000,23,50,0.9301683170001525,7.683499301999973,869,0,0.108625,0.0
A,data/input/set1/9_2_1439_3_S_1-9.dat,401,8000,vns_vnd,moead,completed,completed,0.275,0.30434782608695654,1.0563872105310512,1.0791479013987382,0.005421616799372309,0.0018177810765640254,181,152,196.4924635,194.3279554,392984927/2000000,971639777/5000000,23,40,0.9301683170001525,3.045572939999829,869,0,0.108625,0.0
A,data/input/set1/9_2_1439_3_S_1-9.dat,401,8000,spea2,moead,completed,completed,0.725,0.32,1.0786861640352263,1.0791479013987382,0.0011076197415375909,0.0018177810765640254,153,152,194.3279554,194.3279554,971639777/5000000,971639777/5000000,50,40,7.683499301999973,3.045572939999829,0,0,0.0,0.0
A,data/input/set1/9_2_1439_3_S_1-9.dat,503,8000,vns_vnd,spea2,completed,completed,0.10638297872340426,0.5333333333333333,1.0439006108226105,1.0777759709051813,0.007726231612281883,0.0017803250825820173,187,153,204.684021,195.12962506666668,204684021/1000000,365868047/1875000,15,47,0.9601943539998956,7.728138608000108,1000,0,0.125,0.0
A,data/input/set1/9_2_1439_3_S_1-9.dat,503,8000,vns_vnd,moead,completed,completed,0.20512820512820512,0.6,1.0439006108226105,1.078339244103094,0.007726231612281883,0.0021142000405047863,187,153,204.684021,194.3279554,204684021/1000000,971639777/5000000,15,39,0.9601943539998956,3.08845204499994,1000,0,0.125,0.0
A,data/input/set1/9_2_1439_3_S_1-9.dat,503,8000,spea2,moead,completed,completed,0.46153846153846156,0.2765957446808511,1.0777759709051813,1.078339244103094,0.0017803250825820173,0.0021142000405047863,153,153,195.12962506666668,194.3279554,365868047/1875000,971639777/5000000,47,39,7.728138608000108,3.08845204499994,0,0,0.0,0.0
A,data/input/set1/9_2_1439_3_S_1-9.dat,601,8000,vns_vnd,spea2,completed,completed,0.1,0.5333333333333333,1.049611281902554,1.07934211443419,0.006668762762713292,0.001162663564001851,179,152,204.684021,194.3279554,204684021/1000000,971639777/5000000,15,50,0.9379349920000095,7.620580797999992,1217,0,0.152125,0.0
A,data/input/set1/9_2_1439_3_S_1-9.dat,601,8000,vns_vnd,moead,completed,completed,0.25,0.5333333333333333,1.049611281902554,1.0782725626486895,0.006668762762713292,0.002790263209662235,179,153,204.684021,194.3279554,204684021/1000000,971639777/5000000,15,32,0.9379349920000095,3.0759137800000644,1217,0,0.152125,0.0
A,data/input/set1/9_2_1439_3_S_1-9.dat,601,8000,spea2,moead,completed,completed,0.9375,0.14,1.07934211443419,1.0782725626486895,0.001162663564001851,0.002790263209662235,152,153,194.3279554,194.3279554,971639777/5000000,971639777/5000000,50,32,7.620580797999992,3.0759137800000644,0,0,0.0,0.0
A,data/input/set1/9_2_1439_3_S_1-9.dat,701,8000,vns_vnd,spea2,completed,completed,0.1,0.4444444444444444,1.046366884033327,1.0793943607379084,0.00962311102793687,0.001015115794865887,196,152,195.289959,194.3279554,195289959/1000000,971639777/5000000,9,50,0.9122937669999374,7.677940820999993,996,0,0.1245,0.0
A,data/input/set1/9_2_1439_3_S_1-9.dat,701,8000,vns_vnd,moead,completed,completed,0.21875,0.1111111111111111,1.046366884033327,1.0761803592664612,0.00962311102793687,0.002946888089529445,196,156,195.289959,194.3279554,195289959/1000000,971639777/5000000,9,32,0.9122937669999374,3.069705388000102,996,0,0.1245,0.0
A,data/input/set1/9_2_1439_3_S_1-9.dat,701,8000,spea2,moead,completed,completed,0.78125,0.08,1.0793943607379084,1.0761803592664612,0.001015115794865887,0.002946888089529445,152,156,194.3279554,194.3279554,971639777/5000000,971639777/5000000,50,32,7.677940820999993,3.069705388000102,0,0,0.0,0.0
A,data/input/set1/9_2_1439_3_S_1-9.dat,809,8000,vns_vnd,spea2,completed,completed,0.1,0.6428571428571429,1.051696478009889,1.08009014720237,0.006373911754857551,0.0010240719473688384,176,151,204.684021,194.3279554,204684021/1000000,971639777/5000000,14,50,0.9100410940000074,7.678356047000079,1321,0,0.165125,0.0
A,data/input/set1/9_2_1439_3_S_1-9.dat,809,8000,vns_vnd,moead,completed,completed,0.1282051282051282,0.6428571428571429,1.051696478009889,1.0791868866721925,0.006373911754857551,0.0017187567029734745,176,152,204.684021,194.3279554,204684021/1000000,971639777/5000000,14,39,0.9100410940000074,3.0912080660000356,1321,0,0.165125,0.0
A,data/input/set1/9_2_1439_3_S_1-9.dat,809,8000,spea2,moead,completed,completed,0.7435897435897436,0.26,1.08009014720237,1.0791868866721925,0.0010240719473688384,0.0017187567029734745,151,152,194.3279554,194.3279554,971639777/5000000,971639777/5000000,50,39,7.678356047000079,3.0912080660000356,0,0,0.0,0.0
A,data/input/set1/9_2_1439_3_S_1-9.dat,907,8000,vns_vnd,spea2,completed,completed,0.04,0.9583333333333334,1.0496251650520707,1.079428041233913,0.011690800021693338,0.0008936202147895741,192,152,194.3279554,194.3279554,971639777/5000000,971639777/5000000,24,50,0.9222450709999066,8.074395003999825,1150,0,0.14375,0.0
A,data/input/set1/9_2_1439_3_S_1-9.dat,907,8000,vns_vnd,moead,completed,completed,0.02857142857142857,0.9583333333333334,1.0496251650520707,1.0784719233641866,0.011690800021693338,0.0017713694475232661,192,153,194.3279554,194.3279554,971639777/5000000,971639777/5000000,24,35,0.9222450709999066,3.248623070999656,1150,0,0.14375,0.0
A,data/input/set1/9_2_1439_3_S_1-9.dat,907,8000,spea2,moead,completed,completed,0.7142857142857143,0.22,1.079428041233913,1.0784719233641866,0.0008936202147895741,0.0017713694475232661,152,153,194.3279554,194.3279554,971639777/5000000,971639777/5000000,50,35,8.074395003999825,3.248623070999656,0,0,0.0,0.0
A,data/input/set1/9_2_1439_3_S_1-9.dat,1009,8000,vns_vnd,spea2,completed,completed,0.1,0.3,1.0450199411443544,1.0792127202979755,0.010643981304088342,0.0014150169069059074,199,151,194.3279554,195.12962506666668,971639777/5000000,365868047/1875000,10,50,0.9377325139998902,7.9937002360002225,1186,0,0.14825,0.0
A,data/input/set1/9_2_1439_3_S_1-9.dat,1009,8000,vns_vnd,moead,completed,completed,0.125,0.4,1.0450199411443544,1.0799176346158506,0.010643981304088342,0.001382252630080702,199,151,194.3279554,194.3279554,971639777/5000000,971639777/5000000,10,40,0.9377325139998902,3.1994682019999345,1186,0,0.14825,0.0
A,data/input/set1/9_2_1439_3_S_1-9.dat,1009,8000,spea2,moead,completed,completed,0.45,0.26,1.0792127202979755,1.0799176346158506,0.0014150169069059074,0.001382252630080702,151,151,195.12962506666668,194.3279554,365868047/1875000,971639777/5000000,50,40,7.9937002360002225,3.1994682019999345,0,0,0.0,0.0
A,data/input/set2/250_10_1439_5_S_1-124.dat,101,8000,vns_vnd,spea2,completed,completed,0.0,1.0,0.17206252585677564,0.6475826497062508,0.4419623888062539,0.005636315365404756,3742,1703,4937.5493203333335,3719.7388954166668,14812647961/3000000,8927373349/2400000,5,36,21.76610128199991,38.90705353699968,1710,0,0.21375,0.0
A,data/input/set2/250_10_1439_5_S_1-124.dat,101,8000,vns_vnd,moead,completed,completed,0.0,1.0,0.17206252585677564,0.6308791452611029,0.4419623888062539,0.011784355984144679,3742,1725,4937.5493203333335,4274.840770558333,14812647961/3000000,512980892467/120000000,5,12,21.76610128199991,34.0245239740002,1710,0,0.21375,0.0
A,data/input/set2/250_10_1439_5_S_1-124.dat,101,8000,spea2,moead,completed,completed,0.4166666666666667,0.2777777777777778,0.6475826497062508,0.6308791452611029,0.005636315365404756,0.011784355984144679,1703,1725,3719.7388954166668,4274.840770558333,8927373349/2400000,512980892467/120000000,36,12,38.90705353699968,34.0245239740002,0,0,0.0,0.0
A,data/input/set2/250_10_1439_5_S_1-124.dat,211,8000,vns_vnd,spea2,completed,completed,0.0,1.0,0.16243199486633086,0.6558641809061572,0.45209469469258196,0.010033843922043612,3783,1682,5033.852601366667,3473.793498,151015578041/30000000,1736896749/500000,3,30,21.890417590000197,38.91419362700026,1717,0,0.214625,0.0
A,data/input/set2/250_10_1439_5_S_1-124.dat,211,8000,vns_vnd,moead,completed,completed,0.0,1.0,0.16243199486633086,0.6470603725448696,0.45209469469258196,0.005923713316886381,3783,1713,5033.852601366667,3638.7696469,151015578041/30000000,36387696469/10000000,3,20,21.890417590000197,33.3565516929998,1717,0,0.214625,0.0
A,data/input/set2/250_10_1439_5_S_1-124.dat,211,8000,spea2,moead,completed,completed,0.1,0.5333333333333333,0.6558641809061572,0.6470603725448696,0.010033843922043612,0.005923713316886381,1682,1713,3473.793498,3638.7696469,1736896749/500000,36387696469/10000000,30,20,38.91419362700026,33.3565516929998,0,0,0.0,0.0
A,data/input/set2/250_10_1439_5_S_1-124.dat,307,8000,vns_vnd,spea2,completed,completed,0.0,1.0,0.14940564139104762,0.6479490693368197,0.48150370034721757,0.008944141139397255,3827,1676,5168.419736716667,3971.8230864,310105184203/60000000,2482389429/625000,10,23,21.444134116999976,39.31131493199973,1901,0,0.237625,0.0
A,data/input/set2/250_10_1439_5_S_1-124.dat,307,8000,vns_vnd,moead,completed,completed,0.0,1.0,0.14940564139104762,0.6303465454114564,0.48150370034721757,0.015005896747781983,3827,1723,5168.419736716667,4302.797335483333,310105184203/60000000,258167840129/60000000,10,13,21.444134116999976,34.08841564800014,1901,0,0.237625,0.0
A,data/input/set2/250_10_1439_5_S_1-124.dat,307,8000,spea2,moead,completed,completed,0.6153846153846154,0.13043478260869565,0.6479490693368197,0.6303465454114564,0.008944141139397255,0.015005896747781983,1676,1723,3971.8230864,4302.797335483333,2482389429/625000,258167840129/60000000,23,13,39.31131493199973,34.08841564800014,0,0,0.0,0.0
A,data/input/set2/250_10_1439_5_S_1-124.dat,401,8000,vns_vnd,spea2,completed,completed,0.0,1.0,0.16266204188688532,0.649767201370821,0.45095509493208935,0.00976602704933018,3775,1674,5260.523352533333,3890.0449071666667,4931740643/937500,23340269443/6000000,7,32,21.712858228000187,38.99854960099992,1792,1,0.224,0.000125
A,data/input/set2/250_10_1439_5_S_1-124.dat,401,8000,vns_vnd,moead,completed,completed,0.0,1.0,0.16266204188688532,0.6369063022413529,0.45095509493208935,0.00904435581302026,3775,1712,5260.523352533333,4141.960397158334,4931740643/937500,497035247659/120000000,7,8,21.712858228000187,33.65323073400032,1792,0,0.224,0.0
A,data/input/set2/250_10_1439_5_S_1-124.dat,401,8000,spea2,moead,completed,completed,0.0,0.6875,0.649767201370821,0.6369063022413529,0.00976602704933018,0.00904435581302026,1674,1712,3890.0449071666667,4141.960397158334,23340269443/6000000,497035247659/120000000,32,8,38.99854960099992,33.65323073400032,1,0,0.000125,0.0
A,data/input/set2/250_10_1439_5_S_1-124.dat,503,8000,vns_vnd,spea2,completed,completed,0.0,1.0,0.19042634562331306,0.6495531191937427,0.4237703002379362,0.010625165264906599,3670,1667,4596.365016533333,3966.716264633333,4309092203/937500,119001487939/30000000,5,25,21.687025863000144,38.528710749999846,1665,0,0.208125,0.0
A,data/input/set2/250_10_1439_5_S_1-124.dat,503,8000,vns_vnd,moead,completed,completed,0.0,1.0,0.19042634562331306,0.6237261018590273,0.4237703002379362,0.01953994283713556,3670,1735,4596.365016533333,4459.407149891666,4309092203/937500,535128857987/120000000,5,15,21.687025863000144,33.651911331000065,1665,0,0.208125,0.0
A,data/input/set2/250_10_1439_5_S_1-124.dat,503,8000,spea2,moead,completed,completed,0.8,0.0,0.6495531191937427,0.6237261018590273,0.010625165264906599,0.01953994283713556,1667,1735,3966.716264633333,4459.407149891666,119001487939/30000000,535128857987/120000000,25,15,38.528710749999846,33.651911331000065,0,0,0.0,0.0
A,data/input/set2/250_10_1439_5_S_1-124.dat,601,8000,vns_vnd,spea2,completed,completed,0.0,1.0,0.13471639032264018,0.6563023911706123,0.4838217150042138,0.01111609612847519,3917,1666,4742.2349987,3611.6254036666664,47422349987/10000000,10834876211/3000000,2,27,21.531308724000155,38.438786633999825,1839,0,0.229875,0.0
A,data/input/set2/250_10_1439_5_S_1-124.dat,601,8000,vns_vnd,moead,completed,completed,0.0,1.0,0.13471639032264018,0.6346821490160259,0.4838217150042138,0.01525194400279453,3917,1689,4742.2349987,4438.0638325,47422349987/10000000,1775225533/400000,2,14,21.531308724000155,33.448808995000036,1839,0,0.229875,0.0
A,data/input/set2/250_10_1439_5_S_1-124.dat,601,8000,spea2,moead,completed,completed,0.21428571428571427,0.5925925925925926,0.6563023911706123,0.6346821490160259,0.01111609612847519,0.01525194400279453,1666,1689,3611.6254036666664,4438.0638325,10834876211/3000000,1775225533/400000,27,14,38.438786633999825,33.448808995000036,0,0,0.0,0.0
A,data/input/set2/250_10_1439_5_S_1-124.dat,701,8000,vns_vnd,spea2,completed,completed,0.0,1.0,0.16714845928802224,0.6493418233730378,0.4592883006095438,0.017052284076566847,3739,1676,5137.3000305,3783.0249093,10274600061/2000000,37830249093/10000000,7,17,22.161167277999994,38.80230732200016,1842,0,0.23025,0.0
A,data/input/set2/250_10_1439_5_S_1-124.dat,701,8000,vns_vnd,moead,completed,completed,0.0,1.0,0.16714845928802224,0.646079150039394,0.4592883006095438,0.014534007006161698,3739,1683,5137.3000305,3922.4282100916666,10274600061/2000000,470691385211/120000000,7,25,22.161167277999994,34.14500957200016,1842,0,0.23025,0.0
A,data/input/set2/250_10_1439_5_S_1-124.dat,701,8000,spea2,moead,completed,completed,0.28,0.4117647058823529,0.6493418233730378,0.646079150039394,0.017052284076566847,0.014534007006161698,1676,1683,3783.0249093,3922.4282100916666,37830249093/10000000,470691385211/120000000,17,25,38.80230732200016,34.14500957200016,0,0,0.0,0.0
A,data/input/set2/250_10_1439_5_S_1-124.dat,809,8000,vns_vnd,spea2,completed,completed,0.0,1.0,0.22442254252037858,0.6568434753505222,0.3830670326081731,0.012263718796449826,3494,1671,5162.5173607,3507.87395685,51625173607/10000000,70157479137/20000000,8,23,22.208295743000235,39.17986760900021,1527,0,0.190875,0.0
A,data/input/set2/250_10_1439_5_S_1-124.dat,809,8000,vns_vnd,moead,completed,completed,0.0,1.0,0.22442254252037858,0.6364905497375684,0.3830670326081731,0.012011657123580849,3494,1724,5162.5173607,4011.05468215,51625173607/10000000,80221093643/20000000,8,13,22.208295743000235,34.18152225199992,1527,0,0.190875,0.0
A,data/input/set2/250_10_1439_5_S_1-124.dat,809,8000,spea2,moead,completed,completed,0.6153846153846154,0.0,0.6568434753505222,0.6364905497375684,0.012263718796449826,0.012011657123580849,1671,1724,3507.87395685,4011.05468215,70157479137/20000000,80221093643/20000000,23,13,39.17986760900021,34.18152225199992,0,0,0.0,0.0
A,data/input/set2/250_10_1439_5_S_1-124.dat,907,8000,vns_vnd,spea2,completed,completed,0.0,1.0,0.19716766010767398,0.6473118603279149,0.41617119654126,0.01901997937594084,3626,1690,4968.7182882,3731.7165485,24843591441/5000000,7463433097/2000000,9,31,21.79574465099995,39.01288139799999,1680,0,0.21,0.0
A,data/input/set2/250_10_1439_5_S_1-124.dat,907,8000,vns_vnd,moead,completed,completed,0.0,1.0,0.19716766010767398,0.6324875095749569,0.41617119654126,0.020987050362136772,3626,1714,4968.7182882,4247.612727375,24843591441/5000000,33980901819/8000000,9,19,21.79574465099995,34.15658953100046,1680,0,0.21,0.0
A,data/input/set2/250_10_1439_5_S_1-124.dat,907,8000,spea2,moead,completed,completed,0.2631578947368421,0.3225806451612903,0.6473118603279149,0.6324875095749569,0.01901997937594084,0.020987050362136772,1690,1714,3731.7165485,4247.612727375,7463433097/2000000,33980901819/8000000,31,19,39.01288139799999,34.15658953100046,0,0,0.0,0.0
A,data/input/set2/250_10_1439_5_S_1-124.dat,1009,8000,vns_vnd,spea2,completed,completed,0.0,1.0,0.20974819281778107,0.6485159278699932,0.3994447131977942,0.012068911836977503,3564,1664,5095.5834223,4037.999145866667,50955834223/10000000,15142496797/3750000,4,34,22.061473942000703,39.13443235200066,1551,0,0.193875,0.0
A,data/input/set2/250_10_1439_5_S_1-124.dat,1009,8000,vns_vnd,moead,completed,completed,0.0,1.0,0.20974819281778107,0.624193993003396,0.3994447131977942,0.022744758083264236,3564,1725,5095.5834223,4524.697898183334,50955834223/10000000,271481873891/60000000,4,16,22.061473942000703,33.95204477799962,1551,0,0.193875,0.0
A,data/input/set2/250_10_1439_5_S_1-124.dat,1009,8000,spea2,moead,completed,completed,0.875,0.0,0.6485159278699932,0.624193993003396,0.012068911836977503,0.022744758083264236,1664,1725,4037.999145866667,4524.697898183334,15142496797/3750000,271481873891/60000000,34,16,39.13443235200066,33.95204477799962,0,0,0.0,0.0
A,data/input/set2/250_10_1439_5_S_1-9.dat,101,8000,vns_vnd,spea2,completed,completed,0.0,1.0,0.05398531626260588,0.9374321424107019,0.8650492635789623,0.0037833034863781717,1425,361,6756.4040212166665,1704.2130508666667,405384241273/60000000,25563195763/15000000,5,22,18.660024436999265,37.300179010999955,2911,0,0.363875,0.0
A,data/input/set2/250_10_1439_5_S_1-9.dat,101,8000,vns_vnd,moead,completed,completed,0.0,1.0,0.05398531626260588,0.9267736634762097,0.8650492635789623,0.00878345422083123,1425,371,6756.4040212166665,1796.0806284333332,405384241273/60000000,53882418853/30000000,5,7,18.660024436999265,32.352388915000006,2911,0,0.363875,0.0
A,data/input/set2/250_10_1439_5_S_1-9.dat,101,8000,spea2,moead,completed,completed,1.0,0.0,0.9374321424107019,0.9267736634762097,0.0037833034863781717,0.00878345422083123,361,371,1704.2130508666667,1796.0806284333332,25563195763/15000000,53882418853/30000000,22,7,37.300179010999955,32.352388915000006,0,0,0.0,0.0
A,data/input/set2/250_10_1439_5_S_1-9.dat,211,8000,vns_vnd,spea2,completed,completed,0.0,1.0,0.04560423152429075,0.9392440279221301,0.8753549942850583,0.0017907371125879291,1436,359,7209.806347433333,1700.0142387333333,216294190423/30000000,25500213581/15000000,2,12,16.549102925000057,41.32890232700004,3996,0,0.4995,0.0
A,data/input/set2/250_10_1439_5_S_1-9.dat,211,8000,vns_vnd,moead,completed,completed,0.0,1.0,0.04560423152429075,0.9196155958077116,0.8753549942850583,0.014435337978089774,1436,372,7209.806347433333,2028.6885794333334,216294190423/30000000,60860657383/30000000,2,12,16.549102925000057,38.775711441,3996,0,0.4995,0.0
A,data/input/set2/250_10_1439_5_S_1-9.dat,211,8000,spea2,moead,completed,completed,1.0,0.0,0.9392440279221301,0.9196155958077116,0.0017907371125879291,0.014435337978089774,359,372,1700.0142387333333,2028.6885794333334,25500213581/15000000,60860657383/30000000,12,12,41.32890232700004,38.775711441,0,0,0.0,0.0
A,data/input/set2/250_10_1439_5_S_1-9.dat,307,8000,vns_vnd,spea2,completed,completed,0.0,1.0,0.04461054477457772,0.9304756472216609,0.8759159703560312,0.006347012074735228,1437,366,7444.137518766666,1811.0156267166667,223324125563/30000000,108660937603/60000000,2,10,17.051403212999958,38.17456051399995,3886,0,0.48575,0.0
A,data/input/set2/250_10_1439_5_S_1-9.dat,307,8000,vns_vnd,moead,completed,completed,0.0,1.0,0.04461054477457772,0.9209205414079367,0.8759159703560312,0.01199574947309427,1437,374,7444.137518766666,1921.64335055,223324125563/30000000,38432867011/20000000,2,9,17.051403212999958,33.26760681799999,3886,0,0.48575,0.0
A,data/input/set2/250_10_1439_5_S_1-9.dat,307,8000,spea2,moead,completed,completed,1.0,0.0,0.9304756472216609,0.9209205414079367,0.006347012074735228,0.01199574947309427,366,374,1811.0156267166667,1921.64335055,108660937603/60000000,38432867011/20000000,10,9,38.17456051399995,33.26760681799999,0,0,0.0,0.0
A,data/input/set2/250_10_1439_5_S_1-9.dat,401,8000,vns_vnd,spea2,completed,completed,0.0,1.0,0.04561367963060193,0.9369044228395473,0.8724364678356857,0.006478753792626464,1437,358,6814.85643105,1811.0433354333334,136297128621/20000000,54331300063/30000000,3,18,17.043743957999936,38.22580102100005,3750,0,0.46875,0.0
A,data/input/set2/250_10_1439_5_S_1-9.dat,401,8000,vns_vnd,moead,completed,completed,0.0,1.0,0.04561367963060193,0.9415233034174675,0.8724364678356857,0.002489979929800214,1437,355,6814.85643105,1734.4588637166667,136297128621/20000000,104067531823/60000000,3,19,17.043743957999936,32.51087057699988,3750,0,0.46875,0.0
A,data/input/set2/250_10_1439_5_S_1-9.dat,401,8000,spea2,moead,completed,completed,0.0,1.0,0.9369044228395473,0.9415233034174675,0.006478753792626464,0.002489979929800214,358,355,1811.0433354333334,1734.4588637166667,54331300063/30000000,104067531823/60000000,18,19,38.22580102100005,32.51087057699988,0,0,0.0,0.0
A,data/input/set2/250_10_1439_5_S_1-9.dat,503,8000,vns_vnd,spea2,completed,completed,0.0,1.0,0.04627461116077773,0.9318461334339216,0.8710509404181048,0.005988415154364214,1436,368,6850.355794066667,1698.68448935,102755336911/15000000,33973689787/20000000,2,15,17.15889716999982,38.38324518099989,3529,0,0.441125,0.0
A,data/input/set2/250_10_1439_5_S_1-9.dat,503,8000,vns_vnd,moead,completed,completed,0.0,1.0,0.04627461116077773,0.9240782189472203,0.8710509404181048,0.012804579538750296,1436,371,6850.355794066667,1892.758224,102755336911/15000000,118297389/62500,2,12,17.15889716999982,32.17007166600001,3529,0,0.441125,0.0
A,data/input/set2/250_10_1439_5_S_1-9.dat,503,8000,spea2,moead,completed,completed,1.0,0.0,0.9318461334339216,0.9240782189472203,0.005988415154364214,0.012804579538750296,368,371,1698.68448935,1892.758224,33973689787/20000000,118297389/62500,15,12,38.38324518099989,32.17007166600001,0,0,0.0,0.0
A,data/input/set2/250_10_1439_5_S_1-9.dat,601,8000,vns_vnd,spea2,completed,completed,0.0,1.0,0.0457223154109814,0.9467481042837267,0.8720425237396602,0.0007317393537933131,1437,351,6742.741433616667,1663.7868403,404564486017/60000000,16637868403/10000000,2,25,16.537510440000005,37.85183834400004,3807,0,0.475875,0.0
A,data/input/set2/250_10_1439_5_S_1-9.dat,601,8000,vns_vnd,moead,completed,completed,0.0,1.0,0.0457223154109814,0.9203091831103847,0.8720425237396602,0.012637089505709204,1437,376,6742.741433616667,1882.6485776666666,404564486017/60000000,5647945733/3000000,2,15,16.537510440000005,31.700100607999957,3807,0,0.475875,0.0
A,data/input/set2/250_10_1439_5_S_1-9.dat,601,8000,spea2,moead,completed,completed,1.0,0.0,0.9467481042837267,0.9203091831103847,0.0007317393537933131,0.012637089505709204,351,376,1663.7868403,1882.6485776666666,16637868403/10000000,5647945733/3000000,25,15,37.85183834400004,31.700100607999957,0,0,0.0,0.0
A,data/input/set2/250_10_1439_5_S_1-9.dat,701,8000,vns_vnd,spea2,completed,completed,0.0,1.0,0.05088770562883655,0.9371591130180281,0.8677515128002207,0.0040376608266875225,1429,360,6973.912566433333,1745.1167660166666,209217376993/30000000,104707005961/60000000,4,10,18.616745075999916,38.78255359599984,3027,0,0.378375,0.0
A,data/input/set2/250_10_1439_5_S_1-9.dat,701,8000,vns_vnd,moead,completed,completed,0.0,1.0,0.05088770562883655,0.9241597833772737,0.8677515128002207,0.009955792057046926,1429,373,6973.912566433333,1832.22705285,209217376993/30000000,36644541057/20000000,4,5,18.616745075999916,33.11991328599993,3027,0,0.378375,0.0
A,data/input/set2/250_10_1439_5_S_1-9.dat,701,8000,spea2,moead,completed,completed,1.0,0.0,0.9371591130180281,0.9241597833772737,0.0040376608266875225,0.009955792057046926,360,373,1745.1167660166666,1832.22705285,104707005961/60000000,36644541057/20000000,10,5,38.78255359599984,33.11991328599993,0,0,0.0,0.0
A,data/input/set2/250_10_1439_5_S_1-9.dat,809,8000,vns_vnd,spea2,completed,completed,0.0,1.0,0.04779219892178256,0.9419450474035085,0.8753078820069772,0.0008836437272309312,1433,357,7059.4959638166665,1661.2650780666668,423569757829/60000000,24918976171/15000000,3,10,15.89019319099998,38.94331899400004,4272,0,0.534,0.0
A,data/input/set2/250_10_1439_5_S_1-9.dat,809,8000,vns_vnd,moead,completed,completed,0.0,1.0,0.04779219892178256,0.9247112380372029,0.8753078820069772,0.011795187124183598,1433,374,7059.4959638166665,1779.9805189666668,423569757829/60000000,53399415569/30000000,3,14,15.89019319099998,32.96701221000012,4272,0,0.534,0.0
A,data/input/set2/250_10_1439_5_S_1-9.dat,809,8000,spea2,moead,completed,completed,1.0,0.0,0.9419450474035085,0.9247112380372029,0.0008836437272309312,0.011795187124183598,357,374,1661.2650780666668,1779.9805189666668,24918976171/15000000,53399415569/30000000,10,14,38.94331899400004,32.96701221000012,0,0,0.0,0.0
A,data/input/set2/250_10_1439_5_S_1-9.dat,907,8000,vns_vnd,spea2,completed,completed,0.0,1.0,0.04588072170832168,0.9395294932493744,0.8731346178654795,0.0025562937642254944,1436,357,7094.270411083334,1749.2281477333333,85131244933/12000000,3279802777/1875000,3,16,17.368260503999863,37.87995730099988,3617,0,0.452125,0.0
A,data/input/set2/250_10_1439_5_S_1-9.dat,907,8000,vns_vnd,moead,completed,completed,0.0,1.0,0.04588072170832168,0.9162254292859052,0.8731346178654795,0.019224333258320164,1436,376,7094.270411083334,2031.7438017166667,85131244933/12000000,121904628103/60000000,3,8,17.368260503999863,32.29932389700002,3617,0,0.452125,0.0
A,data/input/set2/250_10_1439_5_S_1-9.dat,907,8000,spea2,moead,completed,completed,1.0,0.0,0.9395294932493744,0.9162254292859052,0.0025562937642254944,0.019224333258320164,357,376,1749.2281477333333,2031.7438017166667,3279802777/1875000,121904628103/60000000,16,8,37.87995730099988,32.29932389700002,0,0,0.0,0.0
A,data/input/set2/250_10_1439_5_S_1-9.dat,1009,8000,vns_vnd,spea2,completed,completed,0.0,1.0,0.04731316684734053,0.9352621784467954,0.8733624086704742,0.00649741022573236,1434,363,6991.930078733333,1720.2208876166667,104878951181/15000000,103213253257/60000000,3,35,16.727823710999928,40.17301387500015,3835,0,0.479375,0.0
A,data/input/set2/250_10_1439_5_S_1-9.dat,1009,8000,vns_vnd,moead,completed,completed,0.0,1.0,0.04731316684734053,0.9110938953754237,0.8733624086704742,0.022716526434606223,1434,381,6991.930078733333,2070.6460328666667,104878951181/15000000,31059690493/15000000,3,9,16.727823710999928,33.621238318999985,3835,0,0.479375,0.0
A,data/input/set2/250_10_1439_5_S_1-9.dat,1009,8000,spea2,moead,completed,completed,1.0,0.0,0.9352621784467954,0.9110938953754237,0.00649741022573236,0.022716526434606223,363,381,1720.2208876166667,2070.6460328666667,103213253257/60000000,31059690493/15000000,35,9,40.17301387500015,33.621238318999985,0,0,0.0,0.0
A,data/input/set2/250_20_1439_5_S_1-124.dat,101,8000,vns_vnd,spea2,completed,completed,0.0,1.0,0.32037160899091094,0.8060118041381719,0.4317779455362055,0.01195099191511001,1991,688,5827.046631466666,3445.90191695,5462856217/937500,68918038339/20000000,5,37,24.98486275400046,43.717737306000345,1437,0,0.179625,0.0
A,data/input/set2/250_20_1439_5_S_1-124.dat,101,8000,vns_vnd,moead,completed,completed,0.0,1.0,0.32037160899091094,0.7945096416218739,0.4317779455362055,0.014452123511903293,1991,693,5827.046631466666,3984.6557664833335,5462856217/937500,239079345989/60000000,5,8,24.98486275400046,38.55630310900051,1437,0,0.179625,0.0
A,data/input/set2/250_20_1439_5_S_1-124.dat,101,8000,spea2,moead,completed,completed,0.0,0.4594594594594595,0.8060118041381719,0.7945096416218739,0.01195099191511001,0.014452123511903293,688,693,3445.90191695,3984.6557664833335,68918038339/20000000,239079345989/60000000,37,8,43.717737306000345,38.55630310900051,0,0,0.0,0.0
A,data/input/set2/250_20_1439_5_S_1-124.dat,211,8000,vns_vnd,spea2,completed,completed,0.0,1.0,0.23659882114968475,0.8042148497808042,0.5063505504155347,0.015401938492495042,2287,689,6080.504841466666,3492.89617335,45603786311/7500000,69857923467/20000000,1,25,24.88255748499978,43.448338971999874,1454,0,0.18175,0.0
A,data/input/set2/250_20_1439_5_S_1-124.dat,211,8000,vns_vnd,moead,completed,completed,0.0,1.0,0.23659882114968475,0.7975035691847258,0.5063505504155347,0.014657771226677633,2287,692,6080.504841466666,3834.417490616667,45603786311/7500000,230065049437/60000000,1,18,24.88255748499978,37.748157641000034,1454,0,0.18175,0.0
A,data/input/set2/250_20_1439_5_S_1-124.dat,211,8000,spea2,moead,completed,completed,0.16666666666666666,0.48,0.8042148497808042,0.7975035691847258,0.015401938492495042,0.014657771226677633,689,692,3492.89617335,3834.417490616667,69857923467/20000000,230065049437/60000000,25,18,43.448338971999874,37.748157641000034,0,0,0.0,0.0
A,data/input/set2/250_20_1439_5_S_1-124.dat,307,8000,vns_vnd,spea2,completed,completed,0.0,1.0,0.265450307117757,0.8137571247382326,0.48003854095698445,0.01396960886916542,2158,674,6136.8808690333335,3210.1710272,184106426071/30000000,501589223/156250,4,34,24.59214429399981,43.33193130099971,1536,0,0.192,0.0
A,data/input/set2/250_20_1439_5_S_1-124.dat,307,8000,vns_vnd,moead,completed,completed,0.0,1.0,0.265450307117757,0.792020046635145,0.48003854095698445,0.014382698079644311,2158,709,6136.8808690333335,3833.0393182333332,184106426071/30000000,114991179547/30000000,4,15,24.59214429399981,37.90483233800023,1536,0,0.192,0.0
A,data/input/set2/250_20_1439_5_S_1-124.dat,307,8000,spea2,moead,completed,completed,0.06666666666666667,0.5294117647058824,0.8137571247382326,0.792020046635145,0.01396960886916542,0.014382698079644311,674,709,3210.1710272,3833.0393182333332,501589223/156250,114991179547/30000000,34,15,43.33193130099971,37.90483233800023,0,0,0.0,0.0
A,data/input/set2/250_20_1439_5_S_1-124.dat,401,8000,vns_vnd,spea2,completed,completed,0.0,1.0,0.29416658659448713,0.800943985724845,0.44293750245339975,0.015735814648921886,2101,698,6361.6214451,3510.98305655,63616214451/10000000,70219661131/20000000,5,24,25.057006376000572,43.51165945199955,1360,0,0.17,0.0
A,data/input/set2/250_20_1439_5_S_1-124.dat,401,8000,vns_vnd,moead,completed,completed,0.0,1.0,0.29416658659448713,0.7842350606445062,0.44293750245339975,0.02146539399894979,2101,716,6361.6214451,4082.513000133333,63616214451/10000000,30618847501/7500000,5,22,25.057006376000572,37.82789864499955,1360,0,0.17,0.0
A,data/input/set2/250_20_1439_5_S_1-124.dat,401,8000,spea2,moead,completed,completed,0.5,0.16666666666666666,0.800943985724845,0.7842350606445062,0.015735814648921886,0.02146539399894979,698,716,3510.98305655,4082.513000133333,70219661131/20000000,30618847501/7500000,24,22,43.51165945199955,37.82789864499955,0,0,0.0,0.0
A,data/input/set2/250_20_1439_5_S_1-124.dat,503,8000,vns_vnd,spea2,completed,completed,0.0,1.0,0.328405281704631,0.8076665775108324,0.40602966141628755,0.01329377209854189,1999,690,6187.9005654,3283.6836071583334,30939502827/5000000,394042032859/120000000,3,16,24.921545960000003,43.70053915100016,1361,0,0.170125,0.0
A,data/input/set2/250_20_1439_5_S_1-124.dat,503,8000,vns_vnd,moead,completed,completed,0.0,1.0,0.328405281704631,0.7938040211156895,0.40602966141628755,0.016575095901211083,1999,690,6187.9005654,4061.159264183333,30939502827/5000000,243669555851/60000000,3,8,24.921545960000003,38.80223746400043,1361,0,0.170125,0.0
A,data/input/set2/250_20_1439_5_S_1-124.dat,503,8000,spea2,moead,completed,completed,0.125,0.25,0.8076665775108324,0.7938040211156895,0.01329377209854189,0.016575095901211083,690,690,3283.6836071583334,4061.159264183333,394042032859/120000000,243669555851/60000000,16,8,43.70053915100016,38.80223746400043,0,0,0.0,0.0
A,data/input/set2/250_20_1439_5_S_1-124.dat,601,8000,vns_vnd,spea2,completed,completed,0.0,1.0,0.2457373473395624,0.8122646274986899,0.5110396873461824,0.016084646264599822,2254,684,5845.0928107,3076.0773554583334,58450928107/10000000,73825856531/24000000,2,28,25.14230234200022,44.09870313600004,1388,0,0.1735,0.0
A,data/input/set2/250_20_1439_5_S_1-124.dat,601,8000,vns_vnd,moead,completed,completed,0.0,1.0,0.2457373473395624,0.7975024330557974,0.5110396873461824,0.015147530869762064,2254,694,5845.0928107,3795.8238215833335,58450928107/10000000,45549885859/12000000,2,12,25.14230234200022,38.71187247599937,1388,0,0.1735,0.0
A,data/input/set2/250_20_1439_5_S_1-124.dat,601,8000,spea2,moead,completed,completed,0.16666666666666666,0.4642857142857143,0.8122646274986899,0.7975024330557974,0.016084646264599822,0.015147530869762064,684,694,3076.0773554583334,3795.8238215833335,73825856531/24000000,45549885859/12000000,28,12,44.09870313600004,38.71187247599937,0,0,0.0,0.0
A,data/input/set2/250_20_1439_5_S_1-124.dat,701,8000,vns_vnd,spea2,completed,completed,0.0,1.0,0.2706726687464587,0.8116375198893773,0.4800825565166426,0.01202472142110607,2186,686,5756.109353133334,3145.7386173,86341640297/15000000,31457386173/10000000,6,29,25.891499420999935,42.251626346000194,1355,0,0.169375,0.0
A,data/input/set2/250_20_1439_5_S_1-124.dat,701,8000,vns_vnd,moead,completed,completed,0.0,1.0,0.2706726687464587,0.7939644115104889,0.4800825565166426,0.013235108315610459,2186,698,5756.109353133334,3934.770929916667,86341640297/15000000,47217251159/12000000,6,13,25.891499420999935,38.33198999599972,1355,0,0.169375,0.0
A,data/input/set2/250_20_1439_5_S_1-124.dat,701,8000,spea2,moead,completed,completed,0.07692307692307693,0.41379310344827586,0.8116375198893773,0.7939644115104889,0.01202472142110607,0.013235108315610459,686,698,3145.7386173,3934.770929916667,31457386173/10000000,47217251159/12000000,29,13,42.251626346000194,38.33198999599972,0,0,0.0,0.0
A,data/input/set2/250_20_1439_5_S_1-124.dat,809,8000,vns_vnd,spea2,completed,completed,0.0,1.0,0.3159233584030571,0.8134124505995914,0.4185973181010937,0.0027364249780154146,2033,688,6360.9621441,3115.26257285,63609621441/10000000,62305251457/20000000,2,29,24.58229348199984,41.82830265099983,1321,0,0.165125,0.0
A,data/input/set2/250_20_1439_5_S_1-124.dat,809,8000,vns_vnd,moead,completed,completed,0.0,1.0,0.3159233584030571,0.80263268165783,0.4185973181010937,0.005943947834116236,2033,688,6360.9621441,3694.76286845,63609621441/10000000,73895257369/20000000,2,11,24.58229348199984,36.581961738000246,1321,0,0.165125,0.0
A,data/input/set2/250_20_1439_5_S_1-124.dat,809,8000,spea2,moead,completed,completed,0.2727272727272727,0.5172413793103449,0.8134124505995914,0.80263268165783,0.0027364249780154146,0.005943947834116236,688,688,3115.26257285,3694.76286845,62305251457/20000000,73895257369/20000000,29,11,41.82830265099983,36.581961738000246,0,0,0.0,0.0
A,data/input/set2/250_20_1439_5_S_1-124.dat,907,8000,vns_vnd,spea2,completed,completed,0.0,1.0,0.23873719467265522,0.8140940083808992,0.5053843640207663,0.0061446911604752285,2275,666,6309.542443933334,3463.9075610333334,94643136659/15000000,103917226831/30000000,4,23,24.74377596999966,42.41242147599951,1403,0,0.175375,0.0
A,data/input/set2/250_20_1439_5_S_1-124.dat,907,8000,vns_vnd,moead,completed,completed,0.0,1.0,0.23873719467265522,0.7982825856207699,0.5053843640207663,0.013567267470813197,2275,700,6309.542443933334,3657.9239951333334,94643136659/15000000,54868859927/15000000,4,15,24.74377596999966,37.50165661000028,1403,0,0.175375,0.0
A,data/input/set2/250_20_1439_5_S_1-124.dat,907,8000,spea2,moead,completed,completed,0.5333333333333333,0.2608695652173913,0.8140940083808992,0.7982825856207699,0.0061446911604752285,0.013567267470813197,666,700,3463.9075610333334,3657.9239951333334,103917226831/30000000,54868859927/15000000,23,15,42.41242147599951,37.50165661000028,0,0,0.0,0.0
A,data/input/set2/250_20_1439_5_S_1-124.dat,1009,8000,vns_vnd,spea2,completed,completed,0.0,1.0,0.28543367212201365,0.803658278349173,0.44986924158350317,0.014233697086937277,2117,685,6800.7091379,3610.726706433333,68007091379/10000000,108321801193/30000000,2,36,24.975840678000168,43.7806794979997,1405,0,0.175625,0.0
A,data/input/set2/250_20_1439_5_S_1-124.dat,1009,8000,vns_vnd,moead,completed,completed,0.0,1.0,0.28543367212201365,0.7973012490433791,0.44986924158350317,0.012514688117685493,2117,693,6800.7091379,3848.5524333333333,68007091379/10000000,115456573/30000,2,11,24.975840678000168,37.7566033209996,1405,0,0.175625,0.0
A,data/input/set2/250_20_1439_5_S_1-124.dat,1009,8000,spea2,moead,completed,completed,0.0,0.5833333333333334,0.803658278349173,0.7973012490433791,0.014233697086937277,0.012514688117685493,685,693,3610.726706433333,3848.5524333333333,108321801193/30000000,115456573/30000,36,11,43.7806794979997,37.7566033209996,0,0,0.0,0.0
A,data/input/set2/250_20_1439_5_S_1-9.dat,101,8000,vns_vnd,spea2,completed,completed,0.0,1.0,0.4085394882747748,1.0266492997934822,0.5749656372987876,0.0010538168623840554,882,137,5686.3677694,1234.6487634666667,28431838847/5000000,4629932863/3750000,4,10,24.197499046000303,42.80184959500002,1483,0,0.185375,0.0
A,data/input/set2/250_20_1439_5_S_1-9.dat,101,8000,vns_vnd,moead,completed,completed,0.0,1.0,0.4085394882747748,1.0214195489373574,0.5749656372987876,0.003954557311862515,882,138,5686.3677694,1410.7002645666666,28431838847/5000000,42321007937/30000000,4,10,24.197499046000303,37.47855266799979,1483,0,0.185375,0.0
A,data/input/set2/250_20_1439_5_S_1-9.dat,101,8000,spea2,moead,completed,completed,0.8,0.1,1.0266492997934822,1.0214195489373574,0.0010538168623840554,0.003954557311862515,137,138,1234.6487634666667,1410.7002645666666,4629932863/3750000,42321007937/30000000,10,10,42.80184959500002,37.47855266799979,0,0,0.0,0.0
A,data/input/set2/250_20_1439_5_S_1-9.dat,211,8000,vns_vnd,spea2,completed,completed,0.0,1.0,0.33843468551400807,1.0255056649119698,0.6275642782975936,0.0025494919473895467,996,136,5989.286992466667,1307.9014637666667,89839304887/15000000,39237043913/30000000,4,17,23.524173363000045,43.697634700999515,1477,0,0.184625,0.0
A,data/input/set2/250_20_1439_5_S_1-9.dat,211,8000,vns_vnd,moead,completed,completed,0.0,1.0,0.33843468551400807,1.0235171771086915,0.6275642782975936,0.002832607600550909,996,136,5989.286992466667,1386.8804528333333,89839304887/15000000,8321282717/6000000,4,13,23.524173363000045,38.09624928199992,1477,0,0.184625,0.0
A,data/input/set2/250_20_1439_5_S_1-9.dat,211,8000,spea2,moead,completed,completed,0.46153846153846156,0.29411764705882354,1.0255056649119698,1.0235171771086915,0.0025494919473895467,0.002832607600550909,136,136,1307.9014637666667,1386.8804528333333,39237043913/30000000,8321282717/6000000,17,13,43.697634700999515,38.09624928199992,0,0,0.0,0.0
A,data/input/set2/250_20_1439_5_S_1-9.dat,307,8000,vns_vnd,spea2,completed,completed,0.0,1.0,0.31978317796314776,1.025436870979242,0.6526779045720397,0.001198746408443638,1031,138,5481.9775146,1253.2472307166668,27409887573/5000000,75194833843/60000000,4,16,23.214904901999944,40.08253642700038,1440,0,0.18,0.0
A,data/input/set2/250_20_1439_5_S_1-9.dat,307,8000,vns_vnd,moead,completed,completed,0.0,1.0,0.31978317796314776,1.0192480629694243,0.6526779045720397,0.0053791790097525525,1031,142,5481.9775146,1378.3311031666667,27409887573/5000000,8269986619/6000000,4,8,23.214904901999944,35.12348093500077,1440,0,0.18,0.0
A,data/input/set2/250_20_1439_5_S_1-9.dat,307,8000,spea2,moead,completed,completed,1.0,0.0,1.025436870979242,1.0192480629694243,0.001198746408443638,0.0053791790097525525,138,142,1253.2472307166668,1378.3311031666667,75194833843/60000000,8269986619/6000000,16,8,40.08253642700038,35.12348093500077,0,0,0.0,0.0
A,data/input/set2/250_20_1439_5_S_1-9.dat,401,8000,vns_vnd,spea2,completed,completed,0.0,1.0,0.4021560794854902,1.0238010479307404,0.5617479510262853,0.0016262528713770292,902,139,5835.136407216667,1288.5968277666666,350108184433/60000000,38657904833/30000000,7,9,23.31132774999969,39.861743428999944,1353,0,0.169125,0.0
A,data/input/set2/250_20_1439_5_S_1-9.dat,401,8000,vns_vnd,moead,completed,completed,0.0,1.0,0.4021560794854902,1.0196450918723294,0.5617479510262853,0.004969532632088241,902,140,5835.136407216667,1421.3137791166666,350108184433/60000000,85278826747/60000000,7,6,23.31132774999969,35.37347846300054,1353,0,0.169125,0.0
A,data/input/set2/250_20_1439_5_S_1-9.dat,401,8000,spea2,moead,completed,completed,1.0,0.0,1.0238010479307404,1.0196450918723294,0.0016262528713770292,0.004969532632088241,139,140,1288.5968277666666,1421.3137791166666,38657904833/30000000,85278826747/60000000,9,6,39.861743428999944,35.37347846300054,0,0,0.0,0.0
A,data/input/set2/250_20_1439_5_S_1-9.dat,503,8000,vns_vnd,spea2,completed,completed,0.0,1.0,0.45359087387509867,1.023830791610071,0.5082295948450919,0.001583959351948051,831,139,5488.822374666666,1287.4255292,4116616781/750000,3218563823/2500000,4,9,23.16735865999999,40.06420285999957,1395,0,0.174375,0.0
A,data/input/set2/250_20_1439_5_S_1-9.dat,503,8000,vns_vnd,moead,completed,completed,0.0,1.0,0.45359087387509867,1.0178520911672204,0.5082295948450919,0.005464969165561555,831,142,5488.822374666666,1433.7539168333333,4116616781/750000,8602523501/6000000,4,4,23.16735865999999,35.347841757000424,1395,0,0.174375,0.0
A,data/input/set2/250_20_1439_5_S_1-9.dat,503,8000,spea2,moead,completed,completed,1.0,0.0,1.023830791610071,1.0178520911672204,0.001583959351948051,0.005464969165561555,139,142,1287.4255292,1433.7539168333333,3218563823/2500000,8602523501/6000000,9,4,40.06420285999957,35.347841757000424,0,0,0.0,0.0
A,data/input/set2/250_20_1439_5_S_1-9.dat,601,8000,vns_vnd,spea2,completed,completed,0.0,1.0,0.34490550030426237,1.025266419851437,0.6245686691253982,0.001819896784317663,996,138,5312.1354562,1259.2888070166666,26560677281/5000000,75557328421/60000000,3,13,23.139795582999795,39.978727063000406,1342,0,0.16775,0.0
A,data/input/set2/250_20_1439_5_S_1-9.dat,601,8000,vns_vnd,moead,completed,completed,0.0,1.0,0.34490550030426237,1.0169034386249827,0.6245686691253982,0.0063714850084598575,996,142,5312.1354562,1470.5306473,26560677281/5000000,14705306473/10000000,3,7,23.139795582999795,35.23391748099948,1342,0,0.16775,0.0
A,data/input/set2/250_20_1439_5_S_1-9.dat,601,8000,spea2,moead,completed,completed,1.0,0.0,1.025266419851437,1.0169034386249827,0.001819896784317663,0.0063714850084598575,138,142,1259.2888070166666,1470.5306473,75557328421/60000000,14705306473/10000000,13,7,39.978727063000406,35.23391748099948,0,0,0.0,0.0
A,data/input/set2/250_20_1439_5_S_1-9.dat,701,8000,vns_vnd,spea2,completed,completed,0.0,1.0,0.34031478537879795,1.024205036988104,0.6473954538723127,0.0023764306559394587,995,138,5556.264691666666,1301.1819654666667,666751763/120000,9758864741/7500000,7,11,23.11586423300014,39.95471296300002,1513,0,0.189125,0.0
A,data/input/set2/250_20_1439_5_S_1-9.dat,701,8000,vns_vnd,moead,completed,completed,0.0,1.0,0.34031478537879795,1.0195776726138592,0.6473954538723127,0.0033124191652447585,995,140,5556.264691666666,1425.5378788166668,666751763/120000,85532272729/60000000,7,4,23.11586423300014,35.152379764000216,1513,0,0.189125,0.0
A,data/input/set2/250_20_1439_5_S_1-9.dat,701,8000,spea2,moead,completed,completed,0.25,0.09090909090909091,1.024205036988104,1.0195776726138592,0.0023764306559394587,0.0033124191652447585,138,140,1301.1819654666667,1425.5378788166668,9758864741/7500000,85532272729/60000000,11,4,39.95471296300002,35.152379764000216,0,0,0.0,0.0
A,data/input/set2/250_20_1439_5_S_1-9.dat,809,8000,vns_vnd,spea2,completed,completed,0.0,1.0,0.3593760332111867,1.022921590439419,0.6034487809726771,0.004043907569592117,960,139,6262.755346933333,1321.12713015,23485332551/3750000,26422542603/20000000,5,18,23.867251234999458,40.40482554299979,1455,0,0.181875,0.0
A,data/input/set2/250_20_1439_5_S_1-9.dat,809,8000,vns_vnd,moead,completed,completed,0.0,1.0,0.3593760332111867,1.0206029202302747,0.6034487809726771,0.0040777528472934095,960,140,6262.755346933333,1384.1889410833332,23485332551/3750000,16610267293/12000000,5,12,23.867251234999458,36.95063427900004,1455,0,0.181875,0.0
A,data/input/set2/250_20_1439_5_S_1-9.dat,809,8000,spea2,moead,completed,completed,0.5,0.05555555555555555,1.022921590439419,1.0206029202302747,0.004043907569592117,0.0040777528472934095,139,140,1321.12713015,1384.1889410833332,26422542603/20000000,16610267293/12000000,18,12,40.40482554299979,36.95063427900004,0,0,0.0,0.0
A,data/input/set2/250_20_1439_5_S_1-9.dat,907,8000,vns_vnd,spea2,completed,completed,0.0,1.0,0.36722891976896477,1.0240669259833477,0.5985402478021667,0.0011779750003914477,957,140,5688.2142998,1249.0126393666667,28441071499/5000000,37470379181/30000000,6,6,23.811713615999906,41.83587363800052,1354,0,0.16925,0.0
A,data/input/set2/250_20_1439_5_S_1-9.dat,907,8000,vns_vnd,moead,completed,completed,0.0,1.0,0.36722891976896477,1.0197900203123866,0.5985402478021667,0.0030665336824915296,957,141,5688.2142998,1387.9126697833333,28441071499/5000000,83274760187/60000000,6,5,23.811713615999906,36.73974459999954,1354,0,0.16925,0.0
A,data/input/set2/250_20_1439_5_S_1-9.dat,907,8000,spea2,moead,completed,completed,0.8,0.16666666666666666,1.0240669259833477,1.0197900203123866,0.0011779750003914477,0.0030665336824915296,140,141,1249.0126393666667,1387.9126697833333,37470379181/30000000,83274760187/60000000,6,5,41.83587363800052,36.73974459999954,0,0,0.0,0.0
A,data/input/set2/250_20_1439_5_S_1-9.dat,1009,8000,vns_vnd,spea2,completed,completed,0.0,1.0,0.31281432698353606,1.0232516312239892,0.6562777303891891,0.0028310231413236106,1038,139,5752.911732066666,1309.29577715,86293675981/15000000,26185915543/20000000,3,12,23.7172277210002,40.162066514999424,1421,0,0.177625,0.0
A,data/input/set2/250_20_1439_5_S_1-9.dat,1009,8000,vns_vnd,moead,completed,completed,0.0,1.0,0.31281432698353606,1.0212579469612253,0.6562777303891891,0.0038268943203656047,1038,140,5752.911732066666,1358.1623856333333,86293675981/15000000,40744871569/30000000,3,11,23.7172277210002,35.374036377000266,1421,0,0.177625,0.0
A,data/input/set2/250_20_1439_5_S_1-9.dat,1009,8000,spea2,moead,completed,completed,0.7272727272727273,0.3333333333333333,1.0232516312239892,1.0212579469612253,0.0028310231413236106,0.0038268943203656047,139,140,1309.29577715,1358.1623856333333,26185915543/20000000,40744871569/30000000,12,11,40.162066514999424,35.374036377000266,0,0,0.0,0.0
A,data/input/set2/50_10_1439_5_S_1-124.dat,101,8000,vns_vnd,spea2,completed,completed,0.0,1.0,0.7358819091582397,0.8809704586310763,0.09449138807967537,0.012461623545877425,478,294,469.5642874,352.07636955,2347821437/5000000,7041527391/20000000,5,19,5.695502838999801,14.447315855999932,1380,0,0.1725,0.0
A,data/input/set2/50_10_1439_5_S_1-124.dat,101,8000,vns_vnd,moead,completed,completed,0.0,1.0,0.7358819091582397,0.8804110889379715,0.09449138807967537,0.01327915844114081,478,294,469.5642874,352.74756613333335,2347821437/5000000,1322803373/3750000,5,12,5.695502838999801,9.535843741000008,1380,0,0.1725,0.0
A,data/input/set2/50_10_1439_5_S_1-124.dat,101,8000,spea2,moead,completed,completed,0.6666666666666666,0.42105263157894735,0.8809704586310763,0.8804110889379715,0.012461623545877425,0.01327915844114081,294,294,352.07636955,352.74756613333335,7041527391/20000000,1322803373/3750000,19,12,14.447315855999932,9.535843741000008,0,0,0.0,0.0
A,data/input/set2/50_10_1439_5_S_1-124.dat,211,8000,vns_vnd,spea2,completed,completed,0.0,1.0,0.7282657636166022,0.8773658787238391,0.10178039912024911,0.027213531692018695,495,298,427.1790974666667,334.263969,3203843231/7500000,334263969/1000000,7,23,5.657961736999823,14.496894956999768,1352,0,0.169,0.0
A,data/input/set2/50_10_1439_5_S_1-124.dat,211,8000,vns_vnd,moead,completed,completed,0.0,1.0,0.7282657636166022,0.8593215138304603,0.10178039912024911,0.021660072326730843,495,317,427.1790974666667,391.5354652,3203843231/7500000,978838663/2500000,7,9,5.657961736999823,9.497461958999793,1352,0,0.169,0.0
A,data/input/set2/50_10_1439_5_S_1-124.dat,211,8000,spea2,moead,completed,completed,0.1111111111111111,0.4782608695652174,0.8773658787238391,0.8593215138304603,0.027213531692018695,0.021660072326730843,298,317,334.263969,391.5354652,334263969/1000000,978838663/2500000,23,9,14.496894956999768,9.497461958999793,0,0,0.0,0.0
A,data/input/set2/50_10_1439_5_S_1-124.dat,307,8000,vns_vnd,spea2,completed,completed,0.08695652173913043,0.4,0.8066493484289042,0.8775524602888344,0.04401315908685928,0.027042125409398852,389,296,409.38310693333335,347.3863329833333,1535186651/3750000,20843179979/60000000,5,23,5.763809347000006,14.484867883999868,1378,0,0.17225,0.0
A,data/input/set2/50_10_1439_5_S_1-124.dat,307,8000,vns_vnd,moead,completed,completed,0.21428571428571427,0.0,0.8066493484289042,0.8623999259041778,0.04401315908685928,0.018848019227872853,389,307,409.38310693333335,430.7322696,1535186651/3750000,538415337/1250000,5,14,5.763809347000006,9.568628307999916,1378,0,0.17225,0.0
A,data/input/set2/50_10_1439_5_S_1-124.dat,307,8000,spea2,moead,completed,completed,0.21428571428571427,0.34782608695652173,0.8775524602888344,0.8623999259041778,0.027042125409398852,0.018848019227872853,296,307,347.3863329833333,430.7322696,20843179979/60000000,538415337/1250000,23,14,14.484867883999868,9.568628307999916,0,0,0.0,0.0
A,data/input/set2/50_10_1439_5_S_1-124.dat,401,8000,vns_vnd,spea2,completed,completed,0.0,1.0,0.7367383690048711,0.8820172098842409,0.0929670814317577,0.01410074133907892,474,287,487.0987937333333,377.09303643333334,3653240953/7500000,11312791093/30000000,6,9,5.750040188000185,14.595826893999856,1360,0,0.17,0.0
A,data/input/set2/50_10_1439_5_S_1-124.dat,401,8000,vns_vnd,moead,completed,completed,0.0,1.0,0.7367383690048711,0.8788489260797504,0.0929670814317577,0.015046499912093713,474,288,487.0987937333333,402.3238405833333,3653240953/7500000,4827886087/12000000,6,8,5.750040188000185,9.64578482099978,1360,0,0.17,0.0
A,data/input/set2/50_10_1439_5_S_1-124.dat,401,8000,spea2,moead,completed,completed,0.25,0.4444444444444444,0.8820172098842409,0.8788489260797504,0.01410074133907892,0.015046499912093713,287,288,377.09303643333334,402.3238405833333,11312791093/30000000,4827886087/12000000,9,8,14.595826893999856,9.64578482099978,0,0,0.0,0.0
A,data/input/set2/50_10_1439_5_S_1-124.dat,503,8000,vns_vnd,spea2,completed,completed,0.0,1.0,0.7059348669169259,0.8785718819261543,0.11660814782199079,0.018095257118307312,499,295,605.5005612,354.30866985,1513751403/2500000,7086173397/20000000,7,23,5.643076045000271,14.912858961000438,1570,0,0.19625,0.0
A,data/input/set2/50_10_1439_5_S_1-124.dat,503,8000,vns_vnd,moead,completed,completed,0.0,1.0,0.7059348669169259,0.8834540856243815,0.11660814782199079,0.008345298998131395,499,295,605.5005612,327.15009226666666,1513751403/2500000,613406423/1875000,7,13,5.643076045000271,9.718206889000157,1570,0,0.19625,0.0
A,data/input/set2/50_10_1439_5_S_1-124.dat,503,8000,spea2,moead,completed,completed,0.15384615384615385,0.8695652173913043,0.8785718819261543,0.8834540856243815,0.018095257118307312,0.008345298998131395,295,295,354.30866985,327.15009226666666,7086173397/20000000,613406423/1875000,23,13,14.912858961000438,9.718206889000157,0,0,0.0,0.0
A,data/input/set2/50_10_1439_5_S_1-124.dat,601,8000,vns_vnd,spea2,completed,completed,0.0,1.0,0.7481606505706208,0.8784203789251004,0.08726554804948133,0.025186049074825113,472,291,398.4954644,373.3612372333333,996238661/2500000,11200837117/30000000,3,21,5.667222053999922,14.405697258000146,1428,0,0.1785,0.0
A,data/input/set2/50_10_1439_5_S_1-124.dat,601,8000,vns_vnd,moead,completed,completed,0.0,1.0,0.7481606505706208,0.8769113072905959,0.08726554804948133,0.022586687404323878,472,293,398.4954644,377.6977859,996238661/2500000,3776977859/10000000,3,13,5.667222053999922,9.646026995999819,1428,0,0.1785,0.0
A,data/input/set2/50_10_1439_5_S_1-124.dat,601,8000,spea2,moead,completed,completed,0.15384615384615385,0.6666666666666666,0.8784203789251004,0.8769113072905959,0.025186049074825113,0.022586687404323878,291,293,373.3612372333333,377.6977859,11200837117/30000000,3776977859/10000000,21,13,14.405697258000146,9.646026995999819,0,0,0.0,0.0
A,data/input/set2/50_10_1439_5_S_1-124.dat,701,8000,vns_vnd,spea2,completed,completed,0.0,1.0,0.6437959803065954,0.8699154284794244,0.1706533439584025,0.017060908492607312,603,304,501.1393116,383.17792441666666,1252848279/2500000,4598135093/12000000,4,11,5.713301653999679,14.48894055699975,1569,0,0.196125,0.0
A,data/input/set2/50_10_1439_5_S_1-124.dat,701,8000,vns_vnd,moead,completed,completed,0.0,1.0,0.6437959803065954,0.8517793782267061,0.1706533439584025,0.025620556877162023,603,319,501.1393116,442.51277845,1252848279/2500000,8850255569/20000000,4,14,5.713301653999679,9.652072930000031,1569,0,0.196125,0.0
A,data/input/set2/50_10_1439_5_S_1-124.dat,701,8000,spea2,moead,completed,completed,0.6428571428571429,0.0,0.8699154284794244,0.8517793782267061,0.017060908492607312,0.025620556877162023,304,319,383.17792441666666,442.51277845,4598135093/12000000,8850255569/20000000,11,14,14.48894055699975,9.652072930000031,0,0,0.0,0.0
A,data/input/set2/50_10_1439_5_S_1-124.dat,809,8000,vns_vnd,spea2,completed,completed,0.06666666666666667,0.0,0.7537741567972152,0.8971624353493808,0.08995462699166404,0.002465241061326432,486,278,254.31867206666666,319.6985996166667,3814780081/15000000,19181915977/60000000,6,15,5.722298541999862,14.23947189899991,1400,0,0.175,0.0
A,data/input/set2/50_10_1439_5_S_1-124.dat,809,8000,vns_vnd,moead,completed,completed,0.14285714285714285,0.0,0.7537741567972152,0.8422426614729626,0.08995462699166404,0.045789593868905784,486,319,254.31867206666666,505.53638901666665,3814780081/15000000,30332183341/60000000,6,14,5.722298541999862,9.41084743700003,1400,0,0.175,0.0
A,data/input/set2/50_10_1439_5_S_1-124.dat,809,8000,spea2,moead,completed,completed,1.0,0.0,0.8971624353493808,0.8422426614729626,0.002465241061326432,0.045789593868905784,278,319,319.6985996166667,505.53638901666665,19181915977/60000000,30332183341/60000000,15,14,14.23947189899991,9.41084743700003,0,0,0.0,0.0
A,data/input/set2/50_10_1439_5_S_1-124.dat,907,8000,vns_vnd,spea2,completed,completed,0.0,1.0,0.6813882981734475,0.8928725884514982,0.14230527243251534,0.017359305163152875,545,277,522.4206820666667,333.3501193833333,7836310231/15000000,20001007163/60000000,8,18,5.695016748999933,14.324984148000112,1420,0,0.1775,0.0
A,data/input/set2/50_10_1439_5_S_1-124.dat,907,8000,vns_vnd,moead,completed,completed,0.0,1.0,0.6813882981734475,0.848357916034853,0.14230527243251534,0.03314298709580447,545,316,522.4206820666667,483.5752134333333,7836310231/15000000,14507256403/30000000,8,9,5.695016748999933,9.583075688000008,1420,0,0.1775,0.0
A,data/input/set2/50_10_1439_5_S_1-124.dat,907,8000,spea2,moead,completed,completed,0.5555555555555556,0.1111111111111111,0.8928725884514982,0.848357916034853,0.017359305163152875,0.03314298709580447,277,316,333.3501193833333,483.5752134333333,20001007163/60000000,14507256403/30000000,18,9,14.324984148000112,9.583075688000008,0,0,0.0,0.0
A,data/input/set2/50_10_1439_5_S_1-124.dat,1009,8000,vns_vnd,spea2,completed,completed,0.0,1.0,0.7606684005727645,0.8876218933512502,0.07649282968584137,0.008060662987822292,444,285,464.0472936,348.6969821833333,580059117/1250000,20921818931/60000000,10,11,5.611187208000047,14.07683934500028,1363,0,0.170375,0.0
A,data/input/set2/50_10_1439_5_S_1-124.dat,1009,8000,vns_vnd,moead,completed,completed,0.0,1.0,0.7606684005727645,0.8844145314061576,0.07649282968584137,0.013045273060130627,444,285,464.0472936,370.9449295333333,580059117/1250000,5564173943/15000000,10,12,5.611187208000047,9.499320245000035,1363,0,0.170375,0.0
A,data/input/set2/50_10_1439_5_S_1-124.dat,1009,8000,spea2,moead,completed,completed,0.5833333333333334,0.0,0.8876218933512502,0.8844145314061576,0.008060662987822292,0.013045273060130627,285,285,348.6969821833333,370.9449295333333,20921818931/60000000,5564173943/15000000,11,12,14.07683934500028,9.499320245000035,0,0,0.0,0.0
A,data/input/set2/50_10_1439_5_S_1-9.dat,101,8000,vns_vnd,spea2,completed,completed,0.0,1.0,0.8887890006479706,1.0650132869309215,0.1300806168581468,0.0046787839830855,275,66,420.54191826666664,250.55270775,3154064387/7500000,1002210831/4000000,9,28,5.59512543100027,14.01244182399978,914,0,0.11425,0.0
A,data/input/set2/50_10_1439_5_S_1-9.dat,101,8000,vns_vnd,moead,completed,completed,0.0,1.0,0.8887890006479706,1.0643217530692752,0.1300806168581468,0.006225703412613308,275,72,420.54191826666664,224.43979795,3154064387/7500000,4488795959/20000000,9,22,5.59512543100027,9.208223596000153,914,0,0.11425,0.0
A,data/input/set2/50_10_1439_5_S_1-9.dat,101,8000,spea2,moead,completed,completed,0.2727272727272727,0.4642857142857143,1.0650132869309215,1.0643217530692752,0.0046787839830855,0.006225703412613308,66,72,250.55270775,224.43979795,1002210831/4000000,4488795959/20000000,28,22,14.01244182399978,9.208223596000153,0,0,0.0,0.0
A,data/input/set2/50_10_1439_5_S_1-9.dat,211,8000,vns_vnd,spea2,completed,completed,0.0,1.0,0.8818874865092882,1.0652254555296412,0.14941635463080802,0.0028618858586851007,305,68,304.8841208,239.8342767,381105151/1250000,2398342767/10000000,9,24,5.1142622130000746,13.407230568000159,1039,0,0.129875,0.0
A,data/input/set2/50_10_1439_5_S_1-9.dat,211,8000,vns_vnd,moead,completed,completed,0.0,1.0,0.8818874865092882,1.0628977539846896,0.14941635463080802,0.004296502161671621,305,72,304.8841208,235.02694886666666,381105151/1250000,3525404233/15000000,9,14,5.1142622130000746,9.26395867400015,1039,0,0.129875,0.0
A,data/input/set2/50_10_1439_5_S_1-9.dat,211,8000,spea2,moead,completed,completed,0.7142857142857143,0.16666666666666666,1.0652254555296412,1.0628977539846896,0.0028618858586851007,0.004296502161671621,68,72,239.8342767,235.02694886666666,2398342767/10000000,3525404233/15000000,24,14,13.407230568000159,9.26395867400015,0,0,0.0,0.0
A,data/input/set2/50_10_1439_5_S_1-9.dat,307,8000,vns_vnd,spea2,completed,completed,0.0,1.0,0.979641566656676,1.0690429171312492,0.056869053591974424,0.0019016616619086605,173,64,297.43881553333335,233.8653349,4461582233/15000000,2338653349/10000000,2,14,5.826746292999815,14.060266660000252,882,0,0.11025,0.0
A,data/input/set2/50_10_1439_5_S_1-9.dat,307,8000,vns_vnd,moead,completed,completed,0.0,1.0,0.979641566656676,1.0637319858137173,0.056869053591974424,0.005278065151773748,173,73,297.43881553333335,223.90741396666667,4461582233/15000000,6717222419/30000000,2,23,5.826746292999815,9.084204870000121,882,0,0.11025,0.0
A,data/input/set2/50_10_1439_5_S_1-9.dat,307,8000,spea2,moead,completed,completed,0.782608695652174,0.0,1.0690429171312492,1.0637319858137173,0.0019016616619086605,0.005278065151773748,64,73,233.8653349,223.90741396666667,2338653349/10000000,6717222419/30000000,14,23,14.060266660000252,9.084204870000121,0,0,0.0,0.0
A,data/input/set2/50_10_1439_5_S_1-9.dat,401,8000,vns_vnd,spea2,completed,completed,0.0,1.0,0.9255611500881128,1.0676247052042356,0.1047531348443235,0.000837019609072623,242,69,323.30961033333335,218.89536445,969928831/3000000,4377907289/20000000,4,25,5.539338501000202,14.209518797999863,981,0,0.122625,0.0
A,data/input/set2/50_10_1439_5_S_1-9.dat,401,8000,vns_vnd,moead,completed,completed,0.0,1.0,0.9255611500881128,1.0618655173184353,0.1047531348443235,0.005013804628708706,242,74,323.30961033333335,231.77776556666666,969928831/3000000,6953332967/30000000,4,18,5.539338501000202,9.2096032620002,981,0,0.122625,0.0
A,data/input/set2/50_10_1439_5_S_1-9.dat,401,8000,spea2,moead,completed,completed,1.0,0.0,1.0676247052042356,1.0618655173184353,0.000837019609072623,0.005013804628708706,69,74,218.89536445,231.77776556666666,4377907289/20000000,6953332967/30000000,25,18,14.209518797999863,9.2096032620002,0,0,0.0,0.0
A,data/input/set2/50_10_1439_5_S_1-9.dat,503,8000,vns_vnd,spea2,completed,completed,0.0,1.0,0.9382198919223179,1.0641977352412453,0.09511081086941658,0.003625294930527595,230,68,294.9154392,246.55673418333333,368644299/1250000,14793404051/60000000,2,16,5.363680360000217,13.503761416000089,859,0,0.107375,0.0
A,data/input/set2/50_10_1439_5_S_1-9.dat,503,8000,vns_vnd,moead,completed,completed,0.0,1.0,0.9382198919223179,1.062980915991016,0.09511081086941658,0.0060107847138081115,230,72,294.9154392,233.8879323,368644299/1250000,2338879323/10000000,2,21,5.363680360000217,9.059142904000055,859,0,0.107375,0.0
A,data/input/set2/50_10_1439_5_S_1-9.dat,503,8000,spea2,moead,completed,completed,0.6666666666666666,0.0,1.0641977352412453,1.062980915991016,0.003625294930527595,0.0060107847138081115,68,72,246.55673418333333,233.8879323,14793404051/60000000,2338879323/10000000,16,21,13.503761416000089,9.059142904000055,0,0,0.0,0.0
A,data/input/set2/50_10_1439_5_S_1-9.dat,601,8000,vns_vnd,spea2,completed,completed,0.0,1.0,0.8825175599582527,1.0681280222248215,0.1472173741715126,0.004034619937168405,300,62,327.83877493333335,249.3671513,614697703/1875000,2493671513/10000000,10,21,5.477593290000186,13.771840456000064,1003,0,0.125375,0.0
A,data/input/set2/50_10_1439_5_S_1-9.dat,601,8000,vns_vnd,moead,completed,completed,0.0,1.0,0.8825175599582527,1.0681455822345947,0.1472173741715126,0.002221612401570327,300,71,327.83877493333335,204.48925293333335,614697703/1875000,1533669397/7500000,10,27,5.477593290000186,9.084883077000086,1003,0,0.125375,0.0
A,data/input/set2/50_10_1439_5_S_1-9.dat,601,8000,spea2,moead,completed,completed,0.037037037037037035,0.7142857142857143,1.0681280222248215,1.0681455822345947,0.004034619937168405,0.002221612401570327,62,71,249.3671513,204.48925293333335,2493671513/10000000,1533669397/7500000,21,27,13.771840456000064,9.084883077000086,0,0,0.0,0.0
A,data/input/set2/50_10_1439_5_S_1-9.dat,701,8000,vns_vnd,spea2,completed,completed,0.0,1.0,0.8375130095393507,1.062815870004813,0.19057813308904697,0.0035352578315780373,354,69,372.8183616,251.08428468333332,58252869/156250,15065057081/60000000,6,11,5.623723934999816,13.693576070999825,1153,0,0.144125,0.0
A,data/input/set2/50_10_1439_5_S_1-9.dat,701,8000,vns_vnd,moead,completed,completed,0.0,1.0,0.8375130095393507,1.0633350964915316,0.19057813308904697,0.003957902793310052,354,77,372.8183616,207.17215615,58252869/156250,4143443123/20000000,6,22,5.623723934999816,9.445040583999798,1153,0,0.144125,0.0
A,data/input/set2/50_10_1439_5_S_1-9.dat,701,8000,spea2,moead,completed,completed,0.36363636363636365,0.09090909090909091,1.062815870004813,1.0633350964915316,0.0035352578315780373,0.003957902793310052,69,77,251.08428468333332,207.17215615,15065057081/60000000,4143443123/20000000,11,22,13.693576070999825,9.445040583999798,0,0,0.0,0.0
A,data/input/set2/50_10_1439_5_S_1-9.dat,809,8000,vns_vnd,spea2,completed,completed,0.0,1.0,0.8960116663938117,1.0662356302778235,0.12815600957191844,0.0025358025488860787,269,67,398.4653345333333,237.97564055,2988490009/7500000,4759512811/20000000,5,20,5.539306647000103,14.49487950899993,934,0,0.11675,0.0
A,data/input/set2/50_10_1439_5_S_1-9.dat,809,8000,vns_vnd,moead,completed,completed,0.0,1.0,0.8960116663938117,1.0643083469115908,0.12815600957191844,0.004584836964170315,269,69,398.4653345333333,240.3846848,2988490009/7500000,37560107/156250,5,12,5.539306647000103,9.091436319999957,934,0,0.11675,0.0
A,data/input/set2/50_10_1439_5_S_1-9.dat,809,8000,spea2,moead,completed,completed,0.75,0.2,1.0662356302778235,1.0643083469115908,0.0025358025488860787,0.004584836964170315,67,69,237.97564055,240.3846848,4759512811/20000000,37560107/156250,20,12,14.49487950899993,9.091436319999957,0,0,0.0,0.0
A,data/input/set2/50_10_1439_5_S_1-9.dat,907,8000,vns_vnd,spea2,completed,completed,0.0,1.0,0.8960728948506389,1.0655658264914227,0.13623843869112315,0.0038086000366054115,284,65,314.2039342,252.11408048333334,1571019671/5000000,15126844829/60000000,5,17,5.640076513000167,13.827894594999634,957,0,0.119625,0.0
A,data/input/set2/50_10_1439_5_S_1-9.dat,907,8000,vns_vnd,moead,completed,completed,0.0,1.0,0.8960728948506389,1.0653992618897243,0.13623843869112315,0.0024721830044491994,284,72,314.2039342,218.09127363333334,1571019671/5000000,6542738209/30000000,5,18,5.640076513000167,9.456459272999837,957,0,0.119625,0.0
A,data/input/set2/50_10_1439_5_S_1-9.dat,907,8000,spea2,moead,completed,completed,0.05555555555555555,0.5882352941176471,1.0655658264914227,1.0653992618897243,0.0038086000366054115,0.0024721830044491994,65,72,252.11408048333334,218.09127363333334,15126844829/60000000,6542738209/30000000,17,18,13.827894594999634,9.456459272999837,0,0,0.0,0.0
A,data/input/set2/50_10_1439_5_S_1-9.dat,1009,8000,vns_vnd,spea2,completed,completed,0.0,1.0,0.8992854060143739,1.0659844819028224,0.12830233216444165,0.003752562873970476,275,68,339.6281613333333,233.73997313333334,254721121/750000,3506099597/15000000,8,21,5.891826455999762,14.252600109000014,947,0,0.118375,0.0
A,data/input/set2/50_10_1439_5_S_1-9.dat,1009,8000,vns_vnd,moead,completed,completed,0.0,1.0,0.8992854060143739,1.063030418932524,0.12830233216444165,0.006535852098746302,275,70,339.6281613333333,242.57528751666666,254721121/750000,14554517251/60000000,8,13,5.891826455999762,9.162924541999928,947,0,0.118375,0.0
A,data/input/set2/50_10_1439_5_S_1-9.dat,1009,8000,spea2,moead,completed,completed,1.0,0.0,1.0659844819028224,1.063030418932524,0.003752562873970476,0.006535852098746302,68,70,233.73997313333334,242.57528751666666,3506099597/15000000,14554517251/60000000,21,13,14.252600109000014,9.162924541999928,0,0,0.0,0.0
A,data/input/set2/50_20_1439_5_S_1-124.dat,101,8000,vns_vnd,spea2,completed,completed,0.0,0.8571428571428571,0.8527904170690418,1.001765635114051,0.10977914137666911,0.01886209196349418,327,117,278.38920733333333,285.12134941666665,417583811/1500000,3421456193/12000000,7,26,8.899274461000005,17.85326659700013,940,0,0.1175,0.0
A,data/input/set2/50_20_1439_5_S_1-124.dat,101,8000,vns_vnd,moead,completed,completed,0.0,1.0,0.8527904170690418,1.0014212314740896,0.10977914137666911,0.008297747030873525,327,123,278.38920733333333,260.68441345,417583811/1500000,5213688269/20000000,7,11,8.899274461000005,12.722577932999684,940,0,0.1175,0.0
A,data/input/set2/50_20_1439_5_S_1-124.dat,101,8000,spea2,moead,completed,completed,0.18181818181818182,0.7307692307692307,1.001765635114051,1.0014212314740896,0.01886209196349418,0.008297747030873525,117,123,285.12134941666665,260.68441345,3421456193/12000000,5213688269/20000000,26,11,17.85326659700013,12.722577932999684,0,0,0.0,0.0
A,data/input/set2/50_20_1439_5_S_1-124.dat,211,8000,vns_vnd,spea2,completed,completed,0.0,1.0,0.844931954528654,1.0037802404361507,0.1157040886849326,0.006642422519499229,336,120,293.7877213333333,260.7734579666667,220340791/750000,7823203739/30000000,8,11,8.582363695999902,17.893350800999997,1024,0,0.128,0.0
A,data/input/set2/50_20_1439_5_S_1-124.dat,211,8000,vns_vnd,moead,completed,completed,0.0,0.875,0.844931954528654,0.99855928040816,0.1157040886849326,0.015648275250444755,336,120,293.7877213333333,296.3872293833333,220340791/750000,17783233763/60000000,8,10,8.582363695999902,12.900742332999926,1024,0,0.128,0.0
A,data/input/set2/50_20_1439_5_S_1-124.dat,211,8000,spea2,moead,completed,completed,0.8,0.0,1.0037802404361507,0.99855928040816,0.006642422519499229,0.015648275250444755,120,120,260.7734579666667,296.3872293833333,7823203739/30000000,17783233763/60000000,11,10,17.893350800999997,12.900742332999926,0,0,0.0,0.0
A,data/input/set2/50_20_1439_5_S_1-124.dat,307,8000,vns_vnd,spea2,completed,completed,0.0,1.0,0.8499896640680034,1.0053589610031364,0.11945533471791947,0.009956907493995653,318,116,353.92585913333335,265.53801215,5308887887/15000000,5310760243/20000000,7,17,8.983221706999757,18.114384681000047,956,0,0.1195,0.0
A,data/input/set2/50_20_1439_5_S_1-124.dat,307,8000,vns_vnd,moead,completed,completed,0.0,1.0,0.8499896640680034,0.9993626324361327,0.11945533471791947,0.01114465964933481,318,126,353.92585913333335,258.88792015,5308887887/15000000,5177758403/20000000,7,12,8.983221706999757,12.953697429000385,956,0,0.1195,0.0
A,data/input/set2/50_20_1439_5_S_1-124.dat,307,8000,spea2,moead,completed,completed,0.16666666666666666,0.4117647058823529,1.0053589610031364,0.9993626324361327,0.009956907493995653,0.01114465964933481,116,126,265.53801215,258.88792015,5310760243/20000000,5177758403/20000000,17,12,18.114384681000047,12.953697429000385,0,0,0.0,0.0
A,data/input/set2/50_20_1439_5_S_1-124.dat,401,8000,vns_vnd,spea2,completed,completed,0.0,1.0,0.8421028993431665,1.0116473092089162,0.10697427958397941,0.008487581772976436,313,114,465.72488153333336,225.69099446666667,6985873223/15000000,3385364917/15000000,8,14,8.624315613999897,17.64882780400012,1054,0,0.13175,0.0
A,data/input/set2/50_20_1439_5_S_1-124.dat,401,8000,vns_vnd,moead,completed,completed,0.0,1.0,0.8421028993431665,1.0044863289147667,0.10697427958397941,0.010308056363137422,313,114,465.72488153333336,285.05866853333333,6985873223/15000000,1068970007/3750000,8,11,8.624315613999897,12.883022206000078,1054,0,0.13175,0.0
A,data/input/set2/50_20_1439_5_S_1-124.dat,401,8000,spea2,moead,completed,completed,0.45454545454545453,0.21428571428571427,1.0116473092089162,1.0044863289147667,0.008487581772976436,0.010308056363137422,114,114,225.69099446666667,285.05866853333333,3385364917/15000000,1068970007/3750000,14,11,17.64882780400012,12.883022206000078,0,0,0.0,0.0
A,data/input/set2/50_20_1439_5_S_1-124.dat,503,8000,vns_vnd,spea2,completed,completed,0.0,1.0,0.8533893628963338,1.0059756467495857,0.10729887888600412,0.011164766881237362,322,117,309.1130628,256.3879482666667,772782657/2500000,480727403/1875000,5,14,8.731036265000057,17.82859838200011,929,0,0.116125,0.0
A,data/input/set2/50_20_1439_5_S_1-124.dat,503,8000,vns_vnd,moead,completed,completed,0.0,0.8,0.8533893628963338,0.9869367754701351,0.10729887888600412,0.011548504349115689,322,135,309.1130628,311.5600384,772782657/2500000,24340628/78125,5,11,8.731036265000057,13.017276090999985,929,0,0.116125,0.0
A,data/input/set2/50_20_1439_5_S_1-124.dat,503,8000,spea2,moead,completed,completed,0.2727272727272727,0.2857142857142857,1.0059756467495857,0.9869367754701351,0.011164766881237362,0.011548504349115689,117,135,256.3879482666667,311.5600384,480727403/1875000,24340628/78125,14,11,17.82859838200011,13.017276090999985,0,0,0.0,0.0
A,data/input/set2/50_20_1439_5_S_1-124.dat,601,8000,vns_vnd,spea2,completed,completed,0.0,1.0,0.86177336268859,1.0145508314259672,0.0906493927353287,0.004642123188937132,289,108,441.4628064,241.0771337,137957127/312500,2410771337/10000000,5,12,8.81781666300003,17.856818555000245,999,0,0.124875,0.0
A,data/input/set2/50_20_1439_5_S_1-124.dat,601,8000,vns_vnd,moead,completed,completed,0.0,1.0,0.86177336268859,1.0052210614519006,0.0906493927353287,0.008168936854197633,289,108,441.4628064,316.58123448333333,137957127/312500,18994874069/60000000,5,10,8.81781666300003,12.921152389000326,999,0,0.124875,0.0
A,data/input/set2/50_20_1439_5_S_1-124.dat,601,8000,spea2,moead,completed,completed,0.2,0.16666666666666666,1.0145508314259672,1.0052210614519006,0.004642123188937132,0.008168936854197633,108,108,241.0771337,316.58123448333333,2410771337/10000000,18994874069/60000000,12,10,17.856818555000245,12.921152389000326,0,0,0.0,0.0
A,data/input/set2/50_20_1439_5_S_1-124.dat,701,8000,vns_vnd,spea2,completed,completed,0.0,1.0,0.8626573979351091,1.0047261657883924,0.09347227077530247,0.012262901508738936,297,116,382.9656702666667,270.33700046666667,2872242527/7500000,4055055007/15000000,8,23,8.753489378000268,17.97120560400026,963,0,0.120375,0.0
A,data/input/set2/50_20_1439_5_S_1-124.dat,701,8000,vns_vnd,moead,completed,completed,0.0,1.0,0.8626573979351091,0.9943130245236524,0.09347227077530247,0.014207159210544277,297,127,382.9656702666667,290.05323196666666,2872242527/7500000,8701596959/30000000,8,7,8.753489378000268,12.993383594000079,963,0,0.120375,0.0
A,data/input/set2/50_20_1439_5_S_1-124.dat,701,8000,spea2,moead,completed,completed,0.7142857142857143,0.13043478260869565,1.0047261657883924,0.9943130245236524,0.012262901508738936,0.014207159210544277,116,127,270.33700046666667,290.05323196666666,4055055007/15000000,8701596959/30000000,23,7,17.97120560400026,12.993383594000079,0,0,0.0,0.0
A,data/input/set2/50_20_1439_5_S_1-124.dat,809,8000,vns_vnd,spea2,completed,completed,0.0,1.0,0.8314255134259257,1.00268597889578,0.12483010599919842,0.012711589738630277,348,112,337.5588851333333,308.2062076166667,5063383277/15000000,18492372457/60000000,6,11,8.641160403999947,17.705342417000338,1121,0,0.140125,0.0
A,data/input/set2/50_20_1439_5_S_1-124.dat,809,8000,vns_vnd,moead,completed,completed,0.0,1.0,0.8314255134259257,0.9887114587263108,0.12483010599919842,0.013143823035575711,348,135,337.5588851333333,296.0019975166667,5063383277/15000000,17760119851/60000000,6,15,8.641160403999947,13.149709632000395,1121,0,0.140125,0.0
A,data/input/set2/50_20_1439_5_S_1-124.dat,809,8000,spea2,moead,completed,completed,0.4,0.2727272727272727,1.00268597889578,0.9887114587263108,0.012711589738630277,0.013143823035575711,112,135,308.2062076166667,296.0019975166667,18492372457/60000000,17760119851/60000000,11,15,17.705342417000338,13.149709632000395,0,0,0.0,0.0
A,data/input/set2/50_20_1439_5_S_1-124.dat,907,8000,vns_vnd,spea2,completed,completed,0.0,1.0,0.8423483529962181,1.0075810932340798,0.10670734502952199,0.014586174976741336,309,113,488.3717806,263.26831853333334,2441858903/5000000,1974512389/7500000,7,16,8.730094680000093,17.869832982999924,918,0,0.11475,0.0
A,data/input/set2/50_20_1439_5_S_1-124.dat,907,8000,vns_vnd,moead,completed,completed,0.0,1.0,0.8423483529962181,0.9899311907340631,0.10670734502952199,0.010314224608306891,309,131,488.3717806,311.05132788333333,2441858903/5000000,18663079673/60000000,7,9,8.730094680000093,13.010452544000145,918,0,0.11475,0.0
A,data/input/set2/50_20_1439_5_S_1-124.dat,907,8000,spea2,moead,completed,completed,0.2222222222222222,0.5,1.0075810932340798,0.9899311907340631,0.014586174976741336,0.010314224608306891,113,131,263.26831853333334,311.05132788333333,1974512389/7500000,18663079673/60000000,16,9,17.869832982999924,13.010452544000145,0,0,0.0,0.0
A,data/input/set2/50_20_1439_5_S_1-124.dat,1009,8000,vns_vnd,spea2,completed,completed,0.0,1.0,0.8446325794502888,1.0054111747288261,0.11315782253670743,0.0036551280469718822,330,119,334.9322064,257.75374588333335,209332629/625000,15465224753/60000000,6,11,8.724248637000073,17.603648754000005,900,0,0.1125,0.0
A,data/input/set2/50_20_1439_5_S_1-124.dat,1009,8000,vns_vnd,moead,completed,completed,0.0,1.0,0.8446325794502888,0.9871083279857253,0.11315782253670743,0.014481592537171557,330,137,334.9322064,295.59040201666664,209332629/625000,17735424121/60000000,6,16,8.724248637000073,13.027754968999943,900,0,0.1125,0.0
A,data/input/set2/50_20_1439_5_S_1-124.dat,1009,8000,spea2,moead,completed,completed,1.0,0.0,1.0054111747288261,0.9871083279857253,0.0036551280469718822,0.014481592537171557,119,137,257.75374588333335,295.59040201666664,15465224753/60000000,17735424121/60000000,11,16,17.603648754000005,13.027754968999943,0,0,0.0,0.0
A,data/input/set2/50_20_1439_5_S_1-9.dat,101,8000,vns_vnd,spea2,completed,completed,0.0,1.0,0.9806642980427744,1.0860357344567821,0.08508549289734414,0.0010786751910255164,161,30,216.95871346666667,143.5047887,1627190351/7500000,1435047887/10000000,7,13,8.79250440199985,17.809110848999808,653,0,0.081625,0.0
A,data/input/set2/50_20_1439_5_S_1-9.dat,101,8000,vns_vnd,moead,completed,completed,0.0,1.0,0.9806642980427744,1.0814587177185873,0.08508549289734414,0.004818703169606643,161,33,216.95871346666667,160.38854371666667,1627190351/7500000,9623312623/60000000,7,10,8.79250440199985,12.993317948999902,653,0,0.081625,0.0
A,data/input/set2/50_20_1439_5_S_1-9.dat,101,8000,spea2,moead,completed,completed,1.0,0.0,1.0860357344567821,1.0814587177185873,0.0010786751910255164,0.004818703169606643,30,33,143.5047887,160.38854371666667,1435047887/10000000,9623312623/60000000,13,10,17.809110848999808,12.993317948999902,0,0,0.0,0.0
A,data/input/set2/50_20_1439_5_S_1-9.dat,211,8000,vns_vnd,spea2,completed,completed,0.0,1.0,0.9840650344616014,1.085930137758137,0.08117407793990888,0.0009340809176128934,155,31,222.9168946,139.0095202,1114584473/5000000,695047601/5000000,7,12,8.700849150999602,18.162769144999857,818,0,0.10225,0.0
A,data/input/set2/50_20_1439_5_S_1-9.dat,211,8000,vns_vnd,moead,completed,completed,0.0,1.0,0.9840650344616014,1.084188900823365,0.08117407793990888,0.0029133499482658655,155,32,222.9168946,145.78335986666667,1114584473/5000000,1093375199/7500000,7,15,8.700849150999602,13.047726381000302,818,0,0.10225,0.0
A,data/input/set2/50_20_1439_5_S_1-9.dat,211,8000,spea2,moead,completed,completed,1.0,0.0,1.085930137758137,1.084188900823365,0.0009340809176128934,0.0029133499482658655,31,32,139.0095202,145.78335986666667,695047601/5000000,1093375199/7500000,12,15,18.162769144999857,13.047726381000302,0,0,0.0,0.0
A,data/input/set2/50_20_1439_5_S_1-9.dat,307,8000,vns_vnd,spea2,completed,completed,0.0,1.0,0.9819441791412581,1.084558073975653,0.08816529717184682,0.0012598357468700814,165,31,183.18528506666667,148.9927287,686944819/3750000,1489927287/10000000,5,8,8.643125195000266,17.786668497999926,749,0,0.093625,0.0
A,data/input/set2/50_20_1439_5_S_1-9.dat,307,8000,vns_vnd,moead,completed,completed,0.0,1.0,0.9819441791412581,1.0848579586605978,0.08816529717184682,0.004419332972262158,165,33,183.18528506666667,135.42191393333334,686944819/3750000,2031328709/15000000,5,14,8.643125195000266,12.868600984000295,749,0,0.093625,0.0
A,data/input/set2/50_20_1439_5_S_1-9.dat,307,8000,spea2,moead,completed,completed,0.6428571428571429,0.0,1.084558073975653,1.0848579586605978,0.0012598357468700814,0.004419332972262158,31,33,148.9927287,135.42191393333334,1489927287/10000000,2031328709/15000000,8,14,17.786668497999926,12.868600984000295,0,0,0.0,0.0
A,data/input/set2/50_20_1439_5_S_1-9.dat,401,8000,vns_vnd,spea2,completed,completed,0.0,1.0,0.9235752290696679,1.083361331058821,0.13609868907483294,0.002654030345360633,234,31,250.7762606,157.3440821,1253881303/5000000,1573440821/10000000,5,10,9.04482616300038,17.690754308000123,867,0,0.108375,0.0
A,data/input/set2/50_20_1439_5_S_1-9.dat,401,8000,vns_vnd,moead,completed,completed,0.0,1.0,0.9235752290696679,1.0841311147209374,0.13609868907483294,0.00047898506754346466,234,34,250.7762606,136.30321253333332,1253881303/5000000,511137047/3750000,5,7,9.04482616300038,13.005314025999724,867,0,0.108375,0.0
A,data/input/set2/50_20_1439_5_S_1-9.dat,401,8000,spea2,moead,completed,completed,0.0,0.8,1.083361331058821,1.0841311147209374,0.002654030345360633,0.00047898506754346466,31,34,157.3440821,136.30321253333332,1573440821/10000000,511137047/3750000,10,7,17.690754308000123,13.005314025999724,0,0,0.0,0.0
A,data/input/set2/50_20_1439_5_S_1-9.dat,503,8000,vns_vnd,spea2,completed,completed,0.0,1.0,0.9815751401177755,1.0869305386011814,0.08774540205113274,0.0003174397438296439,162,30,203.78442926666668,137.14631076666666,3056766439/15000000,4114389323/30000000,5,13,8.728993156000342,18.23093038299976,696,0,0.087,0.0
A,data/input/set2/50_20_1439_5_S_1-9.dat,503,8000,vns_vnd,moead,completed,completed,0.0,1.0,0.9815751401177755,1.0804327883564975,0.08774540205113274,0.0034140541000132417,162,33,203.78442926666668,168.18141851666667,3056766439/15000000,10090885111/60000000,5,6,8.728993156000342,13.009738567000113,696,0,0.087,0.0
A,data/input/set2/50_20_1439_5_S_1-9.dat,503,8000,spea2,moead,completed,completed,1.0,0.0,1.0869305386011814,1.0804327883564975,0.0003174397438296439,0.0034140541000132417,30,33,137.14631076666666,168.18141851666667,4114389323/30000000,10090885111/60000000,13,6,18.23093038299976,13.009738567000113,0,0,0.0,0.0
A,data/input/set2/50_20_1439_5_S_1-9.dat,601,8000,vns_vnd,spea2,completed,completed,0.0,1.0,0.9575924605745741,1.0834409540917833,0.10261213812514201,0.0033986221657531313,186,31,256.3879482666667,156.809815,480727403/1875000,31361963/200000,3,14,8.798979472000156,17.83774565900012,800,0,0.1,0.0
A,data/input/set2/50_20_1439_5_S_1-9.dat,601,8000,vns_vnd,moead,completed,completed,0.0,1.0,0.9575924605745741,1.0800308853283014,0.10261213812514201,0.0035654108736120327,186,38,256.3879482666667,144.32098526666667,480727403/1875000,2164814779/15000000,3,9,8.798979472000156,13.239413571999648,800,0,0.1,0.0
A,data/input/set2/50_20_1439_5_S_1-9.dat,601,8000,spea2,moead,completed,completed,0.1111111111111111,0.5714285714285714,1.0834409540917833,1.0800308853283014,0.0033986221657531313,0.0035654108736120327,31,38,156.809815,144.32098526666667,31361963/200000,2164814779/15000000,14,9,17.83774565900012,13.239413571999648,0,0,0.0,0.0
A,data/input/set2/50_20_1439_5_S_1-9.dat,701,8000,vns_vnd,spea2,completed,completed,0.0,1.0,0.9924042266441265,1.0793416533072295,0.07450588160549991,0.005236390091382982,146,31,210.17734133333335,186.38900455,78816503/375000,3727780091/20000000,6,8,8.746736960000362,17.648672977999922,646,0,0.08075,0.0
A,data/input/set2/50_20_1439_5_S_1-9.dat,701,8000,vns_vnd,moead,completed,completed,0.0,1.0,0.9924042266441265,1.0799713013866132,0.07450588160549991,0.005899867650884523,146,34,210.17734133333335,165.39063961666668,78816503/375000,9923438377/60000000,6,9,8.746736960000362,13.076432274000126,646,0,0.08075,0.0
A,data/input/set2/50_20_1439_5_S_1-9.dat,701,8000,spea2,moead,completed,completed,0.4444444444444444,0.0,1.0793416533072295,1.0799713013866132,0.005236390091382982,0.005899867650884523,31,34,186.38900455,165.39063961666668,3727780091/20000000,9923438377/60000000,8,9,17.648672977999922,13.076432274000126,0,0,0.0,0.0
A,data/input/set2/50_20_1439_5_S_1-9.dat,809,8000,vns_vnd,spea2,completed,completed,0.0,1.0,0.9616444637949123,1.084420719468847,0.10106738011763486,0.0025808096601089453,184,30,234.4867634,154.9423013,1172433817/5000000,1549423013/10000000,7,12,8.779931198000213,17.99947077900015,816,0,0.102,0.0
A,data/input/set2/50_20_1439_5_S_1-9.dat,809,8000,vns_vnd,moead,completed,completed,0.0,1.0,0.9616444637949123,1.0804733487236842,0.10106738011763486,0.003929290406054419,184,35,234.4867634,156.93194856666668,1172433817/5000000,4707958457/30000000,7,7,8.779931198000213,13.124947030000385,816,0,0.102,0.0
A,data/input/set2/50_20_1439_5_S_1-9.dat,809,8000,spea2,moead,completed,completed,0.7142857142857143,0.08333333333333333,1.084420719468847,1.0804733487236842,0.0025808096601089453,0.003929290406054419,30,35,154.9423013,156.93194856666668,1549423013/10000000,4707958457/30000000,12,7,17.99947077900015,13.124947030000385,0,0,0.0,0.0
A,data/input/set2/50_20_1439_5_S_1-9.dat,907,8000,vns_vnd,spea2,completed,completed,0.0,1.0,1.0038340133973782,1.0835898951256708,0.06287050542623429,0.003329723548706153,129,30,217.57637573333332,160.95213363333335,815911409/3750000,4828564009/30000000,5,13,8.759356300000036,18.033205052000085,731,0,0.091375,0.0
A,data/input/set2/50_20_1439_5_S_1-9.dat,907,8000,vns_vnd,moead,completed,completed,0.0,1.0,1.0038340133973782,1.0831385480807638,0.06287050542623429,0.0029610580621011627,129,34,217.57637573333332,142.90999285,815911409/3750000,2858199857/20000000,5,10,8.759356300000036,13.082615359000101,731,0,0.091375,0.0
A,data/input/set2/50_20_1439_5_S_1-9.dat,907,8000,spea2,moead,completed,completed,0.4,0.3076923076923077,1.0835898951256708,1.0831385480807638,0.003329723548706153,0.0029610580621011627,30,34,160.95213363333335,142.90999285,4828564009/30000000,2858199857/20000000,13,10,18.033205052000085,13.082615359000101,0,0,0.0,0.0
A,data/input/set2/50_20_1439_5_S_1-9.dat,1009,8000,vns_vnd,spea2,completed,completed,0.0,1.0,0.9537531432197051,1.086839477947874,0.10761457701237467,0.0006259917984805892,191,30,257.0174472666667,137.5713571,3855261709/15000000,1375713571/10000000,3,14,8.958366866999768,17.79156227600015,745,0,0.093125,0.0
A,data/input/set2/50_20_1439_5_S_1-9.dat,1009,8000,vns_vnd,moead,completed,completed,0.0,1.0,0.9537531432197051,1.0837978893867781,0.10761457701237467,0.003010434587133949,191,32,257.0174472666667,148.83508493333332,3855261709/15000000,1116263137/7500000,3,12,8.958366866999768,13.212761149000016,745,0,0.093125,0.0
A,data/input/set2/50_20_1439_5_S_1-9.dat,1009,8000,spea2,moead,completed,completed,0.9166666666666666,0.0,1.086839477947874,1.0837978893867781,0.0006259917984805892,0.003010434587133949,30,32,137.5713571,148.83508493333332,1375713571/10000000,1116263137/7500000,14,12,17.79156227600015,13.212761149000016,0,0,0.0,0.0
B,data/input/set2/750_10_1439_5_S_1-124.dat,101,2000,vns_vnd,spea2,completed,completed,0.0,1.0,0.4010342493906496,0.7284110147928071,0.27902050290124264,0.005664399329956212,11055,5223,24213.296913708335,16648.332002758332,581119125929/24000000,1997799840331/120000000,13,31,32.00229688199943,43.287264392,36,0,0.018,0.0
B,data/input/set2/750_10_1439_5_S_1-124.dat,101,2000,vns_vnd,moead,completed,completed,0.0,1.0,0.4010342493906496,0.7114235521017398,0.27902050290124264,0.008578330887086264,11055,5223,24213.296913708335,19269.263631191665,581119125929/24000000,2312311635743/120000000,13,8,32.00229688199943,41.98576753799989,36,0,0.018,0.0
B,data/input/set2/750_10_1439_5_S_1-124.dat,101,2000,spea2,moead,completed,completed,0.0,0.3225806451612903,0.7284110147928071,0.7114235521017398,0.005664399329956212,0.008578330887086264,5223,5223,16648.332002758332,19269.263631191665,1997799840331/120000000,2312311635743/120000000,31,8,43.287264392,41.98576753799989,0,0,0.0,0.0
B,data/input/set2/750_10_1439_5_S_1-124.dat,211,2000,vns_vnd,spea2,completed,completed,0.0,1.0,0.4385830374291179,0.7288454162219956,0.23400150964201719,0.0009809762773816807,10225,5192,24479.56993496667,16959.029241825,734387098049/30000000,678361169673/40000000,5,33,32.027797260000625,43.14164067499951,9,0,0.0045,0.0
B,data/input/set2/750_10_1439_5_S_1-124.dat,211,2000,vns_vnd,moead,completed,completed,0.0,1.0,0.4385830374291179,0.7170381762866855,0.23400150964201719,0.006583782314148251,10225,5239,24479.56993496667,18350.609553533333,734387098049/30000000,275259143303/15000000,5,22,32.027797260000625,42.04734963899955,9,0,0.0045,0.0
B,data/input/set2/750_10_1439_5_S_1-124.dat,211,2000,spea2,moead,completed,completed,0.9090909090909091,0.030303030303030304,0.7288454162219956,0.7170381762866855,0.0009809762773816807,0.006583782314148251,5192,5239,16959.029241825,18350.609553533333,678361169673/40000000,275259143303/15000000,33,22,43.14164067499951,42.04734963899955,0,0,0.0,0.0
B,data/input/set2/750_10_1439_5_S_1-124.dat,307,2000,vns_vnd,spea2,completed,completed,0.0,1.0,0.44044244151516637,0.7304161398686302,0.23173657769563943,0.0058255828618118365,10180,5186,24528.672596475,16611.353663533333,981146903859/40000000,249170304953/15000000,6,18,32.01969602099962,43.35957443300049,10,0,0.005,0.0
B,data/input/set2/750_10_1439_5_S_1-124.dat,307,2000,vns_vnd,moead,completed,completed,0.0,1.0,0.44044244151516637,0.7105622775384576,0.23173657769563943,0.006915667558558913,10180,5303,24528.672596475,18849.761162425,981146903859/40000000,753990446497/40000000,6,14,32.01969602099962,42.57017787299992,10,0,0.005,0.0
B,data/input/set2/750_10_1439_5_S_1-124.dat,307,2000,spea2,moead,completed,completed,0.07142857142857142,0.3888888888888889,0.7304161398686302,0.7105622775384576,0.0058255828618118365,0.006915667558558913,5186,5303,16611.353663533333,18849.761162425,249170304953/15000000,753990446497/40000000,18,14,43.35957443300049,42.57017787299992,0,0,0.0,0.0
B,data/input/set2/750_10_1439_5_S_1-124.dat,401,2000,vns_vnd,spea2,completed,completed,0.0,1.0,0.3999568893869383,0.7274585904548044,0.2811211322189214,0.005384025389464472,11102,5211,23964.94597145,16895.672501591667,479298919429/20000000,2027480700191/120000000,7,19,33.52239433900013,45.05041805200017,0,0,0.0,0.0
B,data/input/set2/750_10_1439_5_S_1-124.dat,401,2000,vns_vnd,moead,completed,completed,0.0,1.0,0.3999568893869383,0.7164594007730505,0.2811211322189214,0.005343732356985183,11102,5272,23964.94597145,18200.950790458333,479298919429/20000000,436822818971/24000000,7,27,33.52239433900013,44.17045802999928,0,0,0.0,0.0
B,data/input/set2/750_10_1439_5_S_1-124.dat,401,2000,spea2,moead,completed,completed,0.14814814814814814,0.5789473684210527,0.7274585904548044,0.7164594007730505,0.005384025389464472,0.005343732356985183,5211,5272,16895.672501591667,18200.950790458333,2027480700191/120000000,436822818971/24000000,19,27,45.05041805200017,44.17045802999928,0,0,0.0,0.0
B,data/input/set2/750_10_1439_5_S_1-124.dat,503,2000,vns_vnd,spea2,completed,completed,0.0,1.0,0.43163461439344786,0.7265746399309655,0.2428405074767669,0.0044134715797158695,10375,5192,24464.65596375,17226.8427865,19571724771/800000,34453685573/2000000,6,26,33.310672235999846,45.24797663299978,27,0,0.0135,0.0
B,data/input/set2/750_10_1439_5_S_1-124.dat,503,2000,vns_vnd,moead,completed,completed,0.0,1.0,0.43163461439344786,0.712422218474526,0.2428405074767669,0.006392616062194638,10375,5280,24464.65596375,18742.596903916667,19571724771/800000,224911162847/12000000,6,19,33.310672235999846,43.77738320200024,27,0,0.0135,0.0
B,data/input/set2/750_10_1439_5_S_1-124.dat,503,2000,spea2,moead,completed,completed,0.2631578947368421,0.3076923076923077,0.7265746399309655,0.712422218474526,0.0044134715797158695,0.006392616062194638,5192,5280,17226.8427865,18742.596903916667,34453685573/2000000,224911162847/12000000,26,19,45.24797663299978,43.77738320200024,0,0,0.0,0.0
B,data/input/set2/750_10_1439_5_S_1-9.dat,101,2000,vns_vnd,spea2,initialization_failed,completed,N/A — initialization_failed,,N/A — initialization_failed,0.8445923003227954,N/A — initialization_failed,0.002120030160455129,N/A — initialization_failed,1079,N/A — initialization_failed,5876.885226958333,N/A — initialization_failed,141045245447/24000000,N/A — initialization_failed,10,N/A — initialization_failed,41.99783616100001,N/A — initialization_failed,0,N/A — initialization_failed,0.0
B,data/input/set2/750_10_1439_5_S_1-9.dat,101,2000,vns_vnd,moead,initialization_failed,completed,N/A — initialization_failed,,N/A — initialization_failed,0.8130581215498981,N/A — initialization_failed,0.021647698551130166,N/A — initialization_failed,1138,N/A — initialization_failed,6444.698935991667,N/A — initialization_failed,773363872319/120000000,N/A — initialization_failed,9,N/A — initialization_failed,41.21132875599994,N/A — initialization_failed,0,N/A — initialization_failed,0.0
B,data/input/set2/750_10_1439_5_S_1-9.dat,101,2000,spea2,moead,completed,completed,1.0,0.0,0.8445923003227954,0.8130581215498981,0.002120030160455129,0.021647698551130166,1079,1138,5876.885226958333,6444.698935991667,141045245447/24000000,773363872319/120000000,10,9,41.99783616100001,41.21132875599994,0,0,0.0,0.0
B,data/input/set2/750_10_1439_5_S_1-9.dat,211,2000,vns_vnd,spea2,initialization_failed,completed,N/A — initialization_failed,,N/A — initialization_failed,0.8487608702898125,N/A — initialization_failed,0.0,N/A — initialization_failed,1074,N/A — initialization_failed,5679.783816333334,N/A — initialization_failed,17039351449/3000000,N/A — initialization_failed,12,N/A — initialization_failed,45.24133833600001,N/A — initialization_failed,0,N/A — initialization_failed,0.0
B,data/input/set2/750_10_1439_5_S_1-9.dat,211,2000,vns_vnd,moead,initialization_failed,completed,N/A — initialization_failed,,N/A — initialization_failed,0.815995096182745,N/A — initialization_failed,0.019667990005121334,N/A — initialization_failed,1135,N/A — initialization_failed,6275.082857716667,N/A — initialization_failed,376504971463/60000000,N/A — initialization_failed,7,N/A — initialization_failed,59.11283513799992,N/A — initialization_failed,0,N/A — initialization_failed,0.0
B,data/input/set2/750_10_1439_5_S_1-9.dat,211,2000,spea2,moead,completed,completed,1.0,0.0,0.8487608702898125,0.815995096182745,0.0,0.019667990005121334,1074,1135,5679.783816333334,6275.082857716667,17039351449/3000000,376504971463/60000000,12,7,45.24133833600001,59.11283513799992,0,0,0.0,0.0
B,data/input/set2/750_10_1439_5_S_1-9.dat,307,2000,vns_vnd,spea2,initialization_failed,completed,N/A — initialization_failed,,N/A — initialization_failed,0.8429564277260335,N/A — initialization_failed,0.0024821530557201446,N/A — initialization_failed,1082,N/A — initialization_failed,5908.540072541667,N/A — initialization_failed,141804961741/24000000,N/A — initialization_failed,15,N/A — initialization_failed,41.172610143000156,N/A — initialization_failed,0,N/A — initialization_failed,0.0
B,data/input/set2/750_10_1439_5_S_1-9.dat,307,2000,vns_vnd,moead,initialization_failed,completed,N/A — initialization_failed,,N/A — initialization_failed,0.8161630779889407,N/A — initialization_failed,0.017374448220606502,N/A — initialization_failed,1129,N/A — initialization_failed,6533.911526016666,N/A — initialization_failed,392034691561/60000000,N/A — initialization_failed,4,N/A — initialization_failed,39.34360913499995,N/A — initialization_failed,0,N/A — initialization_failed,0.0
B,data/input/set2/750_10_1439_5_S_1-9.dat,307,2000,spea2,moead,completed,completed,1.0,0.0,0.8429564277260335,0.8161630779889407,0.0024821530557201446,0.017374448220606502,1082,1129,5908.540072541667,6533.911526016666,141804961741/24000000,392034691561/60000000,15,4,41.172610143000156,39.34360913499995,0,0,0.0,0.0
B,data/input/set2/750_10_1439_5_S_1-9.dat,401,2000,vns_vnd,spea2,initialization_failed,completed,N/A — initialization_failed,,N/A — initialization_failed,0.836614755128707,N/A — initialization_failed,0.004301128831677957,N/A — initialization_failed,1096,N/A — initialization_failed,5925.832267583333,N/A — initialization_failed,71109987211/12000000,N/A — initialization_failed,12,N/A — initialization_failed,41.1805787950002,N/A — initialization_failed,0,N/A — initialization_failed,0.0
B,data/input/set2/750_10_1439_5_S_1-9.dat,401,2000,vns_vnd,moead,initialization_failed,completed,N/A — initialization_failed,,N/A — initialization_failed,0.8133328902388871,N/A — initialization_failed,0.01943146097434335,N/A — initialization_failed,1137,N/A — initialization_failed,6464.70669235,N/A — initialization_failed,129294133847/20000000,N/A — initialization_failed,6,N/A — initialization_failed,39.36150440100005,N/A — initialization_failed,0,N/A — initialization_failed,0.0
B,data/input/set2/750_10_1439_5_S_1-9.dat,401,2000,spea2,moead,completed,completed,1.0,0.0,0.836614755128707,0.8133328902388871,0.004301128831677957,0.01943146097434335,1096,1137,5925.832267583333,6464.70669235,71109987211/12000000,129294133847/20000000,12,6,41.1805787950002,39.36150440100005,0,0,0.0,0.0
B,data/input/set2/750_10_1439_5_S_1-9.dat,503,2000,vns_vnd,spea2,initialization_failed,completed,N/A — initialization_failed,,N/A — initialization_failed,0.836858185607387,N/A — initialization_failed,0.004544061169339282,N/A — initialization_failed,1094,N/A — initialization_failed,5990.295360691666,N/A — initialization_failed,718835443283/120000000,N/A — initialization_failed,7,N/A — initialization_failed,40.65136562700013,N/A — initialization_failed,0,N/A — initialization_failed,0.0
B,data/input/set2/750_10_1439_5_S_1-9.dat,503,2000,vns_vnd,moead,initialization_failed,completed,N/A — initialization_failed,,N/A — initialization_failed,0.820901447725838,N/A — initialization_failed,0.013944921720901072,N/A — initialization_failed,1125,N/A — initialization_failed,6226.983962691666,N/A — initialization_failed,747238075523/120000000,N/A — initialization_failed,8,N/A — initialization_failed,39.306663814999865,N/A — initialization_failed,0,N/A — initialization_failed,0.0
B,data/input/set2/750_10_1439_5_S_1-9.dat,503,2000,spea2,moead,completed,completed,1.0,0.0,0.836858185607387,0.820901447725838,0.004544061169339282,0.013944921720901072,1094,1125,5990.295360691666,6226.983962691666,718835443283/120000000,747238075523/120000000,7,8,40.65136562700013,39.306663814999865,0,0,0.0,0.0
B,data/input/set2/750_20_1439_5_S_1-124.dat,101,2000,vns_vnd,spea2,completed,completed,0.0,1.0,0.34158892861248996,0.7809751609212627,0.36807822607444507,0.004773790225024452,5775,2148,20293.515874875,11553.487369916667,162348126999/8000000,138641848439/12000000,9,20,30.283840613000166,46.73380016700003,10,0,0.005,0.0
B,data/input/set2/750_20_1439_5_S_1-124.dat,101,2000,vns_vnd,moead,completed,completed,0.0,1.0,0.34158892861248996,0.7739316787476872,0.36807822607444507,0.00242977771816791,5775,2162,20293.515874875,12608.354400208333,162348126999/8000000,60520101121/4800000,9,21,30.283840613000166,45.00279165400002,10,0,0.005,0.0
B,data/input/set2/750_20_1439_5_S_1-124.dat,101,2000,spea2,moead,completed,completed,0.0,0.6,0.7809751609212627,0.7739316787476872,0.004773790225024452,0.00242977771816791,2148,2162,11553.487369916667,12608.354400208333,138641848439/12000000,60520101121/4800000,20,21,46.73380016700003,45.00279165400002,0,0,0.0,0.0
B,data/input/set2/750_20_1439_5_S_1-124.dat,211,2000,vns_vnd,spea2,completed,completed,0.0,1.0,0.3367103321877748,0.7759728937898761,0.3702351205932303,0.003925935324884639,5783,2153,21434.229001466665,12378.725741666667,160756717511/7500000,1485447089/120000,6,34,30.283462175000068,46.57781825799998,33,0,0.0165,0.0
B,data/input/set2/750_20_1439_5_S_1-124.dat,211,2000,vns_vnd,moead,completed,completed,0.0,1.0,0.3367103321877748,0.7695285772277538,0.3702351205932303,0.005412659748622771,5783,2170,21434.229001466665,13115.643221166667,160756717511/7500000,78693859327/6000000,6,22,30.283462175000068,45.191700037000146,33,0,0.0165,0.0
B,data/input/set2/750_20_1439_5_S_1-124.dat,211,2000,spea2,moead,completed,completed,0.45454545454545453,0.47058823529411764,0.7759728937898761,0.7695285772277538,0.003925935324884639,0.005412659748622771,2153,2170,12378.725741666667,13115.643221166667,1485447089/120000,78693859327/6000000,34,22,46.57781825799998,45.191700037000146,0,0,0.0,0.0
B,data/input/set2/750_20_1439_5_S_1-124.dat,307,2000,vns_vnd,spea2,completed,completed,0.0,1.0,0.3646822373720721,0.7833059712134772,0.3389105536537804,0.004134268818505152,5505,2131,21578.52668051667,11507.184856375,1294711600831/60000000,92057478851/8000000,6,18,30.477601276000087,46.105987512999945,0,0,0.0,0.0
B,data/input/set2/750_20_1439_5_S_1-124.dat,307,2000,vns_vnd,moead,completed,completed,0.0,1.0,0.3646822373720721,0.774158257374565,0.3389105536537804,0.003786188311117532,5505,2138,21578.52668051667,12971.63414275,1294711600831/60000000,51886536571/4000000,6,19,30.477601276000087,44.94380809800009,0,0,0.0,0.0
B,data/input/set2/750_20_1439_5_S_1-124.dat,307,2000,spea2,moead,completed,completed,0.2631578947368421,0.4444444444444444,0.7833059712134772,0.774158257374565,0.004134268818505152,0.003786188311117532,2131,2138,11507.184856375,12971.63414275,92057478851/8000000,51886536571/4000000,18,19,46.105987512999945,44.94380809800009,0,0,0.0,0.0
B,data/input/set2/750_20_1439_5_S_1-124.dat,401,2000,vns_vnd,spea2,completed,completed,0.0,1.0,0.3111335092153482,0.7825217279871007,0.4009289441380973,0.005032817360941608,6030,2129,21489.584110441665,11621.3574211,2578750093253/120000000,116213574211/10000000,10,29,31.0162968489999,47.02246416899993,0,0,0.0,0.0
B,data/input/set2/750_20_1439_5_S_1-124.dat,401,2000,vns_vnd,moead,completed,completed,0.0,1.0,0.3111335092153482,0.7733016474250208,0.4009289441380973,0.003115135885476641,6030,2163,21489.584110441665,12679.801616725,2578750093253/120000000,507192064669/40000000,10,24,31.0162968489999,45.13799590899998,0,0,0.0,0.0
B,data/input/set2/750_20_1439_5_S_1-124.dat,401,2000,spea2,moead,completed,completed,0.25,0.3448275862068966,0.7825217279871007,0.7733016474250208,0.005032817360941608,0.003115135885476641,2129,2163,11621.3574211,12679.801616725,116213574211/10000000,507192064669/40000000,29,24,47.02246416899993,45.13799590899998,0,0,0.0,0.0
B,data/input/set2/750_20_1439_5_S_1-124.dat,503,2000,vns_vnd,spea2,completed,completed,0.0,1.0,0.3716055017244741,0.7816605378041159,0.33096749118465507,0.0015835699114233582,5454,2132,21151.544839683334,11881.551370375,1269092690381/60000000,95052410963/8000000,5,24,30.648633995999944,46.65328246900003,24,0,0.012,0.0
B,data/input/set2/750_20_1439_5_S_1-124.dat,503,2000,vns_vnd,moead,completed,completed,0.0,1.0,0.3716055017244741,0.7730618254799692,0.33096749118465507,0.0024704851396097683,5454,2152,21151.544839683334,12927.130454208333,1269092690381/60000000,310251130901/24000000,5,17,30.648633995999944,45.25595223999994,24,0,0.012,0.0
B,data/input/set2/750_20_1439_5_S_1-124.dat,503,2000,spea2,moead,completed,completed,0.23529411764705882,0.4166666666666667,0.7816605378041159,0.7730618254799692,0.0015835699114233582,0.0024704851396097683,2132,2152,11881.551370375,12927.130454208333,95052410963/8000000,310251130901/24000000,24,17,46.65328246900003,45.25595223999994,0,0,0.0,0.0
B,data/input/set2/750_20_1439_5_S_1-9.dat,101,2000,vns_vnd,spea2,completed,completed,0.0,1.0,0.1522034043719706,0.9878028938482305,0.800689439020365,0.000337010105471114,2543,424,20552.796361733333,3860.0650015833335,154145972713/7500000,46320780019/12000000,8,15,29.129473738999877,45.55897502199991,25,0,0.0125,0.0
B,data/input/set2/750_20_1439_5_S_1-9.dat,101,2000,vns_vnd,moead,completed,completed,0.0,1.0,0.1522034043719706,0.9820071930011072,0.800689439020365,0.0021485841612514825,2543,430,20552.796361733333,4264.220845666667,154145972713/7500000,12792662537/3000000,8,6,29.129473738999877,44.19186290500011,25,0,0.0125,0.0
B,data/input/set2/750_20_1439_5_S_1-9.dat,101,2000,spea2,moead,completed,completed,0.6666666666666666,0.0,0.9878028938482305,0.9820071930011072,0.000337010105471114,0.0021485841612514825,424,430,3860.0650015833335,4264.220845666667,46320780019/12000000,12792662537/3000000,15,6,45.55897502199991,44.19186290500011,0,0,0.0,0.0
B,data/input/set2/750_20_1439_5_S_1-9.dat,211,2000,vns_vnd,spea2,completed,completed,0.0,1.0,0.08651306907059604,0.9830775307694389,0.8732382257122747,0.002577093748716514,2745,428,21571.213182816668,4226.730683,1294272790969/60000000,4226730683/1000000,6,13,29.383738982000068,45.53249727100001,7,0,0.0035,0.0
B,data/input/set2/750_20_1439_5_S_1-9.dat,211,2000,vns_vnd,moead,completed,completed,0.0,1.0,0.08651306907059604,0.9812991471074531,0.8732382257122747,0.0037790228123893914,2745,432,21571.213182816668,4253.94844425,1294272790969/60000000,17015793777/4000000,6,13,29.383738982000068,44.138391531000025,7,0,0.0035,0.0
B,data/input/set2/750_20_1439_5_S_1-9.dat,211,2000,spea2,moead,completed,completed,1.0,0.0,0.9830775307694389,0.9812991471074531,0.002577093748716514,0.0037790228123893914,428,432,4226.730683,4253.94844425,4226730683/1000000,17015793777/4000000,13,13,45.53249727100001,44.138391531000025,0,0,0.0,0.0
B,data/input/set2/750_20_1439_5_S_1-9.dat,307,2000,vns_vnd,spea2,completed,completed,0.0,1.0,0.09286136555434342,0.984067009996721,0.8658747646081669,0.0016553464700621242,2722,428,20703.139974975,4113.7372266,828125598999/40000000,20568686133/5000000,6,13,28.798751263999748,45.39632226399999,53,0,0.0265,0.0
B,data/input/set2/750_20_1439_5_S_1-9.dat,307,2000,vns_vnd,moead,completed,completed,0.0,1.0,0.09286136555434342,0.9823420733365558,0.8658747646081669,0.001974624909942415,2722,428,20703.139974975,4312.952138766666,828125598999/40000000,129388564163/30000000,6,10,28.798751263999748,43.91216738999992,53,0,0.0265,0.0
B,data/input/set2/750_20_1439_5_S_1-9.dat,307,2000,spea2,moead,completed,completed,0.1,0.3076923076923077,0.984067009996721,0.9823420733365558,0.0016553464700621242,0.001974624909942415,428,428,4113.7372266,4312.952138766666,20568686133/5000000,129388564163/30000000,13,10,45.39632226399999,43.91216738999992,0,0,0.0,0.0
B,data/input/set2/750_20_1439_5_S_1-9.dat,401,2000,vns_vnd,spea2,completed,completed,0.0,1.0,0.11427081725720915,0.9827693785298277,0.8410785096669107,0.0025604127479341987,2655,433,19702.51625665,4043.06627925,394050325133/20000000,16172265117/4000000,7,7,28.459932757999923,45.1413190129997,68,0,0.034,0.0
B,data/input/set2/750_20_1439_5_S_1-9.dat,401,2000,vns_vnd,moead,completed,completed,0.0,1.0,0.11427081725720915,0.9796667393836548,0.8410785096669107,0.0031593978378543523,2655,433,19702.51625665,4401.6168039,394050325133/20000000,44016168039/10000000,7,12,28.459932757999923,43.49194545599994,68,0,0.034,0.0
B,data/input/set2/750_20_1439_5_S_1-9.dat,401,2000,spea2,moead,completed,completed,0.25,0.2857142857142857,0.9827693785298277,0.9796667393836548,0.0025604127479341987,0.0031593978378543523,433,433,4043.06627925,4401.6168039,16172265117/4000000,44016168039/10000000,7,12,45.1413190129997,43.49194545599994,0,0,0.0,0.0
B,data/input/set2/750_20_1439_5_S_1-9.dat,503,2000,vns_vnd,spea2,completed,completed,0.0,1.0,0.07145752495545314,0.9862192787863211,0.8875355569071837,0.001848434987761829,2793,426,21179.156548816667,3952.0162433333335,1270749392929/60000000,1185604873/300000,9,15,29.370951391999824,45.77475914099978,5,0,0.0025,0.0
B,data/input/set2/750_20_1439_5_S_1-9.dat,503,2000,vns_vnd,moead,completed,completed,0.0,1.0,0.07145752495545314,0.9813047759880836,0.8875355569071837,0.0026624960019645994,2793,432,21179.156548816667,4256.48580945,1270749392929/60000000,85129716189/20000000,9,4,29.370951391999824,44.09521941000003,5,0,0.0025,0.0
B,data/input/set2/750_20_1439_5_S_1-9.dat,503,2000,spea2,moead,completed,completed,0.25,0.13333333333333333,0.9862192787863211,0.9813047759880836,0.001848434987761829,0.0026624960019645994,426,432,3952.0162433333335,4256.48580945,1185604873/300000,85129716189/20000000,15,4,45.77475914099978,44.09521941000003,0,0,0.0,0.0
C,data/input/set2/250_10_1439_5_S_1-9.dat,101,20000,vns_vnd,spea2,completed,completed,0.0,1.0,0.05563751824977586,0.9410480045341113,0.8557292035794877,0.0033622972946091233,1425,361,5847.94396135,1572.98806595,116958879227/20000000,31459761319/20000000,6,15,44.258849861999806,87.06978822000019,7421,0,0.37105,0.0
C,data/input/set2/250_10_1439_5_S_1-9.dat,101,20000,vns_vnd,moead,completed,completed,0.0,1.0,0.05563751824977586,0.9292558193361273,0.8557292035794877,0.007880617518954112,1425,371,5847.94396135,1705.4203976666668,116958879227/20000000,5116261193/3000000,6,8,44.258849861999806,75.67147217399997,7421,0,0.37105,0.0
C,data/input/set2/250_10_1439_5_S_1-9.dat,101,20000,spea2,moead,completed,completed,1.0,0.0,0.9410480045341113,0.9292558193361273,0.0033622972946091233,0.007880617518954112,361,371,1572.98806595,1705.4203976666668,31459761319/20000000,5116261193/3000000,15,8,87.06978822000019,75.67147217399997,0,0,0.0,0.0
C,data/input/set2/250_10_1439_5_S_1-9.dat,211,20000,vns_vnd,spea2,completed,completed,0.0,1.0,0.04770167045402503,0.9445869826046701,0.8630044026150941,0.0008269847634322352,1436,359,5876.876657083333,1504.8889179333332,14104503977/2400000,22573333769/15000000,4,26,40.576600008999776,87.26491578700006,9256,0,0.4628,0.0
C,data/input/set2/250_10_1439_5_S_1-9.dat,211,20000,vns_vnd,moead,completed,completed,0.0,1.0,0.04770167045402503,0.9238101674733613,0.8630044026150941,0.01478795845545844,1436,372,5876.876657083333,1873.02665855,14104503977/2400000,37460533171/20000000,4,17,40.576600008999776,75.55037332300026,9256,0,0.4628,0.0
C,data/input/set2/250_10_1439_5_S_1-9.dat,211,20000,spea2,moead,completed,completed,1.0,0.0,0.9445869826046701,0.9238101674733613,0.0008269847634322352,0.01478795845545844,359,372,1504.8889179333332,1873.02665855,22573333769/15000000,37460533171/20000000,26,17,87.26491578700006,75.55037332300026,0,0,0.0,0.0
C,data/input/set2/250_10_1439_5_S_1-9.dat,307,20000,vns_vnd,spea2,completed,completed,0.0,1.0,0.0473970094126382,0.9361497047024822,0.8618363587211543,0.005068993667035136,1437,365,5646.680370233334,1632.6422427666666,169400411107/30000000,48979267283/30000000,2,17,40.81413282700032,86.54211452500022,9010,0,0.4505,0.0
C,data/input/set2/250_10_1439_5_S_1-9.dat,307,20000,vns_vnd,moead,completed,completed,0.0,1.0,0.0473970094126382,0.9289886119417667,0.8618363587211543,0.007221691281248637,1437,372,5646.680370233334,1685.4789992166666,169400411107/30000000,101128739953/60000000,2,5,40.81413282700032,74.31827700900021,9010,0,0.4505,0.0
C,data/input/set2/250_10_1439_5_S_1-9.dat,307,20000,spea2,moead,completed,completed,1.0,0.0,0.9361497047024822,0.9289886119417667,0.005068993667035136,0.007221691281248637,365,372,1632.6422427666666,1685.4789992166666,48979267283/30000000,101128739953/60000000,17,5,86.54211452500022,74.31827700900021,0,0,0.0,0.0
C,data/input/set2/250_10_1439_5_S_1-9.dat,401,20000,vns_vnd,spea2,completed,completed,0.0,1.0,0.04765520320332136,0.9476661338736779,0.8613300976484375,0.004908116445632721,1437,350,5527.787165283334,1659.4013306,331667229917/60000000,8297006653/5000000,2,18,41.19895660700013,85.98413895099975,9107,0,0.45535,0.0
C,data/input/set2/250_10_1439_5_S_1-9.dat,401,20000,vns_vnd,moead,completed,completed,0.0,1.0,0.04765520320332136,0.9488075630077751,0.8613300976484375,0.0011635371186907413,1437,352,5527.787165283334,1560.89200055,331667229917/60000000,31217840011/20000000,2,20,41.19895660700013,74.82858806600007,9107,0,0.45535,0.0
C,data/input/set2/250_10_1439_5_S_1-9.dat,401,20000,spea2,moead,completed,completed,0.0,0.8888888888888888,0.9476661338736779,0.9488075630077751,0.004908116445632721,0.0011635371186907413,350,352,1659.4013306,1560.89200055,8297006653/5000000,31217840011/20000000,18,20,85.98413895099975,74.82858806600007,0,0,0.0,0.0
C,data/input/set2/250_10_1439_5_S_1-9.dat,503,20000,vns_vnd,spea2,completed,completed,0.0,1.0,0.04694014659048967,0.9359699003277805,0.8641511270576371,0.005440751017940171,1436,368,6431.209621733334,1545.7364086,48234072163/7500000,7728682043/5000000,4,27,41.043543810999836,85.85829580999962,8597,0,0.42985,0.0
C,data/input/set2/250_10_1439_5_S_1-9.dat,503,20000,vns_vnd,moead,completed,completed,0.0,1.0,0.04694014659048967,0.9296028474384198,0.8641511270576371,0.01163738147497697,1436,371,6431.209621733334,1687.35189325,48234072163/7500000,6749407573/4000000,4,19,41.043543810999836,75.17996520099996,8597,0,0.42985,0.0
C,data/input/set2/250_10_1439_5_S_1-9.dat,503,20000,spea2,moead,completed,completed,1.0,0.0,0.9359699003277805,0.9296028474384198,0.005440751017940171,0.01163738147497697,368,371,1545.7364086,1687.35189325,7728682043/5000000,6749407573/4000000,27,19,85.85829580999962,75.17996520099996,0,0,0.0,0.0
